date,open,high,low,close,volume,amount,outstanding_share,turnover,log_return,simple_return
2021-01-04,33.73,34.16,32.79,33.69,154952285.0,6608868849.0,20628944429.0,0.007511401542299438,,
2021-01-05,33.37,33.4,32.34,32.91,138717699.0,5809639049.0,20628944429.0,0.006724420606077731,-0.02342449446321293,-0.02315227070347292
2021-01-06,32.85,34.49,32.77,34.45,120064563.0,5188622737.0,20628944429.0,0.005820199061238161,0.04573243450441922,0.046794287450623084
2021-01-07,34.56,35.87,34.54,35.82,107832187.0,4869741128.0,20628944429.0,0.005227227567127012,0.03899739917289802,0.039767779390420754
2021-01-08,36.12,36.69,35.75,36.36,129959481.0,6021482985.0,20628944429.0,0.006299860928284049,0.014962872676712369,0.015075376884422065
2021-01-11,36.35,38.37,36.28,37.78,144523356.0,6992740146.0,20628944429.0,0.0070058531834925235,0.03831059276408544,0.03905390539053921
2021-01-12,37.89,39.06,37.11,38.78,104448591.0,5103986009.0,20628944429.0,0.005063205796083634,0.02612478774114191,0.026469031233456786
2021-01-13,38.48,39.0,38.14,38.55,64910979.0,3207741653.0,20628944429.0,0.0031465972107011294,-0.005948549805167236,-0.005930892212480776
2021-01-14,38.55,39.08,37.89,38.28,70377099.0,3467710708.0,20628944429.0,0.0034115705358663167,-0.007028533424584982,-0.007003891050583522
2021-01-15,39.41,42.05,39.39,39.91,177574522.0,9232542839.0,20628944429.0,0.008608027551345147,0.04169935247588885,0.042580982236154474
2021-01-18,40.19,41.42,39.95,40.52,123764160.0,6463924980.0,20628944429.0,0.005999539163332728,0.01516876031984049,0.015284389877223914
2021-01-19,40.81,41.54,40.18,40.46,90188002.0,4710719576.0,20628944429.0,0.0043719155049549915,-0.001481847640883327,-0.0014807502467917288
2021-01-20,40.66,41.45,39.79,40.36,79228118.0,4123860428.0,20628944429.0,0.0038406287957527176,-0.002474636254190976,-0.0024715768660406034
2021-01-21,41.33,41.75,40.69,41.08,73671459.0,3886756922.0,20628944429.0,0.0035712665402517284,0.017682189574948826,0.01783944499504453
2021-01-22,41.24,41.24,39.8,40.3,87000132.0,4492606303.0,20628944429.0,0.0042173816648464054,-0.01916991610772012,-0.01898734177215189
2021-01-25,39.88,40.94,39.09,40.66,86536206.0,4438842570.0,20628944429.0,0.004194892583953453,0.008893339247563414,0.008933002481389618
2021-01-26,40.58,41.44,39.8,40.11,60117533.0,3126374838.0,20628944429.0,0.0029142321463374184,-0.01361912841823898,-0.013526807673388985
2021-01-27,40.27,41.28,40.27,40.58,60923156.0,3187049336.0,20628944429.0,0.002953285186727961,0.011649654615707217,0.011717776115681922
2021-01-28,39.8,40.38,39.64,40.27,52386951.0,2684963891.0,20628944429.0,0.002539487717381935,-0.0076685595343057855,-0.007639231148348857
2021-01-29,40.72,40.94,39.65,39.88,62148914.0,3211002062.0,20628944429.0,0.00301270451398529,-0.009731829769725309,-0.009684628755897706
2021-02-01,39.8,41.19,39.39,40.89,79662587.0,4125446256.0,20628944429.0,0.0038616899315512716,0.02501058928291311,0.025325977933801314
2021-02-02,40.85,41.2,40.27,40.55,72030553.0,3752480883.0,20628944429.0,0.0034917226738339574,-0.008349753815128924,-0.008314991440450115
2021-02-03,40.63,42.14,40.18,41.4,76587606.0,4045314776.0,20628944429.0,0.0037126284509416668,0.020745100269846883,0.020961775585696785
2021-02-04,41.26,43.07,41.05,41.75,96910977.0,5229905917.0,20628944429.0,0.00469781560241945,0.00841857046559591,0.008454106280193274
2021-02-05,42.19,43.65,41.9,42.72,115157754.0,6315430525.0,20628944429.0,0.005582338659951606,0.022967743355074788,0.023233532934131773
2021-02-08,43.07,43.39,41.9,43.12,81637776.0,4479792762.0,20628944429.0,0.003957438359533039,0.00931973194880209,0.009363295880149725
2021-02-09,43.22,43.22,42.33,43.12,61900527.0,3393598043.0,20628944429.0,0.0030006638106495043,0.0,0.0
2021-02-10,43.93,44.01,42.1,42.57,75350767.0,4135201064.0,20628944429.0,0.0036526719658070586,-0.012837146760680707,-0.012755102040816313
2021-02-18,43.43,44.95,43.07,43.46,107091322.0,6013345250.0,20628944429.0,0.005191313708201759,0.020691194988222694,0.020906741836974385
2021-02-19,43.43,44.25,42.82,43.07,71018164.0,3948306737.0,20628944429.0,0.0034426465321300325,-0.009014275762264212,-0.008973768982972863
2021-02-22,43.13,43.5,41.64,42.29,80151145.0,4368565094.0,20628944429.0,0.0038853730628758774,-0.018276047581621935,-0.018110053401439563
2021-02-23,42.36,44.27,42.29,43.35,95299102.0,5306140313.0,20628944429.0,0.004619679030499947,0.024756051742153673,0.025065027193190037
2021-02-24,43.58,43.58,41.24,41.83,84432226.0,4578242270.0,20628944429.0,0.00409290093783499,-0.03569291777244388,-0.035063437139561726
2021-02-25,42.53,43.31,42.07,42.49,88618727.0,4843039320.0,20628944429.0,0.00429584399264853,0.01565496867261329,0.015778149653358886
2021-02-26,41.83,42.49,39.69,39.88,132728876.0,6911104094.0,20628944429.0,0.006434108950984949,-0.06339380903308278,-0.061426217933631455
2021-03-01,39.88,40.03,39.04,39.32,89418363.0,4510517394.0,20628944429.0,0.004334606809754958,-0.014141649814671808,-0.014042126379137487
2021-03-02,39.69,39.72,38.24,38.67,100778621.0,5025206694.0,20628944429.0,0.004885301879931687,-0.016669189659760164,-0.01653102746693791
2021-03-03,39.02,41.34,38.7,41.18,131593315.0,6834019524.0,20628944429.0,0.006379061975415824,0.0628885959804375,0.06490819756917499
2021-03-04,40.73,42.04,40.58,40.89,83303904.0,4396029829.0,20628944429.0,0.004038204876973349,-0.007067167223092419,-0.007042253521126751
2021-03-05,40.5,40.88,39.1,40.11,73519585.0,3762062419.0,20628944429.0,0.0035639043603533475,-0.019259854594589232,-0.019075568598679427
2021-03-08,40.26,40.56,38.78,38.96,69813759.0,3534603526.0,20628944429.0,0.003384262303884846,-0.029090201007627048,-0.02867115432560452
2021-03-09,39.03,39.78,37.6,37.85,98322245.0,4876616396.0,20628944429.0,0.004766227634109063,-0.028904498890876873,-0.028490759753593387
2021-03-10,38.24,39.02,37.89,38.43,67590993.0,3327792628.0,20628944429.0,0.003276512437785287,0.015207424693294946,0.015323645970937827
2021-03-11,39.02,40.77,39.02,40.55,90421033.0,4672612626.0,20628944429.0,0.004383211817318528,0.05369737598466928,0.05516523549310426
2021-03-12,40.85,41.66,40.68,41.61,85580753.0,4537887852.0,20628944429.0,0.004148576447745493,0.025804742433428007,0.026140567200986453
2021-03-15,41.34,42.75,41.08,41.44,93931916.0,5037471575.0,20628944429.0,0.004553403899229632,-0.004093925043622271,-0.0040855563566450925
2021-03-16,42.06,43.11,41.75,42.39,69716276.0,3799354094.0,20628944429.0,0.0033795367591370035,0.02266588741331832,0.02292471042471056
2021-03-17,42.1,42.39,41.59,41.67,53231461.0,2856041089.0,20628944429.0,0.002580425827565256,-0.01713103993018361,-0.01698513800424628
2021-03-18,41.59,42.37,41.28,42.33,48279311.0,2590798830.0,20628944429.0,0.0023403674951069887,0.01571460909846989,0.015838732901367836
2021-03-19,42.15,42.5,40.22,40.39,77628361.0,4073645280.0,20628944429.0,0.003763079650884642,-0.04691382495751073,-0.04583038034490905
2021-03-22,40.73,42.7,40.66,41.97,79169531.0,4252611119.0,20628944429.0,0.0038377887570778526,0.03837284777017791,0.03911859371131454
2021-03-23,42.05,42.49,41.22,41.73,59592261.0,3187582328.0,20628944429.0,0.0028887692826505313,-0.0057347827420382025,-0.005718370264474637
2021-03-24,42.11,42.14,40.28,40.73,57501314.0,3013081502.0,20628944429.0,0.0027874094187371567,-0.024255372943140063,-0.023963575365444578
2021-03-25,41.09,41.27,39.45,39.81,78453830.0,4014068059.0,20628944429.0,0.0038030947375916266,-0.02284678464809531,-0.022587773140191336
2021-03-26,40.15,40.44,39.59,40.27,70947525.0,3643743955.0,20628944429.0,0.003439222265791872,0.011488637851137184,0.01155488570710883
2021-03-29,40.34,40.42,39.45,39.75,77980362.0,3969007334.0,20628944429.0,0.003780143102735584,-0.012996933763022245,-0.012912838341197053
2021-03-30,39.88,40.23,39.35,40.23,56940202.0,2902290112.0,20628944429.0,0.0027602091903429597,0.01200314486135623,0.012075471698113072
2021-03-31,40.19,40.19,39.13,39.88,52164954.0,2652348781.0,20628944429.0,0.002528726284543524,-0.008738040868059294,-0.008699975142927974
2021-04-01,39.87,40.02,39.56,39.84,33719469.0,1718217148.0,20628944429.0,0.0016345707419036647,-0.0010035123772400567,-0.0010030090270811698
2021-04-02,39.94,39.99,39.52,39.76,41153422.0,2093013199.0,20628944429.0,0.0019949359087005373,-0.0020100509280243095,-0.002008032128514192
2021-04-06,39.88,40.44,39.64,39.79,44400201.0,2275875718.0,20628944429.0,0.0021523253966200307,0.0007542426504638655,0.0007545271629778583
2021-04-07,39.91,39.91,39.03,39.35,50061023.0,2520490066.0,20628944429.0,0.002426737013728372,-0.011119649575424884,-0.011058054787634997
2021-04-08,39.17,39.51,39.06,39.41,29501067.0,1486758655.0,20628944429.0,0.0014300812676836553,0.0015236163434999561,0.001524777636594532
2021-04-09,39.58,39.58,38.91,39.21,31506834.0,1578603909.0,20628944429.0,0.0015273119818825026,-0.005087774902671871,-0.005074854097944614
2021-04-12,39.24,39.52,38.77,39.38,41474239.0,2082171992.0,20628944429.0,0.002010487698134271,0.0043262569067392675,0.004335628666156666
2021-04-13,39.41,39.95,38.97,39.27,49039895.0,2476556210.0,20628944429.0,0.002377237243950307,-0.0027972046210611445,-0.0027932960893854997
2021-04-14,39.47,39.49,38.46,38.78,55438353.0,2758186625.0,20628944429.0,0.0026874061923432796,-0.012556218775412908,-0.012477718360071388
2021-04-15,38.8,39.0,37.67,38.58,57296514.0,2810517787.0,20628944429.0,0.002777481620409672,-0.0051706423369224375,-0.005157297576070197
2021-04-16,38.8,38.9,38.31,38.81,31558344.0,1563464005.0,20628944429.0,0.0015298089588934828,0.005943937903231777,0.00596163815448425
2021-04-19,38.94,40.41,38.63,40.4,67932061.0,3476651827.0,20628944429.0,0.0032930459061444595,0.04015183958628965,0.04096882246843592
2021-04-20,39.81,40.73,39.81,40.57,35574407.0,1842179460.0,20628944429.0,0.0017244899331829017,0.004199092251251368,0.004207920792079323
2021-04-21,40.62,41.51,40.6,41.27,52446360.0,2758929437.0,20628944429.0,0.0025423676029817277,0.01710696654613475,0.017254128666502444
2021-04-22,41.27,41.59,40.71,41.05,42927078.0,2255144620.0,20628944429.0,0.0020809149080673983,-0.0053450078660537415,-0.005330748727889634
2021-04-23,41.12,41.75,40.82,41.59,47104918.0,2495321515.0,20628944429.0,0.0022834381159018632,0.013068917856383422,0.013154689403167108
2021-04-26,42.14,42.53,40.34,40.63,91625741.0,4814829661.0,20628944429.0,0.0044416107336637785,-0.023353043755184988,-0.023082471748016364
2021-04-27,40.54,40.91,40.25,40.63,36329922.0,1890139553.0,20628944429.0,0.0017611139593224992,0.0,0.0
2021-04-28,40.73,40.87,40.17,40.39,38985543.0,2019590447.0,20628944429.0,0.0018898467216380904,-0.005924480424313927,-0.00590696529657897
2021-04-29,40.58,41.63,40.02,41.58,55274544.0,2913105773.0,20628944429.0,0.002679465456424203,0.029037052854545387,0.029462738301559765
2021-04-30,41.2,41.5,40.43,41.12,45068841.0,2370742204.0,20628944429.0,0.0021847381069407795,-0.011124661282957415,-0.011063011063011108
2021-05-06,41.12,42.43,40.95,41.88,63835290.0,3432136281.0,20628944429.0,0.003094452564924305,0.018313764855426573,0.018482490272373697
2021-05-07,42.04,43.07,41.6,42.28,72368376.0,3943891332.0,20628944429.0,0.0035080988389432632,0.009505774999700733,0.009551098376313183
2021-05-10,42.29,42.33,41.37,42.06,49224048.0,2630309849.0,20628944429.0,0.0023861641670235557,-0.005216990727483051,-0.005203405865657484
2021-05-11,41.71,42.26,41.58,42.01,32853312.0,1767435334.0,20628944429.0,0.001592583280888337,-0.0011894850932629986,-0.001188777936281582
2021-05-12,42.02,42.65,41.41,41.9,31749677.0,1708649722.0,20628944429.0,0.0015390839366151263,-0.0026218582531987167,-0.0026184241847179157
2021-05-13,41.74,42.49,41.23,41.51,39120553.0,2085332075.0,20628944429.0,0.0018963914093929426,-0.009351464863144532,-0.009307875894988049
2021-05-14,41.74,42.92,41.2,42.9,57881421.0,3127193937.0,20628944429.0,0.0028058353251769284,0.03293746386902363,0.03348590701035903
2021-05-17,42.92,44.08,42.65,43.43,52668425.0,2933378115.0,20628944429.0,0.0025531323321594276,0.012278620612759639,0.012354312354312391
2021-05-18,43.68,44.0,43.46,43.66,29335118.0,1642178930.0,20628944429.0,0.0014220367940281488,0.0052819045750669424,0.005295878425051637
2021-05-19,43.7,43.76,42.54,42.76,35729344.0,1966656369.0,20628944429.0,0.0017320005937759948,-0.020829264964953076,-0.02061383417315621
2021-05-20,43.0,43.32,42.39,43.29,34210477.0,1881019546.0,20628944429.0,0.0016583726383938091,0.01231857529704472,0.012394761459307846
2021-05-21,43.6,43.62,41.98,42.22,51486455.0,2800730344.0,20628944429.0,0.002495835653501532,-0.025027619033714643,-0.02471702471702475
2021-05-24,42.29,42.68,41.96,42.2,44539914.0,2409885276.0,20628944429.0,0.0021590980650171396,-0.00047382137820850545,-0.000473709142586376
2021-05-25,42.29,44.96,42.08,44.91,96850204.0,5452025418.0,20628944429.0,0.004694869596131578,0.062240266057680405,0.06421800947867284
2021-05-26,44.99,45.7,44.96,45.65,61306169.0,3565788679.0,20628944429.0,0.0029718519631967352,0.016343119941331086,0.016477399242930346
2021-05-27,45.26,45.87,44.33,45.22,51903739.0,2995138182.0,20628944429.0,0.002516063736496093,-0.009464140191153714,-0.009419496166484076
2021-05-28,45.26,45.92,44.96,45.65,41014056.0,2386900498.0,20628944429.0,0.001988180061328915,0.009464140191153714,0.0095090667846085
2021-05-31,45.42,45.54,44.48,45.41,36165671.0,2089054162.0,20628944429.0,0.0017531517971980475,-0.005271261931118154,-0.005257393209200489
2021-06-01,45.03,45.07,44.4,44.76,47426844.0,2713828451.0,20628944429.0,0.002299043664751345,-0.014417461666135,-0.01431402774719226
2021-06-02,44.67,45.02,44.39,44.93,40582027.0,2323829263.0,20628944429.0,0.001967237205940122,0.0037908396383441456,0.0037980339588918888
2021-06-03,44.87,45.52,43.85,43.92,49067257.0,2798317525.0,20628944429.0,0.002378563632709275,-0.022735925880793317,-0.022479412419318945
2021-06-04,43.74,45.98,43.71,44.89,60832907.0,3504830228.0,20628944429.0,0.002948910314309713,0.02184525559256567,0.02208561020036437
2021-06-07,44.64,44.67,44.09,44.48,32489742.0,1847968869.0,20628944429.0,0.001574959015078163,-0.009175402851514303,-0.009133437291156232
2021-06-08,44.44,45.21,43.71,44.25,47616623.0,2700887195.0,20628944429.0,0.0023082433114251324,-0.005184278488388205,-0.005170863309352458
2021-06-09,44.25,44.76,43.92,44.07,39140950.0,2220254281.0,20628944429.0,0.001897380165752736,-0.004076092600042713,-0.004067796610169538
2021-06-10,44.08,44.84,43.9,43.97,48113526.0,2730021836.0,20628944429.0,0.0023323309714462365,-0.00227169566117702,-0.002269117313365099
2021-06-11,44.02,44.28,42.98,43.96,68208900.0,3798816012.0,20628944429.0,0.0033064658366189835,-0.00022745365729814893,-0.0002274277916760603
2021-06-15,43.57,43.57,42.23,42.76,52924052.0,2899483734.0,20628944429.0,0.0025655239986782747,-0.027677043378576016,-0.02729754322111011
2021-06-16,42.76,43.98,42.53,43.39,51877228.0,2879681826.0,20628944429.0,0.002514778600453808,0.014625913653414813,0.01473339569691312
2021-06-17,43.32,43.7,42.81,43.01,31901934.0,1765863526.0,20628944429.0,0.0015464646826597935,-0.008796353014614677,-0.00875777828992863
2021-06-18,42.72,43.46,42.19,42.68,42711681.0,2337303193.0,20628944429.0,0.002070473414042275,-0.007702220362092227,-0.007672634271099654
2021-06-21,42.37,42.75,41.45,41.9,57971550.0,3119639562.0,20628944429.0,0.0028102043805258436,-0.018444599505460513,-0.01827553889409561
2021-06-22,42.03,43.37,42.03,43.28,64359218.0,3544466664.0,20628944429.0,0.003119850277434668,0.03240480761013398,0.032935560859188584
2021-06-23,43.22,43.29,42.51,42.78,40871965.0,2243392897.0,20628944429.0,0.001981292118007867,-0.0116199308839664,-0.01155268022181144
2021-06-24,42.78,43.0,42.24,42.92,36360389.0,1988184927.0,20628944429.0,0.0017625908647504458,0.003267214108238381,0.0032725572697522853
2021-06-25,42.92,44.13,42.75,44.01,46955964.0,2631903465.0,20628944429.0,0.0022762174846905734,0.02507896306050217,0.025396085740913232
2021-06-28,43.85,43.93,42.16,42.68,69882474.0,3825857050.0,20628944429.0,0.003387593303211375,-0.030686454389447615,-0.030220404453533245
2021-06-29,42.29,42.8,41.9,41.98,53244931.0,2878196932.0,20628944429.0,0.0025810787935978304,-0.016537112041065782,-0.01640112464854737
2021-06-30,42.06,42.48,42.03,42.29,35730350.0,1935227659.0,20628944429.0,0.0017320493602072324,0.007357337091910665,0.007384468794664256
2021-07-01,42.3,43.7,41.98,43.7,65298735.0,3585284669.0,20628944429.0,0.003165393906835271,0.03279745061714712,0.03334121541735646
2021-07-02,42.92,43.07,41.12,41.4,92981851.0,4969147605.0,20628944429.0,0.004507348949434702,-0.054067221270275745,-0.052631578947368474
2021-07-05,41.31,41.43,40.19,41.31,56860927.0,2979267518.0,20628944429.0,0.00275636628891517,-0.002176279422595684,-0.0021739130434781373
2021-07-06,41.36,41.78,40.9,41.78,45250713.0,2401387630.0,20628944429.0,0.0021935544572211324,0.011313154719746699,0.01137739046235775
2021-07-07,41.59,42.07,41.37,41.69,36597833.0,1956147233.0,20628944429.0,0.0017741010998386843,-0.0021564642357141395,-0.0021541407371948873
2021-07-08,41.95,41.95,39.02,39.29,155418868.0,7890344986.0,20628944429.0,0.007534019422802528,-0.05929125832233728,-0.057567762053250204
2021-07-09,39.29,39.73,38.63,38.94,82701878.0,4141886765.0,20628944429.0,0.004009021318790233,-0.0089480336263148,-0.008908119114278468
2021-07-12,39.49,39.91,38.86,39.33,83956374.0,4227182160.0,20628944429.0,0.004069833737201542,0.009965586499664614,0.01001540832049308
2021-07-13,39.61,40.65,38.98,39.99,59445017.0,2969602398.0,20628944429.0,0.0028816315446772295,0.016641836415008715,0.016781083142639375
2021-07-14,39.85,39.92,38.35,39.17,88551424.0,4295785383.0,20628944429.0,0.0042925814408378135,-0.0207182751809869,-0.02050512628157042
2021-07-15,39.21,41.18,39.19,40.85,87727298.0,4426680806.0,20628944429.0,0.004252631456831775,0.041995673628271835,0.04288996681133517
2021-07-16,40.62,41.29,40.35,40.81,46210377.0,2357681005.0,20628944429.0,0.0022400747240870857,-0.0009796718882975064,-0.0009791921664626946
2021-07-19,40.81,40.97,39.54,40.68,46963076.0,2357941868.0,20628944429.0,0.0022765622429996805,-0.003190578237354913,-0.003185493751531543
2021-07-20,40.37,41.2,39.7,39.94,44688930.0,2245908475.0,20628944429.0,0.002166321701714251,-0.018358243192690082,-0.018190757128810242
2021-07-21,40.03,40.47,39.41,39.77,50631917.0,2512788212.0,20628944429.0,0.0024544114302243246,-0.00426546876806988,-0.004256384576865169
2021-07-22,39.76,40.89,39.52,40.21,59235589.0,2987211474.0,20628944429.0,0.002871479401375821,0.011002861689583199,0.011063615790797066
2021-07-23,40.28,40.53,39.61,40.05,42035280.0,2101810738.0,20628944429.0,0.002037684484762446,-0.003987047394814258,-0.003979109674210446
2021-07-26,39.71,39.73,38.05,38.17,74992971.0,3616845775.0,20628944429.0,0.0036353275979829343,-0.04807880675722975,-0.046941323345817576
2021-07-27,38.13,38.36,36.65,36.95,74949518.0,3512047045.0,20628944429.0,0.0036332211887020543,-0.03248421936292756,-0.031962274037201976
2021-07-28,37.06,38.68,37.06,37.99,84730981.0,4027574991.0,20628944429.0,0.004107383259071942,0.027757319805323366,0.02814614343707711
2021-07-29,38.57,38.65,38.01,38.37,64274521.0,3083677744.0,20628944429.0,0.0031157445414242042,0.00995293705932676,0.010002632271650214
2021-07-30,38.21,38.25,36.9,37.21,59195897.0,2760620844.0,20628944429.0,0.0028695553087429377,-0.030698361900329818,-0.030231952045869037
2021-08-02,37.45,38.59,36.18,38.18,83614684.0,3925085945.0,20628944429.0,0.004053270117032996,0.025734275939070184,0.026068261220102196
2021-08-03,38.09,38.49,37.57,38.08,51875828.0,2456399176.0,20628944429.0,0.002514710734644929,-0.002622608374437174,-0.002619172341540077
2021-08-04,38.08,38.37,37.45,37.61,51149988.0,2410938956.0,20628944429.0,0.0024795252212756833,-0.012419237440919328,-0.012342436974789872
2021-08-05,37.35,37.85,36.88,37.41,44230311.0,2070051630.0,20628944429.0,0.002144089880712529,-0.005331924122190301,-0.005317734645041261
2021-08-06,37.19,38.25,36.89,38.08,50755757.0,2392067817.0,20628944429.0,0.0024604146457754754,0.01775116156310963,0.017909649826249652
2021-08-09,38.08,40.01,38.08,39.26,73043020.0,3599567200.0,20628944429.0,0.003540802596632949,0.030516978925150706,0.030987394957983083
2021-08-10,39.28,40.44,38.86,40.18,66357548.0,3291349066.0,20628944429.0,0.003216720478761633,0.023163170538473388,0.023433520122261964
2021-08-11,40.18,41.43,40.01,40.73,56855459.0,2905233228.0,20628944429.0,0.0027561012244559186,0.013595562273532646,0.013688402190144222
2021-08-12,40.57,41.21,40.34,40.56,39718245.0,2021030379.0,20628944429.0,0.001925364874422,-0.0041825623773932286,-0.00417382764547003
2021-08-13,40.58,41.09,40.26,40.96,46740470.0,2379825404.0,20628944429.0,0.0022657712885344066,0.00981362144832465,0.009861932938856066
2021-08-16,40.97,41.0,39.61,40.71,74413969.0,3770118258.0,20628944429.0,0.0036072601415024154,-0.006122218216364939,-0.006103515625
2021-08-17,40.71,41.13,39.63,39.71,60323196.0,3044300923.0,20628944429.0,0.0029242017790885194,-0.024870717371727302,-0.02456398919184477
2021-08-18,40.0,42.87,39.95,42.52,123124236.0,6434458385.0,20628944429.0,0.005968518477703249,0.06837150833058692,0.07076303198186862
2021-08-19,42.25,42.49,41.1,41.28,67630059.0,3515991219.0,20628944429.0,0.0032784061847064856,-0.029596432300440068,-0.029162746942615336
2021-08-20,41.4,42.07,39.93,40.84,69376473.0,3537372069.0,20628944429.0,0.003363064612383711,-0.010716127876842396,-0.010658914728682078
2021-08-23,41.2,42.31,40.98,41.52,53901721.0,2806624180.0,20628944429.0,0.0026129170683219937,0.01651324556116851,0.016650342801175277
2021-08-24,41.63,42.29,40.82,41.77,52827690.0,2748379141.0,20628944429.0,0.0025608527950531134,0.006003139651450606,0.0060211946050097165
2021-08-25,42.08,42.18,40.98,41.16,40738077.0,2107816696.0,20628944429.0,0.001974801819851274,-0.014711467543234935,-0.014603782619104777
2021-08-26,41.56,41.56,39.6,39.69,76303507.0,3825334082.0,20628944429.0,0.003698856587772526,-0.036367644170875124,-0.0357142857142857
2021-08-27,39.77,40.67,39.61,40.29,38614176.0,1942863649.0,20628944429.0,0.0018718444917480367,0.015004032408282075,0.015117157974300799
2021-08-30,40.29,40.29,38.1,38.77,107968202.0,5224229635.0,20628944429.0,0.005233820972837524,-0.03845654752041794,-0.037726482998262534
2021-08-31,38.77,39.57,38.29,39.18,71044024.0,3451030103.0,20628944429.0,0.0034439001105711882,0.01051966083355671,0.010575187000257946
2021-09-01,39.12,40.77,38.89,40.64,82605536.0,4129767782.0,20628944429.0,0.0040043510846766266,0.03658639075383174,0.03726391015824393
2021-09-02,40.56,41.52,40.25,41.29,72620098.0,3729206237.0,20628944429.0,0.003520301208330915,0.015867536627772516,0.015994094488188892
2021-09-03,41.37,41.88,40.34,41.61,64257332.0,3321589086.0,20628944429.0,0.0031149112947179,0.007720183096850963,0.007750060547347948
2021-09-06,41.22,42.21,40.96,40.97,54742847.0,2830673161.0,20628944429.0,0.0026536911371501373,-0.015500431436070272,-0.015380918048546022
2021-09-07,41.04,42.48,40.37,42.26,77232009.0,4026086396.0,20628944429.0,0.003743866258683982,0.031000920629130846,0.03148645350256274
2021-09-08,42.19,42.85,41.82,41.94,55390668.0,2921088035.0,20628944429.0,0.0026850946344172733,-0.0076009867141366705,-0.007572172266919086
2021-09-09,41.69,42.16,41.36,41.69,35780025.0,1863278532.0,20628944429.0,0.0017344573845330029,-0.005978733581068152,-0.005960896518836467
2021-09-10,41.61,43.63,41.41,43.31,107097799.0,5766878119.0,20628944429.0,0.005191627684518981,0.03812226333382984,0.038858239385944016
2021-09-13,42.95,43.61,42.81,43.15,59283043.0,3202583507.0,20628944429.0,0.0028737797614433623,-0.0037011376970985665,-0.0036942969291157146
2021-09-14,43.45,43.92,41.45,41.69,63116569.0,3336827188.0,20628944429.0,0.0030596121491932105,-0.034421125636731276,-0.03383545770567786
2021-09-15,41.61,42.0,40.65,41.13,54233793.0,2799380278.0,20628944429.0,0.002629014450383539,-0.013523509650372745,-0.013432477812424959
2021-09-16,41.0,41.48,40.18,40.57,62989614.0,3193865170.0,20628944429.0,0.0030534579322173032,-0.013708905023976925,-0.013615365912958977
2021-09-17,40.64,41.24,40.41,41.01,42016472.0,2143690281.0,20628944429.0,0.002036772756095731,0.010787062185611873,0.01084545230465861
2021-09-22,38.96,40.0,38.49,39.54,112259622.0,5492053805.0,20628944429.0,0.005441850036795211,-0.03650312166149705,-0.03584491587417704
2021-09-23,39.61,40.44,38.9,39.08,86102453.0,4246316974.0,20628944429.0,0.004173866156668583,-0.011701990567889009,-0.01163378856853825
2021-09-24,38.77,39.48,38.73,39.03,53203933.0,2596408378.0,20628944429.0,0.002579091391860378,-0.0012802459820582257,-0.0012794268167860556
2021-09-27,38.64,39.85,38.58,39.28,66790515.0,3265832147.0,20628944429.0,0.003237708804242375,0.006384902293741668,0.006405329233922563
2021-09-28,39.29,40.8,39.28,40.35,70992547.0,3562616329.0,20628944429.0,0.0034414047332542745,0.026875911229692573,0.02724032586558045
2021-09-29,39.97,41.75,39.7,41.26,90460986.0,4619317490.0,20628944429.0,0.004385148562077209,0.0223021129271479,0.02255266418835178
2021-09-30,41.13,41.16,40.09,40.37,58611808.0,2960621631.0,20628944429.0,0.002841241256998298,-0.02180657277825615,-0.021570528356761987
2021-10-08,40.03,40.88,40.03,40.76,64555292.0,3266919267.0,20628944429.0,0.0031293550778705237,0.009614273489674474,0.009660639088431955
2021-10-11,41.16,43.36,41.16,42.41,97177865.0,5171368866.0,20628944429.0,0.004710753152419576,0.03968297513197516,0.04048086359175662
2021-10-12,42.17,43.04,41.85,42.48,58937329.0,3129716165.0,20628944429.0,0.0028570210755498662,0.0016491934471840608,0.0016505541145956926
2021-10-13,42.37,42.73,41.65,42.44,44255673.0,2335530448.0,20628944429.0,0.0021453193183159553,-0.00094206318790091,-0.0009416195856873921
2021-10-14,42.4,42.61,41.77,41.9,28899621.0,1518009834.0,20628944429.0,0.0014009258253356459,-0.012805486817690337,-0.012723845428840752
2021-10-15,41.97,42.76,41.89,42.66,42035759.0,2230147908.0,20628944429.0,0.0020377077045641984,0.01797588611511225,0.018138424821002364
2021-10-18,42.66,42.69,41.25,41.5,57794539.0,3008070372.0,20628944429.0,0.0028016236700290353,-0.027568285806551796,-0.02719174871073593
2021-10-19,41.81,42.67,41.61,42.32,48169257.0,2545615998.0,20628944429.0,0.0023350325638709876,0.019566360313391318,0.0197590361445783
2021-10-20,42.58,42.92,41.84,41.93,30570959.0,1612336024.0,20628944429.0,0.0014819449005361418,-0.00925822636737239,-0.009215500945179644
2021-10-21,42.29,43.21,42.09,43.01,57658698.0,3084324265.0,20628944429.0,0.0027950386990690554,0.02543108561297336,0.025757214404960704
2021-10-22,43.28,43.85,43.0,43.44,54715058.0,2967094160.0,20628944429.0,0.0026523440493194613,0.009948028830035316,0.009997674959311809
2021-10-25,43.08,43.96,42.49,43.68,62334126.0,3376970796.0,20628944429.0,0.0030216827726953976,0.005509655810969516,0.005524861878453136
2021-10-26,43.68,45.0,43.45,44.25,71542369.0,3961794950.0,20628944429.0,0.003468057672375438,0.012965040017288931,0.013049450549450503
2021-10-27,44.17,44.17,43.08,43.63,42039441.0,2287323386.0,20628944429.0,0.002037886191641551,-0.014110384318420266,-0.014011299435028213
2021-10-28,43.45,44.01,43.09,43.39,34623228.0,1883008799.0,20628944429.0,0.0016783809815943346,-0.00551598732525882,-0.005500802200320898
2021-10-29,43.39,43.81,42.97,43.19,40543943.0,2197661117.0,20628944429.0,0.001965391062036294,-0.0046200128376496785,-0.004609356994699332
2021-11-01,43.21,43.93,42.65,43.31,42501781.0,2300857413.0,20628944429.0,0.002060298390268159,0.0027745682539257466,0.002778420930771075
2021-11-02,43.49,43.6,41.35,41.81,75220649.0,3957181527.0,20628944429.0,0.0036463644205786618,-0.035248009858061646,-0.03463403371045948
2021-11-03,41.89,42.0,41.35,41.37,44437241.0,2312474223.0,20628944429.0,0.0021541209320206658,-0.01057956489515366,-0.010523798134417728
2021-11-04,41.61,41.69,41.04,41.41,48291475.0,2492815499.0,20628944429.0,0.0023409571520349943,0.0009664170841556796,0.0009668842156151936
2021-11-05,41.39,41.7,41.15,41.26,36197416.0,1871325317.0,20628944429.0,0.0017546906544143855,-0.003628889914370159,-0.003622313450857284
2021-11-08,41.07,41.53,40.65,41.05,38674906.0,1984383358.0,20628944429.0,0.0018747884135860648,-0.005102671744668719,-0.005089675230247281
2021-11-09,41.13,41.37,40.49,40.86,38788364.0,1979827705.0,20628944429.0,0.001880288355688798,-0.004639246508960859,-0.00462850182704011
2021-11-10,40.86,40.93,40.04,40.52,55807106.0,2812533072.0,20628944429.0,0.0027052817070730402,-0.008355910008993384,-0.008321096426823216
2021-11-11,40.45,42.31,40.38,42.27,84973170.0,4430680097.0,20628944429.0,0.004119123510776704,0.04228193519821577,0.04318854886475809
2021-11-12,42.27,42.56,41.81,41.93,34359656.0,1807134405.0,20628944429.0,0.0016656041766100974,-0.008076053396027127,-0.008043529690087592
2021-11-15,42.24,42.9,41.91,42.36,36695032.0,1941710247.0,20628944429.0,0.0017788128775224402,0.010202959550534185,0.010255187216789974
2021-11-16,42.33,42.72,41.74,42.01,32231509.0,1699581537.0,20628944429.0,0.0015624410212036449,-0.00829683555191485,-0.00826251180358828
2021-11-17,41.79,42.28,41.46,41.48,33938551.0,1768981458.0,20628944429.0,0.0016451908684328735,-0.012696301819964173,-0.012616043799095533
2021-11-18,41.45,41.61,40.81,41.14,34244267.0,1762554164.0,20628944429.0,0.0016600106281666885,-0.008230499136515412,-0.008196721311475308
2021-11-19,41.2,42.2,40.9,41.88,46466797.0,2419758611.0,20628944429.0,0.0022525048317391053,0.0178275017775249,0.01798736023334957
2021-11-22,41.69,41.88,41.28,41.36,37653834.0,1952025765.0,20628944429.0,0.0018252913584403548,-0.01249415580216251,-0.012416427889207382
2021-11-23,41.41,41.85,41.16,41.41,38914891.0,2014132978.0,20628944429.0,0.0018864218251174194,0.0012081673573023366,0.0012088974854931323
2021-11-24,41.28,41.53,40.95,41.4,31503965.0,1622099211.0,20628944429.0,0.0015271729054498779,-0.00024151672620709164,-0.0002414875633904856
2021-11-25,41.37,41.37,41.0,41.15,21566020.0,1107928517.0,20628944429.0,0.0010454252797192408,-0.006056953708189816,-0.006038647342995196
2021-11-26,40.97,41.17,39.92,40.09,82335731.0,4141774917.0,20628944429.0,0.003991272131416143,-0.026097000468663367,-0.02575941676792215
2021-11-29,39.84,40.09,39.07,39.87,82724704.0,4081227201.0,20628944429.0,0.0040101278223284315,-0.0055027652611521205,-0.005487652781242303
2021-11-30,39.6,39.89,39.14,39.6,61004256.0,3008854122.0,20628944429.0,0.002957216556085183,-0.006795043132828749,-0.006772009029345272
2021-12-01,39.6,40.17,39.44,40.0,50036103.0,2498326167.0,20628944429.0,0.002425529002330321,0.010050335853501569,0.010101010101010166
2021-12-02,40.02,40.81,39.6,40.72,55607048.0,2814606846.0,20628944429.0,0.002695583779935345,0.017839918128331078,0.018000000000000016
2021-12-03,40.87,41.04,40.39,41.01,49407647.0,2518566499.0,20628944429.0,0.002395064234626719,0.007096567161700484,0.007121807465618746
2021-12-06,41.2,41.93,41.08,41.47,60471643.0,3140183373.0,20628944429.0,0.0029313978331818795,0.011154334854321935,0.011216776396000938
2021-12-07,41.84,42.08,40.89,41.48,54077371.0,2797815012.0,20628944429.0,0.002621431803557456,0.00024110910303676292,0.0002411381721725281
2021-12-08,41.6,41.84,41.13,41.64,49097472.0,2543266829.0,20628944429.0,0.0023800283222916233,0.0038498603854417723,0.0038572806171650598
2021-12-09,41.81,43.08,41.45,42.52,84055721.0,4454333955.0,20628944429.0,0.00407464964042635,0.020913309726978913,0.0211335254562921
2021-12-10,42.33,42.8,42.16,42.8,56426281.0,2996780162.0,20628944429.0,0.0027352965729393504,0.006563549114003919,0.0065851364063969076
2021-12-13,42.86,43.37,41.94,41.95,64554566.0,3432179789.0,20628944429.0,0.003129319884601062,-0.020059669674535652,-0.019859813084112
2021-12-14,41.87,42.01,40.69,40.93,81062947.0,4165403558.0,20628944429.0,0.003929573191638559,-0.024615142408904056,-0.02431466030989282
2021-12-15,40.81,41.08,40.64,40.81,37849327.0,1929195599.0,20628944429.0,0.0018347679945655256,-0.0029361410865971216,-0.002931834839970615
2021-12-16,40.74,41.05,40.5,40.97,38365339.0,1957514899.0,20628944429.0,0.001859781974402254,0.003912942141065301,0.003920607694192446
2021-12-17,40.88,41.13,40.54,40.63,47644905.0,2422698276.0,20628944429.0,0.0023096142977156496,-0.008333381559144204,-0.008298755186721851
2021-12-20,40.57,41.05,40.32,40.56,47082627.0,2394420816.0,20628944429.0,0.0022823575467977716,-0.0017243507167075123,-0.0017228648781688616
2021-12-21,40.53,40.8,40.25,40.52,35694442.0,1808288477.0,20628944429.0,0.0017303086991606342,-0.0009866799024451645,-0.0009861932938856066
2021-12-22,40.52,40.61,39.92,40.02,43682819.0,2189842100.0,20628944429.0,0.0021175498896875717,-0.01241635022489529,-0.012339585389930852
2021-12-23,40.1,40.22,39.76,40.19,42370871.0,2115301002.0,20628944429.0,0.0020539524523821673,0.004238879305522136,0.004247876061968858
2021-12-24,40.19,40.19,39.88,39.9,34465068.0,1721265879.0,20628944429.0,0.0016707140842140858,-0.007241884565291734,-0.00721572530480219
2021-12-27,39.91,40.06,39.21,39.48,73594333.0,3634240465.0,20628944429.0,0.0035675278128405683,-0.010582109330536937,-0.010526315789473717
2021-12-28,39.48,39.85,39.37,39.72,65322073.0,3237655243.0,20628944429.0,0.0031665252298692884,0.00606062461169099,0.006079027355623046
2021-12-29,39.75,39.79,38.1,38.11,143890268.0,6964711566.0,20628944429.0,0.006975163876912686,-0.04137812429120302,-0.04053373615307154
2021-12-30,38.32,39.04,38.14,38.81,96791651.0,4682207989.0,20628944429.0,0.004692031205626357,0.018201230495046072,0.01836788244555243
2021-12-31,38.84,39.12,38.68,38.98,49293501.0,2399746929.0,20628944429.0,0.0023895309413264794,0.004370748698599769,0.004380314351970949
2022-01-04,38.98,38.98,38.02,38.69,71960645.0,3452352170.0,20628944429.0,0.003488333843143148,-0.007467525366993133,-0.007439712673165677
2022-01-05,38.8,39.76,38.73,39.25,83717375.0,4114524304.0,20628944429.0,0.004058248122589869,0.01437027551599579,0.014474024295683785
2022-01-06,39.07,39.52,38.49,38.53,68186664.0,3299825727.0,20628944429.0,0.003305387933671669,-0.018514285590351065,-0.018343949044585917
2022-01-07,38.52,39.32,38.44,39.25,66073705.0,3219523408.0,20628944429.0,0.0032029610253404015,0.018514285590351065,0.01868673760705941
2022-01-10,39.59,40.01,39.14,39.4,57093634.0,2818145071.0,20628944429.0,0.0027676468951915076,0.00381437207547064,0.003821656050955413
2022-01-11,39.6,40.09,39.12,39.89,71561748.0,3558651499.0,20628944429.0,0.003468997080597061,0.012359849613427176,0.012436548223350385
2022-01-12,39.91,40.09,39.36,39.82,51841118.0,2574764177.0,20628944429.0,0.0025130281473405,-0.0017563672812648257,-0.0017548257708699389
2022-01-13,39.89,40.05,39.31,39.48,40140754.0,1989903367.0,20628944429.0,0.0019458462423104141,-0.008575084070769456,-0.008538422903063836
2022-01-14,39.59,39.59,38.41,38.43,66657098.0,3218203400.0,20628944429.0,0.0032312413380829125,-0.026955809988528312,-0.02659574468085102
2022-01-17,38.71,39.09,38.32,38.88,53180761.0,2574842950.0,20628944429.0,0.00257796811577227,0.011641575015485905,0.011709601873536313
2022-01-18,38.93,39.48,38.64,39.22,57907708.0,2835126315.0,20628944429.0,0.0028071096026897925,0.008706841175961877,0.008744855967078191
2022-01-19,39.59,40.0,39.3,39.77,62028026.0,3078947655.0,20628944429.0,0.0030068443983397187,0.013926038451399059,0.014023457419684027
2022-01-20,39.92,41.52,39.92,41.11,138624871.0,7089347716.0,20628944429.0,0.0067199207151444115,0.033138541690187484,0.03369373899924555
2022-01-21,41.12,41.61,40.98,41.47,85808094.0,4439219181.0,20628944429.0,0.004159596934071512,0.008718873348502854,0.00875699343225489
2022-01-24,41.57,41.61,40.84,41.49,63815520.0,3288272324.0,20628944429.0,0.0030934942027517737,0.000482160086487049,0.0004822763443452782
2022-01-25,41.25,41.44,40.57,40.73,58351289.0,2987207430.0,20628944429.0,0.0028286124479529958,-0.018487512684455698,-0.018317666907688768
2022-01-26,41.01,41.2,40.49,40.81,43669628.0,2226767107.0,20628944429.0,0.002116910448341196,0.0019622277573931868,0.0019641541861037393
2022-01-27,40.73,40.96,40.11,40.63,52940057.0,2687973691.0,20628944429.0,0.002566299850300498,-0.004420439418078903,-0.004410683655966641
2022-01-28,40.85,40.97,39.33,39.38,71514411.0,3576839774.0,20628944429.0,0.0034667023921721185,-0.031248636788655748,-0.030765444253014973
2022-02-07,40.25,41.21,40.12,41.09,73234913.0,3741572656.0,20628944429.0,0.003550104720678144,0.042506709684338784,0.04342305738953778
2022-02-08,41.25,41.61,40.8,41.38,52824176.0,2724121499.0,20628944429.0,0.0025606824518728264,0.007032889422078803,0.007057678267218259
2022-02-09,41.53,41.88,41.04,41.31,51220706.0,2651984749.0,20628944429.0,0.0024829533171844874,-0.0016930709087241702,-0.0016916384726921585
2022-02-10,41.53,41.53,40.81,41.38,33554247.0,1725040529.0,20628944429.0,0.0016265615099931975,0.0016930709087241702,0.0016945049624788044
2022-02-11,41.47,42.41,41.33,42.22,80993265.0,4267478082.0,20628944429.0,0.003926195316428326,0.020096370102777428,0.020299661672305458
2022-02-14,42.4,42.4,40.81,40.97,59405166.0,3060509962.0,20628944429.0,0.0028796997444274805,-0.030053950861395062,-0.029606821411653272
2022-02-15,40.77,41.12,39.97,40.19,56617903.0,2851170329.0,20628944429.0,0.0027445855601029696,-0.019221883097670034,-0.019038320722479907
2022-02-16,40.46,41.1,40.2,40.87,40495579.0,2065162806.0,20628944429.0,0.0019630465891929813,0.016778089115076167,0.01691963174919131
2022-02-17,41.03,41.6,40.75,41.18,44157043.0,2281127847.0,20628944429.0,0.0021405381720804094,0.007556404023457475,0.007585025691215996
2022-02-18,41.01,41.7,41.01,41.66,35439010.0,1837821806.0,20628944429.0,0.0017179264853794522,0.011588734233182851,0.011656143759106286
2022-02-21,41.48,41.52,40.82,41.42,31345076.0,1610843080.0,20628944429.0,0.0015194706693734338,-0.00577757986538785,-0.005760921747479442
2022-02-22,40.88,41.09,40.6,40.99,36983993.0,1887326607.0,20628944429.0,0.0017928204289507032,-0.01043572145119187,-0.010381458232737839
2022-02-23,41.18,41.18,40.53,40.68,37499974.0,1905978106.0,20628944429.0,0.001817832906044521,-0.007591563335886953,-0.0075628202000488365
2022-02-24,40.45,40.48,39.89,40.03,48238083.0,2418202039.0,20628944429.0,0.0023383689439866492,-0.01610739817587703,-0.01597836774827921
2022-02-25,40.04,40.41,39.65,39.86,45184050.0,2256854494.0,20628944429.0,0.0021903229297801897,-0.0042558582198335415,-0.004246814888833383
2022-02-28,39.68,39.96,39.46,39.85,33528964.0,1662895005.0,20628944429.0,0.0016253359019604153,-0.00025090954842488244,-0.00025087807325629985
2022-03-01,40.01,40.41,39.5,40.2,40645436.0,2027737708.0,20628944429.0,0.001970310993850998,0.00874459038875175,0.008782936010037767
2022-03-02,39.85,40.2,39.56,39.59,39707598.0,1972076233.0,20628944429.0,0.001924848754945473,-0.015290434506936457,-0.015174129353233812
2022-03-03,39.68,39.99,39.57,39.8,31128967.0,1546031524.0,20628944429.0,0.0015089946607369379,0.005290351172352548,0.005304369790350982
2022-03-04,39.41,39.52,38.81,38.97,57789720.0,2818733866.0,20628944429.0,0.002801390066219757,-0.02107479293977388,-0.02085427135678386
2022-03-07,38.42,38.62,37.21,37.42,101435369.0,4773665662.0,20628944429.0,0.004917138118681584,-0.04058679850467417,-0.03977418527072096
2022-03-08,37.26,37.43,36.17,36.39,83466464.0,3842685602.0,20628944429.0,0.00404608506689579,-0.027911309221875236,-0.02752538749331912
2022-03-09,36.49,36.59,34.42,35.52,90043112.0,4012104662.0,20628944429.0,0.004364891878491763,-0.02419809350009894,-0.023907666941467398
2022-03-10,36.49,36.57,35.71,35.77,67149583.0,3031093298.0,20628944429.0,0.0032551148330014243,0.007013635146956965,0.00703828828828823
2022-03-11,35.61,35.84,34.49,35.57,74052488.0,3252533334.0,20628944429.0,0.0035897371411742047,-0.005606967310562538,-0.0055912776069332315
2022-03-14,34.81,35.19,33.69,33.73,108046557.0,4627178709.0,20628944429.0,0.005237619276733764,-0.05311493688680535,-0.05172898509980328
2022-03-15,33.3,33.3,31.35,31.57,131309249.0,5293255402.0,20628944429.0,0.00636529171194075,-0.06618034650365834,-0.06403794841387478
2022-03-16,32.06,34.25,31.94,34.07,137744932.0,5685452904.0,20628944429.0,0.0066772651637162445,0.07620992910297497,0.0791891035793475
2022-03-17,35.33,36.15,34.95,35.62,131964759.0,5873750265.0,20628944429.0,0.006397067937925366,0.044490046188640164,0.045494570002935
2022-03-18,35.69,36.95,35.23,36.95,92358531.0,4173209905.0,20628944429.0,0.004477133152298532,0.036658369532695634,0.03733857383492434
2022-03-21,36.72,36.72,35.69,35.86,79103220.0,3566893332.0,20628944429.0,0.003834574293040285,-0.029943179217224447,-0.0294993234100136
2022-03-22,36.04,36.7,35.87,36.43,54903830.0,2497185117.0,20628944429.0,0.0026614948810864333,0.015770142843485768,0.015895147796988196
2022-03-23,36.56,36.79,36.25,36.62,46995984.0,2148515086.0,20628944429.0,0.002278157477312966,0.005201928225892161,0.005215481745813877
2022-03-24,36.49,36.88,36.3,36.63,38033234.0,1742027092.0,20628944429.0,0.0018436829926466423,0.00027303754435870076,0.0002730748225014956
2022-03-25,36.58,36.77,36.01,36.15,31825936.0,1445681951.0,20628944429.0,0.001542780635700359,-0.013190628185949738,-0.013104013104013212
2022-03-28,35.88,36.41,35.41,36.05,38645874.0,1736237601.0,20628944429.0,0.0018733810706122195,-0.0027700848738154704,-0.0027662517289073207
2022-03-29,36.13,36.45,35.94,36.02,34962089.0,1580213154.0,20628944429.0,0.0016948074643533667,-0.0008325239831479259,-0.0008321775312064572
2022-03-30,36.3,37.05,36.29,36.99,52072269.0,2389901320.0,20628944429.0,0.0025242333256178264,0.02657326609655275,0.02692948362021097
2022-03-31,36.8,37.71,36.67,37.45,61588490.0,2878948597.0,20628944429.0,0.002985537636788599,0.012359104118865538,0.012435793457691302
2022-04-01,37.2,37.99,37.03,37.69,47613944.0,2233625273.0,20628944429.0,0.0023081134453522842,0.006388097315815688,0.0064085447263015904
2022-04-06,37.13,38.2,37.11,37.92,47826855.0,2260412706.0,20628944429.0,0.002318434429091069,0.006083870107777223,0.0061024144335368735
2022-04-07,37.89,38.08,37.27,37.5,37720107.0,1776370371.0,20628944429.0,0.0018285039804059671,-0.011137744410456119,-0.011075949367088667
2022-04-08,37.37,37.75,37.29,37.75,36423474.0,1711753064.0,20628944429.0,0.0017656489465741243,0.006644542718668323,0.006666666666666599
2022-04-11,37.38,37.51,36.48,36.73,49261173.0,2263984281.0,20628944429.0,0.002387963822848301,-0.02739161586345773,-0.027019867549669008
2022-04-12,36.97,37.18,36.1,36.57,58884049.0,2691571030.0,20628944429.0,0.0028544382967662313,-0.004365627670285921,-0.004356112169888293
2022-04-13,36.57,36.89,36.26,36.61,44822252.0,2054724468.0,20628944429.0,0.0021727845626938256,0.001093194970855027,0.0010937927262784086
2022-04-14,36.82,37.15,36.61,36.62,32661329.0,1503135689.0,20628944429.0,0.001583276794041142,0.00027311211421965353,0.0002731494127286016
2022-04-15,36.57,37.61,36.4,37.47,42315903.0,1962144157.0,20628944429.0,0.0020512878468232553,0.022946073559231284,0.023211359912616025
2022-04-18,36.78,36.78,34.23,34.72,236677506.0,10320718085.0,20628944429.0,0.011473078848730656,-0.0762247230134463,-0.07339204697091006
2022-04-19,33.61,34.21,33.13,33.69,250477022.0,10505571111.0,20628944429.0,0.012142018359789727,-0.03011483237368795,-0.029665898617511566
2022-04-20,33.45,33.59,32.73,32.89,131826851.0,5440590528.0,20628944429.0,0.006390382767946134,-0.024032397217495838,-0.02374591867022846
2022-04-21,32.57,33.69,32.49,33.03,114350098.0,4747988004.0,20628944429.0,0.005543187068711455,0.0042475792017326874,0.004256612952265204
2022-04-22,32.54,34.39,32.53,34.01,119533984.0,5041291328.0,20628944429.0,0.005794478937660044,0.029238359616405418,0.02966999697244921
2022-04-25,32.31,32.77,30.99,31.07,236874515.0,9367538010.0,20628944429.0,0.011482628973831727,-0.09041187561414787,-0.08644516318729778
2022-04-26,31.1,31.34,30.09,30.74,145471877.0,5605383081.0,20628944429.0,0.007051833286995375,-0.010677985294506254,-0.010621177985194796
2022-04-27,30.27,30.91,30.1,30.44,154620795.0,5867256791.0,20628944429.0,0.007495332373024155,-0.009807205116964646,-0.009759271307742234
2022-04-28,30.46,32.07,30.37,31.71,156452310.0,6124749761.0,20628944429.0,0.007584116120845264,0.040874555556770886,0.041721419185282604
2022-04-29,31.29,32.18,30.99,31.95,123692861.0,4884561443.0,20628944429.0,0.005996082903113239,0.0075400922732877795,0.007568590350047311
2022-05-05,31.74,32.15,31.23,31.42,94425132.0,3712525676.0,20628944429.0,0.0045773128297954945,-0.01672754799606846,-0.016588419405320742
2022-05-06,30.97,31.01,30.33,30.34,88945545.0,3392746139.0,20628944429.0,0.004311686684024467,-0.03497765890708893,-0.03437301082113309
2022-05-09,30.25,30.26,28.93,29.18,125240592.0,4603133911.0,20628944429.0,0.006071110057572205,-0.03898343082574662,-0.03823335530652605
2022-05-10,28.79,29.74,28.22,29.59,121763735.0,4424738771.0,20628944429.0,0.005902567405670333,0.01395292331747866,0.014050719671007572
2022-05-11,29.47,30.06,29.29,29.78,87239856.0,3245600405.0,20628944429.0,0.004229002424251962,0.006400560843744518,0.006421088205474934
2022-05-12,29.45,29.66,29.15,29.3,63002311.0,2309969909.0,20628944429.0,0.003054073426628261,-0.01624951123284113,-0.016118200134318306
2022-05-13,29.59,30.09,29.53,29.73,70130077.0,2610117535.0,20628944429.0,0.003399596001694188,0.014569120986984707,0.014675767918088667
2022-05-16,29.71,29.71,29.16,29.52,64474236.0,2373534396.0,20628944429.0,0.003125425841438724,-0.007088637277734566,-0.007063572149344166
2022-05-17,29.9,30.91,29.9,30.89,118395443.0,4517008501.0,20628944429.0,0.005739287504869161,0.045364507198218273,0.04640921409214105
2022-05-18,31.21,31.27,30.33,30.81,88775539.0,3406772014.0,20628944429.0,0.004303445544949943,-0.0025931943219137388,-0.002589834898025334
2022-05-19,30.32,30.61,30.02,30.43,54201095.0,2054604084.0,20628944429.0,0.002627429395941585,-0.012410348699696705,-0.012333657903278117
2022-05-20,31.01,32.15,31.01,31.98,133887244.0,5296502627.0,20628944429.0,0.006490261509056295,0.049681743496928554,0.05093657574761745
2022-05-23,31.99,32.05,31.57,31.6,61808829.0,2449773575.0,20628944429.0,0.002996218697119066,-0.011953586812941897,-0.011882426516572786
2022-05-24,31.69,31.87,31.08,31.13,68742972.0,2695176600.0,20628944429.0,0.003332355285390255,-0.01498513613934982,-0.014873417721519067
2022-05-25,31.19,31.29,30.92,31.03,48902540.0,1897867054.0,20628944429.0,0.002370578880965582,-0.003217505993227565,-0.0032123353678122912
2022-05-26,31.21,31.21,30.47,30.75,61542963.0,2361966487.0,20628944429.0,0.0029833306891594224,-0.009064484207762291,-0.009023525620367456
2022-05-27,31.13,31.54,30.99,31.31,60839589.0,2382330330.0,20628944429.0,0.0029492342281203787,0.018047541085787433,0.018211382113821006
2022-05-30,31.61,31.61,31.04,31.27,47153667.0,1841958552.0,20628944429.0,0.002285801251842618,-0.0012783638685642806,-0.0012775471095496371
2022-05-31,31.25,31.81,31.05,31.76,64540394.0,2550654577.0,20628944429.0,0.0031286328887128925,0.015548464909185267,0.015669971218420287
2022-06-01,31.77,31.77,31.43,31.76,43383408.0,1714345935.0,20628944429.0,0.0021030357684716024,0.0,0.0
2022-06-02,31.45,31.55,31.0,31.15,54728121.0,2129924528.0,20628944429.0,0.0026529772857918827,-0.019393391145472894,-0.01920654911838804
2022-06-06,31.09,31.23,30.49,31.19,69870287.0,2692557419.0,20628944429.0,0.003387002531345081,0.0012832853862496663,0.001284109149277679
2022-06-07,31.18,31.61,30.94,31.49,62272629.0,2441620703.0,20628944429.0,0.0030187016700892193,0.009572504493221334,0.009618467457518376
2022-06-08,31.5,31.69,31.23,31.63,59693086.0,2345955707.0,20628944429.0,0.0028936568327792844,0.004436002204624145,0.004445855827246659
2022-06-09,31.61,32.49,31.54,32.24,90860722.0,3656593721.0,20628944429.0,0.004404525995633046,0.019101880320870013,0.01928548846032263
2022-06-10,31.94,32.14,31.61,32.11,79539375.0,3166842600.0,20628944429.0,0.003855717158662961,-0.004040409537005019,-0.0040322580645162365
2022-06-13,31.66,31.66,30.68,30.86,97131216.0,3770847475.0,20628944429.0,0.00470849181519214,-0.03970666116640764,-0.03892868265337901
2022-06-14,30.57,31.45,30.5,31.4,59836244.0,2314895047.0,20628944429.0,0.002900596499541814,0.0173470459791929,0.017498379779649964
2022-06-15,31.36,32.89,31.36,32.39,139489478.0,5639026274.0,20628944429.0,0.006761833039014194,0.031041840269030452,0.031528662420382325
2022-06-16,32.71,32.79,31.98,31.98,63688339.0,2567652086.0,20628944429.0,0.0030873290302952903,-0.012739025777429802,-0.012658227848101222
2022-06-17,31.88,32.15,31.43,31.89,55073077.0,2188790580.0,20628944429.0,0.0026696992271974286,-0.002818226383841882,-0.0028142589118198558
2022-06-20,31.92,32.09,31.53,31.77,61420616.0,2440349614.0,20628944429.0,0.0029773998476458835,-0.0037700327405416623,-0.0037629350893697566
2022-06-21,31.8,32.53,31.57,32.27,58391388.0,2351462261.0,20628944429.0,0.0028305562701460315,0.015615557782445944,0.01573811772112066
2022-06-22,32.33,32.39,31.45,31.46,73071187.0,2896990424.0,20628944429.0,0.0035421680082320223,-0.025421108433739015,-0.025100712736287667
2022-06-23,31.47,32.18,31.47,32.12,61602983.0,2459925121.0,20628944429.0,0.002986240193337233,0.020761991448429384,0.020979020979020824
2022-06-24,32.23,32.48,31.74,32.17,63995033.0,2559336619.0,20628944429.0,0.0031021961991441653,0.0015554521723739612,0.0015566625155667424
2022-06-27,32.27,33.1,32.13,33.01,89340811.0,3664489439.0,20628944429.0,0.004330847431747668,0.02577620461416652,0.026111283804787
2022-06-28,32.89,33.15,32.73,33.03,49916367.0,2054696486.0,20628944429.0,0.002419724730550342,0.0006056935375968742,0.0006058770069676811
2022-06-29,33.03,33.38,32.8,32.82,62280411.0,2571017815.0,20628944429.0,0.0030190789070354326,-0.006378153740753678,-0.006357856494096259
2022-06-30,32.84,34.17,32.78,33.77,83262823.0,3502837233.0,20628944429.0,0.004036213451762942,0.028534748735531856,0.028945764777574823
2022-07-01,33.91,33.91,32.98,33.11,69574815.0,2888674475.0,20628944429.0,0.003372679355429951,-0.019737482838321885,-0.019543973941368198
2022-07-04,33.03,33.11,32.65,32.85,48691785.0,2000021774.0,20628944429.0,0.002360362410572472,-0.007883606628535045,-0.007852612503775225
2022-07-05,33.18,33.35,32.62,32.79,53453841.0,2198036073.0,20628944429.0,0.002591205826549953,-0.0018281540740630042,-0.0018264840182649067
2022-07-06,32.78,32.88,31.69,31.85,88526638.0,3542584702.0,20628944429.0,0.004291379925167183,-0.02908620883838431,-0.028667276608722148
2022-07-07,31.85,32.15,31.65,31.81,50812921.0,2024650566.0,20628944429.0,0.0024631857037031722,-0.001256676257119782,-0.0012558869701727593
2022-07-08,32.17,32.19,31.71,31.86,48036145.0,1912947040.0,20628944429.0,0.0023285798827627447,0.0015705987208498584,0.0015718327569946844
2022-07-11,31.67,31.76,31.37,31.56,40375487.0,1589869330.0,20628944429.0,0.0019572250601073158,-0.009460808504229146,-0.00941619585687381
2022-07-12,31.5,31.85,31.23,31.45,58062988.0,2285703404.0,20628944429.0,0.002814636890406061,-0.00349151283122362,-0.0034854245880862056
2022-07-13,31.27,31.41,30.16,30.33,141083081.0,5383917613.0,20628944429.0,0.006839083865176667,-0.03626166144595988,-0.03561208267090621
2022-07-14,29.74,29.76,28.41,29.19,232523374.0,8431357290.0,20628944429.0,0.011271704899893984,-0.038311136834466186,-0.03758654797230454
2022-07-15,29.31,30.03,29.11,29.12,138245173.0,4872775479.0,20628944429.0,0.006701514635215948,-0.0024009615375382154,-0.0023980815347721673
2022-07-18,29.35,29.93,29.24,29.75,90308021.0,3202227202.0,20628944429.0,0.00437773349532348,0.021403908663153448,0.02163461538461542
2022-07-19,29.65,29.94,29.39,29.82,53781384.0,1910448534.0,20628944429.0,0.002607083662719774,0.0023501773449536856,0.0023529411764706687
2022-07-20,30.01,30.16,29.82,29.94,46968871.0,1685116916.0,20628944429.0,0.002276843158972863,0.0040160696548898756,0.004024144869215318
2022-07-21,29.68,29.92,29.54,29.61,46624082.0,1656137612.0,20628944429.0,0.0022601293129888046,-0.011083236877982294,-0.01102204408817642
2022-07-22,29.69,30.1,29.44,29.72,51033274.0,1817477340.0,20628944429.0,0.002473867442691728,0.0037080777360580797,0.0037149611617697254
2022-07-25,29.54,30.05,29.41,29.94,40464861.0,1447583000.0,20628944429.0,0.001961557516395014,0.007375159141924215,0.007402422611036519
2022-07-26,29.94,30.35,29.89,30.34,45628522.0,1651632360.0,20628944429.0,0.0022118689667831866,0.013271594928903951,0.013360053440213626
2022-07-27,30.25,30.35,29.99,30.1,44247135.0,1597140637.0,20628944429.0,0.002144905433832947,-0.0079418021655564,-0.007910349373764003
2022-07-28,30.15,30.35,29.85,29.88,57066760.0,2054633516.0,20628944429.0,0.002766344162514492,-0.007335811490213562,-0.0073089700996678
2022-07-29,29.92,30.21,29.24,29.29,64970631.0,2299974527.0,20628944429.0,0.00314948887586632,-0.019943199424974356,-0.019745649263721576
2022-08-01,29.22,29.24,28.77,28.83,70588273.0,2445426274.0,20628944429.0,0.003421807317526513,-0.015829649189331274,-0.015705018777739888
2022-08-02,28.56,28.57,27.83,28.32,81160751.0,2741206158.0,20628944429.0,0.003934314297046866,-0.017848242824791694,-0.017689906347554518
2022-08-03,28.31,28.8,27.52,27.61,100320625.0,3341394264.0,20628944429.0,0.004863100259214916,-0.025390242883455816,-0.02507062146892658
2022-08-04,27.83,28.14,27.75,28.11,59307271.0,1986094524.0,20628944429.0,0.0028749542277415963,0.017947358976377448,0.01810938065918144
2022-08-05,28.23,28.68,28.08,28.64,48871948.0,1660667569.0,20628944429.0,0.002369095916090414,0.01867895717400403,0.018854500177872602
2022-08-08,28.55,28.8,28.08,28.32,57211197.0,1942979975.0,20628944429.0,0.0027733458295409906,-0.011236073266925661,-0.011173184357541888
2022-08-09,28.35,28.35,27.89,28.06,49867119.0,1675279850.0,20628944429.0,0.0024173374052962795,-0.009223194151204428,-0.00918079096045199
2022-08-10,28.03,28.14,27.58,27.68,52960480.0,1758806053.0,20628944429.0,0.002567289867025314,-0.013634943924845988,-0.013542409123307175
2022-08-11,27.94,28.73,27.71,28.69,82668809.0,2799671312.0,20628944429.0,0.004007418279908926,0.035838499243805,0.03648843930635848
2022-08-12,28.53,28.76,28.42,28.7,40200050.0,1377797391.0,20628944429.0,0.0019487206501699187,0.00034849277230186715,0.0003485535029625897
2022-08-15,28.48,28.67,28.0,28.17,45918083.0,1554089642.0,20628944429.0,0.002225905603558112,-0.01863954087729436,-0.01846689895470377
2022-08-16,28.28,28.7,28.18,28.32,47915454.0,1629408747.0,20628944429.0,0.0023227293168059946,0.005310686937237907,0.005324813631522929
2022-08-17,28.39,28.67,28.01,28.59,45395476.0,1545822426.0,20628944429.0,0.0022005719272859842,0.009488737508701384,0.009533898305084776
2022-08-18,28.5,28.53,27.92,28.16,50734443.0,1709182803.0,20628944429.0,0.002459381437310866,-0.015154475044378835,-0.01504022385449455
2022-08-19,27.96,28.52,27.94,28.27,42844967.0,1455096383.0,20628944429.0,0.00207693452990105,0.0038986404156573506,0.00390625
2022-08-22,28.01,28.49,27.97,28.08,52563482.0,1773361292.0,20628944429.0,0.0025480451596014138,-0.006743592547888699,-0.006720905553590395
2022-08-23,28.05,28.06,27.57,27.64,53965720.0,1791825378.0,20628944429.0,0.002616019456823755,-0.015793580258141038,-0.015669515669515577
2022-08-24,27.67,27.92,27.39,27.42,58965852.0,1950217427.0,20628944429.0,0.0028584037444546262,-0.007991324765300956,-0.007959479015918869
2022-08-25,27.47,28.2,27.22,28.13,65073875.0,2161568446.0,20628944429.0,0.0031544936884177013,0.025563948367597344,0.025893508388037834
2022-08-26,28.14,28.43,27.83,28.14,54968310.0,1852196046.0,20628944429.0,0.0026646205863411023,0.00035542918447761807,0.00035549235691445524
2022-08-29,27.82,28.24,27.65,27.79,38901392.0,1293596316.0,20628944429.0,0.0018857674532930897,-0.012515807931830825,-0.01243781094527363
2022-08-30,27.65,28.28,27.62,28.22,59087736.0,1983189091.0,20628944429.0,0.002864312141775657,0.015354702670255627,0.015473191795609909
2022-08-31,28.01,29.43,27.95,29.27,166545105.0,5773783194.0,20628944429.0,0.008073370189793727,0.036532154279126594,0.037207654145995805
2022-09-01,29.11,29.26,28.8,28.81,60742108.0,2109230456.0,20628944429.0,0.0029445087803236913,-0.015840551607357423,-0.01571574991458835
2022-09-02,28.89,29.14,28.49,28.66,47663498.0,1638046863.0,20628944429.0,0.0023105156041331445,-0.005220126696411587,-0.00520652551197498
2022-09-05,28.6,28.72,28.03,28.58,46737206.0,1585571171.0,20628944429.0,0.0022656130642485623,-0.002795249898304153,-0.002791346824843055
2022-09-06,28.66,29.02,27.97,28.08,87756101.0,2969378343.0,20628944429.0,0.004254027698898311,-0.017649593344111203,-0.017494751574527623
2022-09-07,27.85,27.96,27.61,27.87,62522016.0,2077538980.0,20628944429.0,0.0030307908490027763,-0.007506737663753427,-0.007478632478632341
2022-09-08,27.87,28.0,27.77,27.81,41667222.0,1390770603.0,20628944429.0,0.0020198426605592366,-0.0021551732479831998,-0.0021528525296018453
2022-09-09,27.93,29.03,27.87,28.81,135166615.0,4636864234.0,20628944429.0,0.006552279757464656,0.03532688085056357,0.03595828838547277
2022-09-13,28.77,29.77,28.63,29.52,143861057.0,5071277448.0,20628944429.0,0.00697374785681042,0.02434545063583471,0.024644220756681712
2022-09-14,29.14,29.48,28.99,29.11,56078636.0,1960637593.0,20628944429.0,0.0027184442807051783,-0.013986241974739855,-0.01388888888888884
2022-09-15,29.35,30.11,29.35,30.07,134095049.0,4805992201.0,20628944429.0,0.006500334976494982,0.03244623924290568,0.03297835795259374
2022-09-16,29.8,30.06,29.16,29.19,86516134.0,3050978941.0,20628944429.0,0.004193919582156435,-0.02970181213441414,-0.029265048220818102
2022-09-19,29.14,29.49,29.02,29.3,44998129.0,1578116277.0,20628944429.0,0.002181310301885442,0.003761331156998171,0.0037684138403561995
2022-09-20,29.31,29.39,28.68,28.84,50434551.0,1745868528.0,20628944429.0,0.002444843999341989,-0.015824203606273457,-0.01569965870307166
2022-09-21,28.77,29.13,28.28,28.73,53038925.0,1821095332.0,20628944429.0,0.0025710925337235537,-0.0038214394255500217,-0.0038141470180305115
2022-09-22,28.39,28.6,28.32,28.53,38514551.0,1310807203.0,20628944429.0,0.0018670151123126087,-0.006985707765789773,-0.006961364427427785
2022-09-23,28.39,28.94,28.39,28.69,36643717.0,1258753251.0,20628944429.0,0.0017763253532491253,0.005592464767865124,0.005608131791097204
2022-09-26,28.41,28.83,28.26,28.35,52549140.0,1789545993.0,20628944429.0,0.002547349922865023,-0.011921599819512352,-0.011850819100731935
2022-09-27,28.3,28.43,27.92,28.31,47541362.0,1604082625.0,20628944429.0,0.002304594990966515,-0.0014119310499531856,-0.001410934744268122
2022-09-28,28.22,28.39,27.91,28.12,48729860.0,1642543374.0,20628944429.0,0.0023622081181960994,-0.006734032181344052,-0.006711409395973034
2022-09-29,28.38,28.66,27.56,27.68,61785902.0,2073148613.0,20628944429.0,0.002995107297547512,-0.01577093619299541,-0.015647226173541973
2022-09-30,27.77,28.35,27.66,28.1,53971707.0,1816711650.0,20628944429.0,0.002616309680107869,0.015059445590231313,0.015173410404624388
2022-10-10,27.55,27.63,26.1,26.56,127799132.0,4068516527.0,20628944429.0,0.006195136762322217,-0.056363251731466946,-0.054804270462633586
2022-10-11,26.55,26.78,26.15,26.22,61866447.0,1953843165.0,20628944429.0,0.002999011762959071,-0.012883846272679467,-0.012801204819277157
2022-10-12,26.1,26.14,25.09,25.85,117369975.0,3590021718.0,20628944429.0,0.0056895773510835706,-0.01421187738111529,-0.014111365369946505
2022-10-13,25.44,25.52,24.8,24.96,135038091.0,4045377680.0,20628944429.0,0.006546049482307227,-0.03503605745321137,-0.034429400386847164
2022-10-14,25.3,26.07,25.14,25.95,126919692.0,3911873392.0,20628944429.0,0.0061525054002073585,0.038897066110670675,0.03966346153846145
2022-10-17,25.64,26.04,25.5,25.9,64630961.0,1997396404.0,20628944429.0,0.0031330231763648715,-0.0019286409064056542,-0.0019267822736031004
2022-10-18,26.14,26.2,25.64,25.72,56281382.0,1739815953.0,20628944429.0,0.0027282725101959214,-0.006974069336073363,-0.006949806949806958
2022-10-19,25.65,25.95,25.23,25.27,52827518.0,1614469066.0,20628944429.0,0.0025608444572537367,-0.017650977969315917,-0.01749611197511658
2022-10-20,25.05,25.43,24.95,25.11,55115404.0,1657020702.0,20628944429.0,0.0026717510529777385,-0.006351748230609022,-0.006331618519984206
2022-10-21,25.18,25.28,24.63,24.7,72871094.0,2171956543.0,20628944429.0,0.0035324683844491053,-0.016462929535562054,-0.016328156113102343
2022-10-24,24.54,24.63,23.38,23.4,145145835.0,4134436262.0,20628944429.0,0.0070360282126677885,-0.054067221270275745,-0.052631578947368474
2022-10-25,23.4,23.77,23.22,23.54,86028249.0,2418347973.0,20628944429.0,0.004170269074895669,0.005965079468474688,0.005982905982905962
2022-10-26,23.37,23.65,23.18,23.32,75402189.0,2113201163.0,20628944429.0,0.003655164676967195,-0.00938974034983886,-0.009345794392523366
2022-10-27,23.55,23.75,23.3,23.33,76286564.0,2145320724.0,20628944429.0,0.0036980352660583534,0.0004287245510470328,0.0004288164665522398
2022-10-28,23.05,23.38,22.54,22.7,94946422.0,2601030856.0,20628944429.0,0.004602582663731698,-0.02737516154598163,-0.02700385769395619
2022-10-31,22.46,22.66,21.96,22.4,95303253.0,2553633471.0,20628944429.0,0.004619880252623274,-0.013303965626362935,-0.013215859030836996
2022-11-01,22.63,23.59,22.56,23.54,105901901.0,2937217653.0,20628944429.0,0.005133655838013892,0.04964014297113639,0.05089285714285707
2022-11-02,23.52,23.97,23.26,23.73,72836102.0,2060238785.0,20628944429.0,0.003530772127031745,0.008038968615541542,0.008071367884451952
2022-11-03,23.67,23.7,23.28,23.42,50172213.0,1410971285.0,20628944429.0,0.002432127013220721,-0.0131497122781008,-0.013063632532659075
2022-11-04,23.42,24.43,23.37,24.28,92682957.0,2676989831.0,20628944429.0,0.00449285989009244,0.03606260802172612,0.0367207514944492
2022-11-07,24.05,24.58,23.9,24.35,54538019.0,1585520854.0,20628944429.0,0.002643761981506475,0.0028788833373014633,0.002883031301482708
2022-11-08,24.38,24.53,24.17,24.34,43978188.0,1281125722.0,20628944429.0,0.0021318680726181913,-0.0004107619692175213,-0.000410677618069899
2022-11-09,24.34,24.68,24.22,24.37,46305956.0,1353976618.0,20628944429.0,0.0022447079713348527,0.001231780077733724,0.0012325390304026573
2022-11-10,24.22,24.47,24.03,24.38,40004562.0,1163044393.0,20628944429.0,0.0019392442564226367,0.000410256416010224,0.0004103405826836326
2022-11-11,25.14,26.56,24.81,26.09,168871688.0,5192860256.0,20628944429.0,0.00818615264495073,0.06778897509551163,0.07013945857260051
2022-11-14,27.14,28.13,27.0,27.67,204968536.0,6818027855.0,20628944429.0,0.009935968207459851,0.05879669465019788,0.06055960137983907
2022-11-15,27.68,28.25,27.35,27.79,91330506.0,3043238573.0,20628944429.0,0.00442729904646058,0.004327449955577656,0.004336826888326595
2022-11-16,27.77,27.96,27.44,27.87,61459443.0,2043574641.0,20628944429.0,0.0029792820089039954,0.002874597739444429,0.0028787333573228047
2022-11-17,27.81,27.81,26.72,26.98,103715191.0,3358356944.0,20628944429.0,0.0050276538073464406,-0.03245499071424707,-0.03193397918909224
2022-11-18,26.96,27.29,26.58,26.78,56273194.0,1805184083.0,20628944429.0,0.002727875592165133,-0.007440510516583121,-0.007412898443291294
2022-11-21,26.39,26.7,25.93,26.61,47910404.0,1512009170.0,20628944429.0,0.0023224845151382516,-0.006368255273428769,-0.006348020911127739
2022-11-22,26.78,27.46,26.56,27.1,65416650.0,2120960840.0,20628944429.0,0.003171109904588129,0.018246642896057264,0.018414130026305875
2022-11-23,27.0,27.52,26.85,26.91,57764427.0,1878620068.0,20628944429.0,0.0028001639734311972,-0.007035763146840512,-0.007011070110701123
2022-11-24,27.22,27.45,26.79,26.91,40630100.0,1314257028.0,20628944429.0,0.0019695675723903033,0.0,0.0
2022-11-25,26.9,27.74,26.87,27.57,83012155.0,2729700885.0,20628944429.0,0.004024062175634261,0.024230260296890904,0.024526198439241975
2022-11-28,26.81,26.81,26.26,26.69,80937686.0,2566010758.0,20628944429.0,0.003923501092291395,-0.032439261619272575,-0.03191875226695684
2022-11-29,27.38,29.15,27.35,29.11,175318695.0,5977811958.0,20628944429.0,0.008498675034168904,0.0867927943410991,0.0906706631697265
2022-11-30,28.67,29.59,28.56,29.19,87332461.0,3048012198.0,20628944429.0,0.004233491505131438,0.002744427108491543,0.0027481964960496263
2022-12-01,29.98,30.48,29.1,29.23,83139723.0,2948536902.0,20628944429.0,0.004030246108139342,0.001369394257130896,0.0013703323055840322
2022-12-02,29.23,29.23,28.53,28.72,59846240.0,2055897652.0,20628944429.0,0.002901081061417212,-0.017601834943131056,-0.01744782757440988
2022-12-05,29.2,30.15,28.9,30.15,105060439.0,3735713567.0,20628944429.0,0.005092865481391617,0.048591178993171,0.049791086350974956
2022-12-06,29.99,30.05,29.58,29.94,65110353.0,2322429385.0,20628944429.0,0.003156261980543629,-0.0069895441817120485,-0.006965174129353158
2022-12-07,29.9,30.02,29.48,29.49,56460628.0,2005014219.0,20628944429.0,0.002736961563609048,-0.015144156164297762,-0.015030060120240551
2022-12-08,29.44,29.87,29.36,29.6,44355151.0,1574334290.0,20628944429.0,0.002150141571841451,0.0037231385028300146,0.003730077992539993
2022-12-09,29.9,30.84,29.75,30.69,95816291.0,3491269582.0,20628944429.0,0.0046447500660917115,0.036162507301630065,0.036824324324324254
2022-12-12,30.41,30.56,29.8,29.89,60626240.0,2186064378.0,20628944429.0,0.0029388920120785303,-0.026412892335798244,-0.026067122841316404
2022-12-13,29.84,30.28,29.74,30.18,38290398.0,1379130447.0,20628944429.0,0.0018561491661285236,0.009655477043856386,0.00970224155235866
2022-12-14,30.18,30.93,30.08,30.82,64436167.0,2361876160.0,20628944429.0,0.003123580424668563,0.020984376552267037,0.021206096752816483
2022-12-15,30.58,30.86,30.25,30.34,40340341.0,1470344983.0,20628944429.0,0.001955521337450979,-0.015696855971583545,-0.015574302401038298
2022-12-16,30.31,31.06,30.31,30.97,60782001.0,2242781163.0,20628944429.0,0.0029464426165477066,0.020552020064724896,0.020764667106130563
2022-12-19,30.98,31.18,30.27,30.48,54784253.0,2014825882.0,20628944429.0,0.0026556983169233202,-0.015948263166665644,-0.015821762996448108
2022-12-20,30.26,30.52,29.48,29.83,70291116.0,2518741582.0,20628944429.0,0.0034074024602628395,-0.021556132291788543,-0.021325459317585338
2022-12-21,30.05,30.25,29.82,30.02,33049776.0,1188825669.0,20628944429.0,0.0016021069867995232,0.006349227678658753,0.006369426751592355
2022-12-22,30.51,30.77,30.27,30.48,35971483.0,1312827354.0,20628944429.0,0.001743738421701868,0.01520690461312979,0.015323117921385743
2022-12-23,30.3,30.73,30.19,30.37,33058360.0,1204442484.0,20628944429.0,0.0016025231011591087,-0.0036154517607882575,-0.0036089238845143923
2022-12-26,30.35,30.73,29.97,30.02,36047352.0,1309281788.0,20628944429.0,0.0017474162153117698,-0.011591452852341533,-0.011524530786960918
2022-12-27,30.44,30.88,30.34,30.62,36790747.0,1350814519.0,20628944429.0,0.0017834527174487838,0.01978956402422183,0.019986675549633626
2022-12-28,30.62,31.33,30.55,31.17,52885997.0,1970716248.0,20628944429.0,0.0025636792605662024,0.01780270354970792,0.01796211626387989
2022-12-29,30.81,31.16,30.61,31.09,51362913.0,1902491092.0,20628944429.0,0.0024898468836725566,-0.0025698697085831945,-0.002566570420275971
2022-12-30,31.18,31.42,31.06,31.11,52322805.0,1959907428.0,20628944429.0,0.002536378202970242,0.0006430868388833666,0.0006432936635574205
2023-01-03,30.96,31.55,30.51,31.38,60626616.0,2255334391.0,20628944429.0,0.0029389102388957724,0.008641436395340651,0.00867888138862094
2023-01-04,31.55,32.43,31.34,32.28,83645411.0,3207024324.0,20628944429.0,0.004054759626111163,0.028277096096861687,0.028680688336520044
2023-01-05,32.56,32.79,32.07,32.15,61908519.0,2398823818.0,20628944429.0,0.0030010512274670493,-0.004035392718119812,-0.004027261462205778
2023-01-06,32.28,32.51,31.64,32.05,59000699.0,2255711424.0,20628944429.0,0.0028600929729132095,-0.0031152673169492218,-0.0031104199066874783
2023-01-09,32.08,32.65,32.08,32.4,49914886.0,1937276819.0,20628944429.0,0.002419652938219663,0.010861239431604552,0.010920436817472678
2023-01-10,32.38,32.4,31.87,31.94,54197159.0,2078031131.0,20628944429.0,0.002627238596067479,-0.014299280011417004,-0.014197530864197394
2023-01-11,32.05,32.72,31.85,32.5,54170698.0,2107076772.0,20628944429.0,0.0026259558838040826,0.01738094654882527,0.017532874139010612
2023-01-12,32.66,32.69,32.34,32.61,30434871.0,1185494431.0,20628944429.0,0.0014753479561084525,0.0033789004655360166,0.0033846153846153193
2023-01-13,32.63,33.12,32.54,33.12,46376708.0,1825772733.0,20628944429.0,0.002248137715413301,0.015518339715831164,0.015639374425022945
2023-01-16,33.4,34.35,33.24,33.8,88046855.0,3569434000.0,20628944429.0,0.0042681221670375176,0.020323472971913947,0.020531400966183666
2023-01-17,33.78,34.19,33.64,33.97,43204705.0,1752751493.0,20628944429.0,0.0020943730372972058,0.005016979683519551,0.005029585798816516
2023-01-18,33.95,34.2,33.59,33.72,29467472.0,1191075289.0,20628944429.0,0.0014284527306484412,-0.007386649038837678,-0.007359434795407682
2023-01-19,33.57,34.07,33.34,33.95,47249021.0,1910434244.0,20628944429.0,0.0022904235920853866,0.006797720871050572,0.006820877817319326
2023-01-20,34.22,34.32,33.97,34.28,41340273.0,1692997050.0,20628944429.0,0.0020039936188826117,0.00967323972487355,0.009720176730485974
2023-01-30,35.53,35.6,34.95,35.1,100700740.0,4255796700.0,20628944429.0,0.00488152655345931,0.023639036742240993,0.02392065344224048
2023-01-31,35.37,35.37,34.41,34.41,64231185.0,2677248182.0,20628944429.0,0.003113643803785924,-0.01985391066243114,-0.01965811965811981
2023-02-01,34.77,34.81,33.36,33.85,91679130.0,3709963959.0,20628944429.0,0.00444419879628539,-0.016408220451104683,-0.01627433885498386
2023-02-02,33.99,34.03,33.03,33.43,72723293.0,2898996931.0,20628944429.0,0.0035253036455789853,-0.012485298926276922,-0.012407680945347166
2023-02-03,33.23,33.23,32.58,32.82,63816364.0,2506324574.0,20628944429.0,0.0030935351161394124,-0.018415614770062483,-0.01824708345797188
2023-02-06,32.33,32.35,31.63,32.03,73100066.0,2790029317.0,20628944429.0,0.003543567934442469,-0.024365122040877818,-0.02407068860450945
2023-02-07,32.15,32.52,31.87,32.08,42657086.0,1643882586.0,20628944429.0,0.0020678268898738717,0.0015598193772468072,0.0015610365282545668
2023-02-08,32.15,32.5,32.03,32.14,31706528.0,1222704068.0,20628944429.0,0.0015369922639098888,0.0018685773110527215,0.0018703241895261513
2023-02-09,32.08,32.48,32.0,32.14,49817481.0,1920854681.0,20628944429.0,0.0024149311745668865,0.0,0.0
2023-02-10,31.98,32.06,31.65,31.87,41102639.0,1567982948.0,20628944429.0,0.0019924741734345967,-0.008436231880121436,-0.008400746733042919
2023-02-13,31.65,31.72,30.96,31.5,82518134.0,3095654450.0,20628944429.0,0.004000114222228292,-0.011677582597657832,-0.011609664261060582
2023-02-14,31.55,31.78,31.32,31.73,48607663.0,1836814072.0,20628944429.0,0.002356284548019226,0.0072750597635171665,0.0073015873015873645
2023-02-15,31.73,31.81,30.9,31.04,77104778.0,2872782991.0,20628944429.0,0.0037376986624486097,-0.02198591028008634,-0.021745981720769025
2023-02-16,31.06,31.61,30.91,31.12,65415231.0,2453427441.0,20628944429.0,0.0031710411177432716,0.0025740039951727134,0.002577319587628857
2023-02-17,31.02,31.22,30.63,30.66,57581280.0,2130963531.0,20628944429.0,0.0027912858167891863,-0.014891825866522712,-0.014781491002570757
2023-02-20,30.75,32.16,30.75,32.14,108022830.0,4089276990.0,20628944429.0,0.005236469096699994,0.04714248686569844,0.0482713633398566
2023-02-21,32.09,32.42,31.84,32.31,53046540.0,2043801362.0,20628944429.0,0.0025714616752482793,0.005275419527040359,0.005289359054138298
2023-02-22,32.12,32.23,31.85,31.87,38309139.0,1467027311.0,20628944429.0,0.0018570576469315284,-0.013711651407161796,-0.013618074899412025
2023-02-23,31.87,32.38,31.87,31.96,37063824.0,1423074975.0,20628944429.0,0.0017966902827997336,0.0028199924688290245,0.002823972387825613
2023-02-24,31.87,31.94,31.23,31.28,53369015.0,2011474600.0,20628944429.0,0.002587093837189957,-0.021506205220963803,-0.021276595744680882
2023-02-27,31.12,31.38,30.97,31.03,44933367.0,1674343230.0,20628944429.0,0.0021781709265178417,-0.008024437216821223,-0.007992327365728857
2023-02-28,31.04,31.3,30.77,31.16,37822552.0,1405386500.0,20628944429.0,0.0018334700609707092,0.004180742542258642,0.004189494038027597
2023-03-01,31.11,32.02,31.06,31.94,57119401.0,2169732585.0,20628944429.0,0.0027688959654039312,0.024723921784318925,0.025032092426187535
2023-03-02,31.77,32.15,31.54,31.94,34907009.0,1332878911.0,20628944429.0,0.0016921374295297443,0.0,0.0
2023-03-03,32.15,32.38,31.65,31.94,35711390.0,1365470222.0,20628944429.0,0.0017311302632526957,0.0,0.0
2023-03-06,31.75,31.92,30.82,30.9,81051939.0,3015166370.0,20628944429.0,0.003929039572478457,-0.033102958883167055,-0.03256105197244841
2023-03-07,30.81,31.3,30.41,30.53,73741149.0,2722185234.0,20628944429.0,0.003574644803266584,-0.012046377156913035,-0.011974110032362373
2023-03-08,30.27,30.33,29.9,30.06,61658357.0,2216886862.0,20628944429.0,0.00298892447998072,-0.015514422421957885,-0.0153946937438586
2023-03-09,30.06,30.13,29.65,29.71,53999602.0,1928666141.0,20628944429.0,0.002617661906349789,-0.011711694850312426,-0.011643379906852935
2023-03-10,29.27,29.78,29.19,29.25,55845366.0,1963698972.0,20628944429.0,0.0027071363826785557,-0.015604115796650664,-0.01548300235610911
2023-03-13,29.16,29.54,28.99,29.27,58420463.0,2046110685.0,20628944429.0,0.0028319656975697213,0.0006835270259291093,0.0006837606837606369
2023-03-14,28.96,29.17,28.68,28.88,62666750.0,2168927834.0,20628944429.0,0.0030378069132758726,-0.01341378667916926,-0.013324222753672732
2023-03-15,29.35,29.82,29.13,29.13,67638378.0,2380639264.0,20628944429.0,0.003278809453037962,0.008619256946718057,0.00865650969529086
2023-03-16,28.81,29.35,28.57,28.94,40389489.0,1401995822.0,20628944429.0,0.001957903815147264,-0.006543849768005483,-0.006522485410229928
2023-03-17,29.24,29.54,28.41,28.69,83271578.0,2893458533.0,20628944429.0,0.004036637855446327,-0.008676091210064296,-0.00863856254319284
2023-03-20,28.76,29.15,28.41,28.49,52072515.0,1790157157.0,20628944429.0,0.0025242452506099577,-0.006995481483456967,-0.006971070059254236
2023-03-21,28.57,28.81,28.4,28.58,36747539.0,1256872360.0,20628944429.0,0.0017813581846844579,0.0031540239919047863,0.003159003159003193
2023-03-22,28.83,29.0,28.63,28.84,45986740.0,1587045184.0,20628944429.0,0.0022292337913011303,0.00905613991502685,0.009097270818754444
2023-03-23,28.73,29.51,28.66,29.39,54214633.0,1890730123.0,20628944429.0,0.002628085658313448,0.018891168014077753,0.01907073509015267
2023-03-24,29.21,29.21,28.58,28.75,67871839.0,2342134999.0,20628944429.0,0.0032901266098999387,-0.022016713187466674,-0.02177611432460025
2023-03-27,28.89,28.89,28.43,28.57,44983610.0,1538661024.0,20628944429.0,0.002180606484971786,-0.006280551000677814,-0.006260869565217431
2023-03-28,28.73,28.99,28.54,28.73,53323436.0,1834470874.0,20628944429.0,0.0025848843688307363,0.005584656748516714,0.0056002800140007025
2023-03-29,28.9,28.98,28.48,28.49,41863012.0,1433206733.0,20628944429.0,0.002029333693931005,-0.008388724481381615,-0.008353637312913387
2023-03-30,28.52,28.72,28.15,28.68,56228970.0,1915822304.0,20628944429.0,0.002725731808213792,0.0066468672216029034,0.006669006669006716
2023-03-31,28.69,29.08,28.51,28.62,57779428.0,1993103479.0,20628944429.0,0.0028008911555733387,-0.002094241603114888,-0.0020920502092049986
2023-04-03,28.65,28.77,28.38,28.7,50467501.0,1727952628.0,20628944429.0,0.0024464412696295406,0.0027913486372708185,0.002795248078266921
2023-04-04,28.71,28.74,28.44,28.63,48782066.0,1668757196.0,20628944429.0,0.002364738834209208,-0.0024420036555516944,-0.0024390243902439046
2023-04-06,28.53,28.53,28.17,28.23,48679567.0,1650684312.0,20628944429.0,0.0023597701359632664,-0.014069876844625906,-0.013971358714634952
2023-04-07,28.27,28.61,28.18,28.51,39414120.0,1343439511.0,20628944429.0,0.0019106222393324185,0.0098696606591826,0.009918526390364946
2023-04-10,28.52,28.64,28.37,28.59,33015949.0,1128256665.0,20628944429.0,0.0016004672034302663,0.0028021034096399333,0.00280603297088744
2023-04-11,28.59,28.68,28.08,28.17,73399153.0,2485887912.0,20628944429.0,0.00355806634957124,-0.014799424445939291,-0.014690451206715527
2023-04-12,28.3,28.35,28.11,28.18,41612769.0,1403968679.0,20628944429.0,0.0020172030199228767,0.0003549245822531688,0.0003549875754347287
2023-04-13,28.1,28.59,27.77,28.4,63430456.0,2142100175.0,20628944429.0,0.0030748280028729917,0.007776638696626037,0.0078069552874378
2023-04-14,28.56,29.05,28.41,28.72,69392338.0,2387857214.0,20628944429.0,0.0033638336774250467,0.011204599012863081,0.011267605633802802
2023-04-17,28.66,29.39,28.48,29.39,89373012.0,3107511587.0,20628944429.0,0.004332408393827469,0.023060736250802627,0.023328690807799424
2023-04-18,29.4,30.35,29.33,29.8,94271463.0,3375509116.0,20628944429.0,0.004569863636235016,0.013853913080532632,0.013950323239197093
2023-04-19,29.93,29.93,29.48,29.65,51088648.0,1815680622.0,20628944429.0,0.002476551729335215,-0.0050462680676242044,-0.005033557046979942
2023-04-20,29.73,29.85,29.11,29.22,68091530.0,2393722845.0,20628944429.0,0.00330077625805601,-0.014608719121181224,-0.014502529510961204
2023-04-21,29.22,29.38,28.75,28.81,53159146.0,1849378443.0,20628944429.0,0.002576920316158752,-0.014130857226116067,-0.01403148528405207
2023-04-24,28.83,28.97,27.98,28.06,72987368.0,2474101753.0,20628944429.0,0.0035381048337788414,-0.02637747442212257,-0.02603262755987501
2023-04-25,28.07,28.51,27.98,28.42,51221280.0,1731551113.0,20628944429.0,0.002482981142166128,0.012748047994640022,0.012829650748396482
2023-04-26,28.23,28.36,27.85,28.24,49650070.0,1673601450.0,20628944429.0,0.002406815829616679,-0.006353710043913274,-0.006333567909922677
2023-04-27,27.53,27.55,26.84,27.25,155927939.0,5072330698.0,20628944429.0,0.007558696933653949,-0.03568589151578827,-0.03505665722379603
2023-04-28,27.11,28.18,27.06,28.06,94021308.0,3136764115.0,20628944429.0,0.00455773722807773,0.029291553565061523,0.029724770642201692
2023-05-04,27.8,28.73,27.42,28.5,72543303.0,2457318979.0,20628944429.0,0.003516578526335997,0.015559012600290245,0.015680684248039922
2023-05-05,28.54,29.28,28.52,28.97,80088973.0,2785096474.0,20628944429.0,0.003882359239254704,0.016356724506654263,0.016491228070175445
2023-05-08,29.11,30.02,28.93,29.73,106426580.0,3773892300.0,20628944429.0,0.005159089955683161,0.025895825228747338,0.026234035208836826
2023-05-09,29.8,30.15,29.19,29.22,98552978.0,3503564878.0,20628944429.0,0.004777412549594881,-0.017303230687453208,-0.01715438950555004
2023-05-10,29.14,29.33,28.63,28.73,63837387.0,2203715637.0,20628944429.0,0.0030945542182108906,-0.016911533331354978,-0.016769336071184027
2023-05-11,28.89,29.5,28.73,28.77,44580284.0,1547837683.0,20628944429.0,0.0021610550240917514,0.001391304572258445,0.0013922728854856015
2023-05-12,28.78,28.85,28.39,28.43,45936569.0,1569062497.0,20628944429.0,0.0022268017230887855,-0.011888251900548319,-0.011817865832464358
2023-05-15,28.47,29.1,28.15,28.98,52809453.0,1811811263.0,20628944429.0,0.002559968745941305,0.019161011229627878,0.01934576151952161
2023-05-16,29.19,29.39,28.87,29.08,38524804.0,1341479236.0,20628944429.0,0.001867512132411494,0.0034447157727823807,0.003450655624568588
2023-05-17,29.07,29.34,28.75,28.81,39637635.0,1380094248.0,20628944429.0,0.001921457258097886,-0.009328103568881474,-0.009284731774415356
2023-05-18,29.0,29.09,28.57,28.77,32901230.0,1137523121.0,20628944429.0,0.001594906133623964,-0.0013893715329804657,-0.0013884068031932983
2023-05-19,28.68,28.77,28.34,28.35,39298980.0,1339332375.0,20628944429.0,0.0019050407613078746,-0.014706147389695445,-0.014598540145985384
2023-05-22,28.38,28.68,28.38,28.56,29693441.0,1014463033.0,20628944429.0,0.0014394067084817586,0.007380107297622285,0.007407407407407307
2023-05-23,28.57,28.71,28.06,28.06,34692126.0,1177389441.0,20628944429.0,0.0016817208519515955,-0.017662062797068945,-0.017507002801120497
2023-05-24,28.05,28.05,27.5,27.5,46399873.0,1541649339.0,20628944429.0,0.002249260652172364,-0.020159070001788848,-0.019957234497505305
2023-05-25,27.36,27.36,26.86,27.07,70605103.0,2286618239.0,20628944429.0,0.0034226231615003978,-0.01575990104631586,-0.01563636363636367
2023-05-26,27.09,27.44,26.91,27.34,29462374.0,958855792.0,20628944429.0,0.0014282056021529652,0.009924727669593736,0.009974141115626223
2023-05-29,27.52,27.52,27.09,27.3,38730090.0,1263259965.0,20628944429.0,0.0018774634898697754,-0.0014641291048893557,-0.001463057790782707
2023-05-30,27.3,27.47,27.02,27.26,34007178.0,1108840100.0,20628944429.0,0.0016485176019085585,-0.0014662759225276822,-0.00146520146520146
2023-05-31,27.22,27.39,26.92,26.97,52541398.0,1704091986.0,20628944429.0,0.0025469746249419207,-0.010695289116747997,-0.010638297872340496
2023-06-01,26.98,27.14,26.74,26.77,47239881.0,1521250952.0,20628944429.0,0.0022899805253045603,-0.0074432796193772965,-0.0074156470152020315
2023-06-02,26.91,27.64,26.89,27.62,55885607.0,1829053080.0,20628944429.0,0.0027090870884036353,0.03125829044888473,0.031751961150541685
2023-06-05,27.62,27.78,27.42,27.59,31273034.0,1033695634.0,20628944429.0,0.0015159783917996611,-0.0010867597519514938,-0.0010861694424331159
2023-06-06,27.59,28.23,27.54,27.62,38663375.0,1288946278.0,20628944429.0,0.0018742294416987883,0.0010867597519514938,0.001087350489307859
2023-06-07,27.77,28.07,27.69,27.81,33890635.0,1132209544.0,20628944429.0,0.0016428681126484021,0.006855520264727577,0.006879073135409142
2023-06-08,27.82,28.58,27.74,28.46,54961501.0,1859578016.0,20628944429.0,0.0026642905161320604,0.023103924415832644,0.023372887450557434
2023-06-09,28.43,28.6,28.18,28.18,41510872.0,1408235126.0,20628944429.0,0.002012263503974753,-0.009887086191171957,-0.00983836964160234
2023-06-12,28.17,28.33,27.87,28.17,40677376.0,1370601854.0,20628944429.0,0.0019718593038050014,-0.0003549245822531688,-0.0003548616039743546
2023-06-13,28.03,28.34,27.97,28.17,23124556.0,779060071.0,20628944429.0,0.0011209762127960211,0.0,0.0
2023-06-14,28.33,28.43,27.88,27.88,38263310.0,1289658685.0,20628944429.0,0.0018548360596778648,-0.010347995995958037,-0.010294639687611018
2023-06-15,27.97,28.22,27.82,28.16,36953706.0,1239411035.0,20628944429.0,0.0017913522491267554,0.009992945397518493,0.010043041606886627
2023-06-16,28.28,28.43,28.18,28.33,42680637.0,1448460382.0,20628944429.0,0.0020689685382059547,0.006018782552583701,0.006036931818181657
2023-06-19,28.32,28.32,28.03,28.04,27896062.0,939883957.0,20628944429.0,0.0013522777229834381,-0.010289251676035782,-0.01023649841157781
2023-06-20,27.97,28.03,27.64,27.72,30764875.0,1024392135.0,20628944429.0,0.0014913450906751677,-0.011477887844687285,-0.011412268188302432
2023-06-21,27.61,28.09,27.56,27.7,42786599.0,1426164911.0,20628944429.0,0.002074105107377717,-0.0007217611284096037,-0.0007215007215006786
2023-06-26,27.5,27.64,27.07,27.23,43210300.0,1410658235.0,20628944429.0,0.002094644258154834,-0.01711310650762421,-0.016967509025270666
2023-06-27,27.25,27.57,27.09,27.41,34571527.0,1132557913.0,20628944429.0,0.0016758747457480002,0.006588603629026135,0.006610356224752145
2023-06-28,27.4,27.71,27.32,27.6,33381801.0,1100128735.0,20628944429.0,0.0016182020905089133,0.006907862408410015,0.006931776723823502
2023-06-29,27.6,27.71,27.28,27.29,25854831.0,848217753.0,20628944429.0,0.001253327870894523,-0.011295438002857594,-0.011231884057971042
2023-06-30,27.33,27.56,27.26,27.36,29361327.0,964762581.0,20628944429.0,0.0014233072904459468,0.0025617580341026347,0.002565042139978102
2023-07-03,27.47,28.19,27.39,28.16,45366767.0,1515242663.0,20628944429.0,0.002199180241923759,0.028820438535491988,0.029239766081871288
2023-07-04,28.06,28.06,27.86,27.98,22408656.0,749827211.0,20628944429.0,0.0010862725466698187,-0.006412562052506399,-0.006392045454545414
2023-07-05,27.97,27.97,27.42,27.58,41307158.0,1365494250.0,20628944429.0,0.0020023883501247277,-0.014399096872179662,-0.014295925661186648
2023-07-06,27.58,27.66,27.15,27.21,40784246.0,1334753417.0,20628944429.0,0.0019770398888013796,-0.013506319570000702,-0.01341551849166056
2023-07-07,27.14,27.21,26.96,26.98,47279440.0,1530388129.0,20628944429.0,0.0022918981706856,-0.00848870201554508,-0.008452774715178246
2023-07-10,27.16,27.3,27.0,27.1,27207677.0,883689382.0,20628944429.0,0.0013189078623796024,0.004437877106045374,0.004447739065974732
2023-07-11,27.33,27.39,27.11,27.32,32916654.0,1074347765.0,20628944429.0,0.0015956538209355026,0.00808530681693398,0.008118081180811698
2023-07-12,27.32,27.92,27.32,27.72,63204933.0,2098753494.0,20628944429.0,0.0030638956451473605,0.014535139619113124,0.014641288433382194
2023-07-13,28.19,28.2,27.71,28.07,56385028.0,1791570807.0,20628944429.0,0.002733296809929566,0.01254721605208875,0.012626262626262763
2023-07-14,28.15,28.37,28.0,28.14,34752056.0,1111472582.0,20628944429.0,0.0016846259933274068,0.002490661312452236,0.0024937655860348684
2023-07-17,28.0,28.0,27.7,27.89,26200279.0,827190406.0,20628944429.0,0.001270073662284332,-0.008923850046845594,-0.008884150675195435
2023-07-18,27.89,28.0,27.66,27.72,31638946.0,996591508.0,20628944429.0,0.0015337161874129745,-0.006114027317695392,-0.0060953746862675295
2023-07-19,27.57,27.88,27.55,27.83,24029564.0,755090293.0,20628944429.0,0.001164846998483327,0.003960401216096976,0.003968253968253954
2023-07-20,28.0,28.29,27.85,27.93,27239443.0,867690876.0,20628944429.0,0.0013204477375830736,0.0035868044192861603,0.0035932446999640266
2023-07-21,28.02,28.18,27.85,28.02,31566900.0,1004431833.0,20628944429.0,0.0015302237159368908,0.0032171609517757105,0.0032223415682062218
2023-07-24,27.72,27.96,27.67,27.71,23912203.0,753332483.0,20628944429.0,0.0011591578562005539,-0.011125182033973946,-0.01106352605281935
2023-07-25,28.2,29.39,28.2,29.32,126162096.0,4159900848.0,20628944429.0,0.00611578049639042,0.05647651814356358,0.05810176831468783
2023-07-26,29.32,29.72,29.14,29.39,50175140.0,1673625171.0,20628944429.0,0.0024322689012368564,0.0023846034123753412,0.0023874488403821115
2023-07-27,29.52,29.8,29.26,29.66,54848896.0,1845231370.0,20628944429.0,0.0026588319236971656,0.009144856278959779,0.009186798230690796
2023-07-28,29.51,31.1,29.44,30.93,125628759.0,4358344107.0,20628944429.0,0.00608992667716881,0.04192724998719255,0.042818610923803124
2023-07-31,31.3,31.76,30.85,31.34,116275605.0,4127807307.0,20628944429.0,0.005636527133038407,0.013168650230896528,0.013255738764953229
2023-08-01,31.31,31.35,30.64,30.83,66009585.0,2316910863.0,20628944429.0,0.00319985277129373,-0.016406995029815796,-0.016273133375877546
2023-08-02,30.1,30.68,29.76,29.99,91535761.0,3124298660.0,20628944429.0,0.004437248901175951,-0.027624249137141454,-0.027246188777165115
2023-08-03,29.98,30.65,29.85,30.56,50929381.0,1750414829.0,20628944429.0,0.002468831169490374,0.01882797153740201,0.019006335445148403
2023-08-04,30.91,31.28,30.6,30.74,81264248.0,2854335236.0,20628944429.0,0.003939331373919423,0.005872773812130028,0.005890052356021025
2023-08-07,30.62,30.65,30.21,30.4,34467192.0,1187405635.0,20628944429.0,0.001670817046341271,-0.011122129698273753,-0.011060507482107962
2023-08-08,30.25,30.53,29.79,30.09,50228255.0,1715919700.0,20628944429.0,0.0024348436815501587,-0.010249717770222322,-0.010197368421052566
2023-08-09,29.98,30.23,29.92,29.98,38683250.0,1318960193.0,20628944429.0,0.0018751928938069854,-0.003662397967501896,-0.0036556995679627446
2023-08-10,29.87,30.18,29.78,30.08,28772469.0,978706457.0,20628944429.0,0.0013947620586709179,0.0033300064071872804,0.0033355570380253496
2023-08-11,30.1,30.38,29.21,29.21,60624004.0,2032299867.0,20628944429.0,0.0029387836206866344,-0.0293493826819895,-0.028922872340425454
2023-08-14,28.9,28.93,28.42,28.6,66707291.0,2167337311.0,20628944429.0,0.0032336744727579684,-0.02110439857384261,-0.02088325915782263
2023-08-15,28.6,28.76,28.33,28.52,58295914.0,1887265044.0,20628944429.0,0.0028259281128339307,-0.002801122279711521,-0.002797202797202858
2023-08-16,28.33,28.42,28.09,28.17,58015181.0,1857011416.0,20628944429.0,0.0028123194184595667,-0.012348013657814239,-0.012272089761570792
2023-08-17,28.0,28.08,27.75,28.01,64607569.0,2043578651.0,20628944429.0,0.003131889235649654,-0.005695992616264078,-0.005679801206957769
2023-08-18,27.98,28.75,27.98,28.09,67459467.0,2169641216.0,20628944429.0,0.0032701366389433885,0.0028520518441350617,0.002856122813280848
2023-08-21,28.03,28.06,27.43,27.43,80957531.0,2537398399.0,20628944429.0,0.00392446309013226,-0.0237763361666401,-0.023495906016375967
2023-08-22,27.5,27.73,27.32,27.6,60107044.0,1877097295.0,20628944429.0,0.002913723686002179,0.006178467773592544,0.006197593875319152
2023-08-23,27.49,27.71,27.19,27.19,56074358.0,1743312676.0,20628944429.0,0.0027182369021834744,-0.01496651407872518,-0.01485507246376816
2023-08-24,27.32,27.45,27.14,27.37,41225614.0,1277299345.0,20628944429.0,0.0019984354576109754,0.006598264408208543,0.006620080912099979
2023-08-25,27.32,28.07,27.23,27.81,64747134.0,2028793535.0,20628944429.0,0.0031386547296612527,0.01594814519328569,0.01607599561563755
2023-08-28,29.34,29.9,28.22,28.43,140509367.0,4608776006.0,20628944429.0,0.006811272747551401,0.022049257417034784,0.022294138798993224
2023-08-29,28.43,28.59,28.0,28.23,72116998.0,2310485794.0,20628944429.0,0.003495913145154365,-0.007059683397510508,-0.007034822370735161
2023-08-30,28.37,28.37,27.8,27.9,63980158.0,2031430069.0,20628944429.0,0.003101475124924823,-0.011758553438077968,-0.011689691817215797
2023-08-31,28.02,28.27,27.75,27.8,50322017.0,1595044491.0,20628944429.0,0.002439388848673116,-0.0035906681307285027,-0.0035842293906809264
2023-09-01,28.15,28.75,28.09,28.44,69752619.0,2250478414.0,20628944429.0,0.003381298507059932,0.022760584238448622,0.02302158273381294
2023-09-04,28.71,29.62,28.61,29.55,110429932.0,3671655441.0,20628944429.0,0.0053531547569035335,0.03828713891706714,0.039029535864978815
2023-09-05,29.34,29.47,29.05,29.18,44732261.0,1483496734.0,20628944429.0,0.002168422196974643,-0.012600200757467483,-0.01252115059221659
2023-09-06,29.17,29.49,28.88,29.4,54674047.0,1812037299.0,20628944429.0,0.002650356017399498,0.00751113124999625,0.007539410555174708
2023-09-07,29.35,29.35,29.09,29.2,35870198.0,1188879205.0,20628944429.0,0.0017388285728073402,-0.00682596507040012,-0.006802721088435382
2023-09-08,29.08,29.31,29.04,29.23,29850098.0,989879153.0,20628944429.0,0.0014470007470686178,0.0010268698489186434,0.001027397260274121
2023-09-11,29.19,29.34,29.0,29.0,63287369.0,2091952941.0,20628944429.0,0.003067891777876484,-0.007899749136680345,-0.007868628121792676
2023-09-12,28.99,29.12,28.92,28.97,27759078.0,914017922.0,20628944429.0,0.0013456373444380662,-0.0010350182052150103,-0.001034482758620725
2023-09-13,29.04,29.15,28.78,28.86,29891534.0,980129608.0,20628944429.0,0.0014490093811091336,-0.0038042584355344466,-0.0037970314118053183
2023-09-14,29.04,29.25,28.95,29.14,43734390.0,1443840329.0,20628944429.0,0.002120049823708796,0.009655247421334057,0.00970200970200974
2023-09-15,29.34,29.45,28.9,29.04,43960215.0,1453249853.0,20628944429.0,0.0021309968210589145,-0.003437610810463454,-0.0034317089910775866
2023-09-18,28.97,29.12,28.82,29.1,36040192.0,1186454306.0,20628944429.0,0.00174706913017493,0.0020639842208516335,0.0020661157024794985
2023-09-19,29.08,29.08,28.83,29.04,38465270.0,1263587161.0,20628944429.0,0.00186462618736448,-0.0020639842208516335,-0.0020618556701031965
2023-09-20,28.96,28.96,28.75,28.84,30931758.0,1012842173.0,20628944429.0,0.0014994348405203122,-0.006910877539846982,-0.00688705234159781
2023-09-21,28.86,28.91,28.52,28.52,39031854.0,1270724458.0,20628944429.0,0.0018920916741202395,-0.011157716870652923,-0.01109570041608876
2023-09-22,28.72,29.41,28.48,29.38,71283316.0,2349131841.0,20628944429.0,0.0034554999285271474,0.029708575199635767,0.03015427769985979
2023-09-25,29.33,29.33,28.99,29.08,45651541.0,1506238619.0,20628944429.0,0.002212984826107895,-0.010263518080412481,-0.010211027910142945
2023-09-26,29.02,29.15,28.86,28.9,32202356.0,1058673650.0,20628944429.0,0.0015610278126848892,-0.0062090575469322395,-0.0061898211829436445
2023-09-27,28.99,29.16,28.86,28.92,35246679.0,1159673830.0,20628944429.0,0.0017086031290311932,0.0006918021721773471,0.0006920415224913601
2023-09-28,29.1,29.2,28.86,29.05,38856469.0,1280959169.0,20628944429.0,0.0018835897849128866,0.004485086007356642,0.004495159059474396
2023-10-09,28.82,28.82,28.53,28.71,36134267.0,1176010754.0,20628944429.0,0.0017516294701537295,-0.011772989164947845,-0.011703958691910543
2023-10-10,29.19,29.19,28.72,28.72,34263698.0,1123856356.0,20628944429.0,0.0016609525571183554,0.0003482500470508576,0.0003483106931381208
2023-10-11,28.94,28.95,28.55,28.6,37609124.0,1226529938.0,20628944429.0,0.001823124015358217,-0.004187026354216528,-0.00417827298050133
2023-10-12,29.07,29.37,28.89,29.14,61745963.0,2041713576.0,20628944429.0,0.0029931712314469196,0.018705082941251838,0.018881118881118875
2023-10-13,28.89,28.97,28.65,28.74,41037187.0,1341527525.0,20628944429.0,0.001989301349918334,-0.013821920116179776,-0.013726835964310347
2023-10-16,28.71,28.78,28.41,28.47,28677414.0,928068013.0,20628944429.0,0.0013901542126259028,-0.009438979360932631,-0.009394572025052228
2023-10-17,28.54,28.73,28.39,28.66,28622914.0,928757316.0,20628944429.0,0.0013875122936373877,0.006651521110079273,0.006673691605198595
2023-10-18,28.63,28.76,28.56,28.63,24931667.0,810933178.0,20628944429.0,0.0012085769626172082,-0.0010473032900017998,-0.0010467550593161734
2023-10-19,28.55,28.55,27.78,27.82,60429338.0,1922080369.0,20628944429.0,0.0029293470738642803,-0.02869993261472681,-0.028292001397135835
2023-10-20,27.75,28.03,27.67,27.89,37258937.0,1178535483.0,20628944429.0,0.0018061484982053514,0.0025130151441006277,0.0025161754133717906
2023-10-23,27.84,27.89,27.32,27.52,39380184.0,1232365016.0,20628944429.0,0.0019089771721251846,-0.013355188574254662,-0.013266403728935172
2023-10-24,27.65,27.68,27.35,27.58,36552663.0,1142319006.0,20628944429.0,0.0017719114579907718,0.0021778593000125746,0.0021802325581394832
2023-10-25,27.85,27.98,27.49,27.69,37569332.0,1179249724.0,20628944429.0,0.0018211950751675565,0.003980464817714857,0.003988397389412812
2023-10-26,27.63,27.98,27.55,27.76,28702985.0,904374422.0,20628944429.0,0.0013913937816250831,0.002524798455733279,0.002527988443481455
2023-10-27,27.71,27.89,27.45,27.78,39145276.0,1231933968.0,20628944429.0,0.001897589871102173,0.0007202016875940132,0.0007204610951008217
2023-10-30,27.33,27.43,26.92,27.23,83850056.0,2582604676.0,20628944429.0,0.004064679910724093,-0.019997030640529267,-0.01979841612670985
2023-10-31,27.09,27.31,26.97,27.11,52801599.0,1624462290.0,20628944429.0,0.002559588018753492,-0.004416643175094492,-0.0044069041498348005
2023-11-01,27.14,27.21,26.82,26.83,52989707.0,1617976148.0,20628944429.0,0.0025687066627368246,-0.010381999073041381,-0.010328292143120699
2023-11-02,26.96,27.15,26.89,27.04,36466771.0,1118895486.0,20628944429.0,0.001767747793664872,0.007796586737230715,0.007827059262020208
2023-11-03,27.04,27.35,26.96,27.31,43956879.0,1357177293.0,20628944429.0,0.0021308351065314705,0.009935684310850235,0.009985207100591698
2023-11-06,27.45,27.63,27.28,27.44,51982385.0,1617714882.0,20628944429.0,0.0025198761467854647,0.0047488673720708086,0.004760161113145367
2023-11-07,27.44,27.44,27.01,27.14,51624067.0,1589834114.0,20628944429.0,0.002502506474709744,-0.010993148450961332,-0.01093294460641403
2023-11-08,27.09,27.12,26.88,26.96,44518298.0,1363161957.0,20628944429.0,0.002158050216928043,-0.0066543683626165695,-0.0066322770817980325
2023-11-09,26.92,27.12,26.89,27.02,32764958.0,1003833045.0,20628944429.0,0.001588300269689965,0.0022230464879462453,0.002225519287833766
2023-11-10,26.88,26.93,26.52,26.58,51696462.0,1561581974.0,20628944429.0,0.0025060158641624698,-0.016418279246953382,-0.016284233900814238
2023-11-13,26.59,26.67,26.09,26.28,63424273.0,1891693842.0,20628944429.0,0.003074528278375634,-0.011350859668689317,-0.011286681715575564
2023-11-14,26.32,26.61,26.31,26.61,44834267.0,1347710790.0,20628944429.0,0.0021733669967607433,0.012478891373187917,0.01255707762557079
2023-11-15,26.83,27.11,26.78,27.0,60193960.0,1842095992.0,20628944429.0,0.0029179369893197167,0.014549781014731256,0.014656144306651742
2023-11-16,27.03,27.11,26.76,26.91,31571993.0,965161754.0,20628944429.0,0.001530470602054478,-0.0033389012655145045,-0.0033333333333332993
2023-11-17,26.84,26.89,26.52,26.73,43245282.0,1308022703.0,20628944429.0,0.002096340030816416,-0.006711434587987064,-0.006688963210702337
2023-11-20,26.74,26.96,26.56,26.95,36922708.0,1123420442.0,20628944429.0,0.0017898496031670123,0.008196767204178723,0.008230452674897082
2023-11-21,27.1,27.2,26.76,26.82,48854470.0,1497630759.0,20628944429.0,0.002368248659942134,-0.004835419501473925,-0.0048237476808905555
2023-11-22,26.7,26.8,26.57,26.58,27370542.0,828342908.0,20628944429.0,0.0013268028373532635,-0.008988824568433085,-0.008948545861297563
2023-11-23,26.45,26.62,26.39,26.56,29979383.0,900540283.0,20628944429.0,0.0014532679121407313,-0.0007527286768662655,-0.0007524454477050302
2023-11-24,26.49,26.52,26.37,26.44,29116276.0,873539196.0,20628944429.0,0.0014114283016376048,-0.004528309624747262,-0.004518072289156572
2023-11-27,26.44,26.46,25.81,25.91,58101958.0,1714186982.0,20628944429.0,0.002816525983671794,-0.02024902040946719,-0.020045385779122626
2023-11-28,25.92,25.99,25.59,25.7,47516511.0,1389229278.0,20628944429.0,0.00230339032438333,-0.008138002672844369,-0.008104978772674687
2023-11-29,25.73,25.77,25.27,25.38,62063752.0,1789462813.0,20628944429.0,0.003008576236831163,-0.012529529614932589,-0.012451361867704347
2023-11-30,25.38,25.54,25.2,25.37,55156006.0,1585194742.0,20628944429.0,0.002673719258386393,-0.0003940886750508632,-0.0003940110323088497
2023-12-01,25.31,25.33,24.74,24.9,88273644.0,2496795770.0,20628944429.0,0.004279115894844606,-0.01869957014052881,-0.01852581789515184
2023-12-04,24.91,25.08,24.69,24.74,55787830.0,1569603288.0,20628944429.0,0.002704347291835928,-0.00644643650631993,-0.006425702811244993
2023-12-05,24.73,24.74,24.23,24.24,61890167.0,1717656519.0,20628944429.0,0.0030001616036637972,-0.020417205763228363,-0.0202101859337106
2023-12-06,24.29,24.64,24.19,24.46,61125926.0,1697947805.0,20628944429.0,0.002963114579632571,0.00903496905791279,0.009075907590759158
2023-12-07,24.47,24.62,24.05,24.51,59496698.0,1643064047.0,20628944429.0,0.0028841368110120087,0.0020420672809948748,0.0020441537203597093
2023-12-08,24.41,24.63,24.23,24.23,53349765.0,1479206064.0,20628944429.0,0.002586160682317867,-0.011489662711587023,-0.011423908608731215
2023-12-11,24.01,24.54,23.7,24.46,75808597.0,2067921108.0,20628944429.0,0.0036748655395779195,0.009447595430592148,0.009492364836978906
2023-12-12,24.41,24.74,24.33,24.72,50420111.0,1409339298.0,20628944429.0,0.0024441440119989766,0.010573502330463391,0.01062959934587071
2023-12-13,24.6,24.6,23.97,23.99,67123932.0,1844591027.0,20628944429.0,0.0032538713859560225,-0.029975555737886683,-0.029530744336569548
2023-12-14,24.18,24.36,23.82,23.82,44526808.0,1214879008.0,20628944429.0,0.0021584627440948737,-0.007111512924449226,-0.007086285952480176
2023-12-15,24.21,24.72,23.97,24.0,98068659.0,2697705037.0,20628944429.0,0.004753934906244446,0.0075282664207918515,0.007556675062972307
2023-12-18,23.79,24.13,23.7,24.04,47716425.0,1299068335.0,20628944429.0,0.002313081271037826,0.0016652793190612414,0.0016666666666667052
2023-12-19,23.97,24.1,23.81,24.05,37657373.0,1024185206.0,20628944429.0,0.001825462913510086,0.0004158868847632391,0.0004159733777038266
2023-12-20,24.07,24.15,23.85,23.85,53112808.0,1446520286.0,20628944429.0,0.002574674054836003,-0.008350779217420001,-0.008316008316008316
2023-12-21,23.77,24.45,23.72,24.42,75910481.0,2082187758.0,20628944429.0,0.003679804425343532,0.023618251348208386,0.023899371069182385
2023-12-22,24.48,24.54,24.15,24.33,62364372.0,1721377205.0,20628944429.0,0.003023148965020657,-0.003692311887127264,-0.0036855036855037993
2023-12-25,24.32,24.43,24.16,24.26,41903386.0,1154001375.0,20628944429.0,0.002031290846907928,-0.0028812532795270407,-0.0028771064529385937
2023-12-26,24.22,24.22,23.93,24.03,36525708.0,997177589.0,20628944429.0,0.0017706047987919567,-0.009525853767526904,-0.009480626545754323
2023-12-27,24.08,24.12,23.84,24.06,41063687.0,1117439216.0,20628944429.0,0.0019905859527292635,0.0012476607981555254,0.0012484394506866447
2023-12-28,24.01,24.79,24.01,24.66,106106285.0,2953200858.0,20628944429.0,0.005143563470501024,0.0246317871896653,0.02493765586034913
2023-12-29,24.59,24.72,24.47,24.52,65577345.0,1827818811.0,20628944429.0,0.003178899687558027,-0.005693386668187639,-0.005677210056772131
2024-01-02,24.63,24.64,24.29,24.3,54219480.0,1500865548.0,20628944429.0,0.0026283206194389038,-0.009012760721507806,-0.008972267536704659
2024-01-03,24.3,24.53,24.25,24.47,43395588.0,1200383624.0,20628944429.0,0.0021036262010088523,0.006971527108077247,0.00699588477366242
2024-01-04,24.46,24.52,24.11,24.51,63710249.0,1759101593.0,20628944429.0,0.0030883911302042513,0.0016333200854412588,0.00163465467919921
2024-01-05,24.45,25.36,24.34,24.93,119063315.0,3376466447.0,20628944429.0,0.005771662985946182,0.016990699995445002,0.017135862913096656
2024-01-08,24.82,25.19,24.63,24.79,81682070.0,2305065736.0,20628944429.0,0.003959585536774825,-0.005631551488367137,-0.005615724027276392
2024-01-09,24.78,24.92,24.59,24.82,55866306.0,1569684230.0,20628944429.0,0.002708151461277079,0.0012094337293619972,0.0012101653892699904
2024-01-10,24.69,24.98,24.69,24.72,45364048.0,1277638873.0,20628944429.0,0.0021990484368278,-0.004037147186971346,-0.0040290088638195165
2024-01-11,24.67,25.18,24.54,25.01,73531826.0,2082611272.0,20628944429.0,0.0035644977499008413,0.011663112300038136,0.011731391585760642
2024-01-12,24.9,25.36,24.9,25.15,57783201.0,1652242626.0,20628944429.0,0.0028010740539282683,0.005582151656220002,0.005597760895641679
2024-01-15,25.11,25.5,25.0,25.35,48245229.0,1383953760.0,20628944429.0,0.0023387153504654,0.007920833491444235,0.007952286282306265
2024-01-16,25.23,25.67,25.2,25.67,85344024.0,2469511282.0,20628944429.0,0.004137100872695361,0.012544264845856912,0.012623274161735809
2024-01-17,25.66,26.07,25.58,25.72,130860146.0,3843478823.0,20628944429.0,0.006343521184537095,0.001945904486369443,0.0019477989871443668
2024-01-18,25.5,26.15,25.2,26.07,129512645.0,3762050846.0,20628944429.0,0.006278200295015202,0.013516328575991832,0.013608087091757426
2024-01-19,25.88,26.35,25.68,26.2,96861623.0,2865398412.0,20628944429.0,0.004695423138754144,0.004974182821640749,0.004986574606827832
2024-01-22,26.22,26.88,26.17,26.66,154970267.0,4691297100.0,20628944429.0,0.007512273230138915,0.017404903983511577,0.017557251908397076
2024-01-23,26.44,26.74,26.26,26.43,88605552.0,2661547376.0,20628944429.0,0.004295205326911398,-0.008664586134365049,-0.008627156789197343
2024-01-24,26.57,26.69,25.89,26.52,97489239.0,2904947629.0,20628944429.0,0.0047258471869724185,0.0033994367014642535,0.0034052213393871433
2024-01-25,26.71,27.32,26.59,27.23,123450922.0,3791899866.0,20628944429.0,0.00598435477030292,0.026420141368006522,0.02677224736048278
2024-01-26,27.25,27.63,27.02,27.42,100991578.0,3132788305.0,20628944429.0,0.004895625093547049,0.0069533674484998365,0.006977598237238425
2024-01-29,27.49,27.85,27.47,27.63,83882433.0,2632393040.0,20628944429.0,0.004066249404505583,0.007629464801156782,0.007658643326039272
2024-01-30,27.49,27.76,27.12,27.32,74399913.0,2316762500.0,20628944429.0,0.003606578768781267,-0.01128310423273593,-0.011219688744118717
2024-01-31,27.25,27.48,26.96,27.06,80894928.0,2494516011.0,20628944429.0,0.003921428373537067,-0.009562411959947337,-0.009516837481698404
2024-02-01,27.03,27.18,26.61,26.81,85970009.0,2621519218.0,20628944429.0,0.004167445857246291,-0.00928167049477402,-0.009238728750923908
2024-02-02,26.83,27.02,26.12,26.64,98729165.0,2986530108.0,20628944429.0,0.004785953316215606,-0.006361106575679454,-0.006340917568071536
2024-02-05,26.64,27.27,26.49,27.06,106397881.0,3246673368.0,20628944429.0,0.0051576987550767135,0.015642777070453473,0.015765765765765716
2024-02-06,27.06,27.63,26.96,27.61,106215843.0,3296036540.0,20628944429.0,0.00514887435785045,0.02012140319942146,0.020325203252032464
2024-02-07,27.69,27.74,27.15,27.59,111051058.0,3458135329.0,20628944429.0,0.005383264198622075,-0.000724637712868681,-0.0007243752263672576
2024-02-08,27.59,27.71,27.33,27.67,87300436.0,2728137528.0,20628944429.0,0.004231939074753324,0.002895405569640186,0.002899601304820587
2024-02-19,28.19,28.19,27.68,27.86,87549010.0,2770406837.0,20628944429.0,0.004243988843022153,0.006843174552825015,0.006866642573183812
2024-02-20,27.86,27.86,27.57,27.67,60640469.0,1907541533.0,20628944429.0,0.0029395817710746327,-0.006843174552825015,-0.006819813352476611
2024-02-21,27.67,29.42,27.63,29.08,152865612.0,5003152628.0,20628944429.0,0.0074102488630054565,0.04970185886648393,0.05095771593783871
2024-02-22,28.91,29.04,28.54,28.9,75276038.0,2461009465.0,20628944429.0,0.0036490494343558153,-0.0062090575469322395,-0.0061898211829436445
2024-02-23,28.91,29.43,28.74,29.04,63984872.0,2118316307.0,20628944429.0,0.0031017036387984346,0.004832594838208859,0.004844290657439521
2024-02-26,28.96,29.13,28.27,28.42,66639018.0,2163023087.0,20628944429.0,0.003230364899636814,-0.021581067287640643,-0.02134986225895308
2024-02-27,28.41,28.55,28.19,28.36,54349154.0,1746108592.0,20628944429.0,0.00263460664151077,-0.00211342100502776,-0.002111189303307559
2024-02-28,28.45,28.45,27.85,28.22,68370752.0,2186677932.0,20628944429.0,0.0033143117058323625,-0.004948755239258862,-0.0049365303244005565
2024-02-29,28.1,28.37,28.07,28.23,49892829.0,1595634178.0,20628944429.0,0.00241858371240077,0.0003542958407298791,0.0003543586109142627
2024-03-01,28.13,28.27,27.98,28.15,42717392.0,1361853701.0,20628944429.0,0.0020707502580669247,-0.002837887679698614,-0.002833864682961429
2024-03-04,27.99,28.08,27.73,27.78,59135015.0,1868022544.0,20628944429.0,0.0028666040186170884,-0.013231017259501598,-0.013143872113676625
2024-03-05,27.69,28.38,27.59,28.36,89402867.0,2850224114.0,20628944429.0,0.00433385563220182,0.020663364337729195,0.020878329733621248
2024-03-06,28.32,28.43,28.08,28.08,51610177.0,1655425115.0,20628944429.0,0.002501833148934506,-0.009922122506316633,-0.009873060648801224
2024-03-07,28.08,28.31,28.0,28.2,51949197.0,1659111449.0,20628944429.0,0.0025182673393104034,0.004264398786457679,0.004273504273504258
2024-03-08,28.1,28.21,27.8,27.91,44107117.0,1399732269.0,20628944429.0,0.0021381179803846182,-0.01033693039583694,-0.010283687943262398
2024-03-11,27.8,27.98,27.49,27.74,73853794.0,2318402185.0,20628944429.0,0.0035801053347245893,-0.006109632661545739,-0.006091006807595889
2024-03-12,27.69,28.33,27.56,28.15,76925375.0,2447163517.0,20628944429.0,0.003729001998369773,0.014671939699014036,0.014780100937274776
2024-03-13,28.16,28.19,27.7,27.78,46938714.0,1482651384.0,20628944429.0,0.0022753812809740252,-0.013231017259501598,-0.013143872113676625
2024-03-14,27.72,27.95,27.46,27.54,50817498.0,1595073269.0,20628944429.0,0.0024634075764226296,-0.008676844025688801,-0.008639308855291628
2024-03-15,27.53,27.69,27.32,27.48,52078063.0,1621589213.0,20628944429.0,0.002524514193115431,-0.002181025946360382,-0.002178649237472685
2024-03-18,27.45,27.62,27.32,27.43,46189770.0,1436837360.0,20628944429.0,0.0022390757878559603,-0.0018211624046364783,-0.00181950509461426
2024-03-19,27.41,27.41,27.08,27.14,54702530.0,1688506946.0,20628944429.0,0.002651736747281147,-0.010628650542789053,-0.01057236602260292
2024-03-20,27.14,27.49,27.02,27.48,49827225.0,1544956631.0,20628944429.0,0.0024154035205966864,0.012449812947425531,0.012527634487840889
2024-03-21,27.47,27.99,27.36,27.8,64676108.0,2040298376.0,20628944429.0,0.0031352117032744952,0.011577553342442926,0.011644832605531397
2024-03-22,27.78,27.8,27.23,27.49,55287852.0,1722145156.0,20628944429.0,0.0026801105694131784,-0.011213718519436977,-0.011151079136690778
2024-03-25,27.41,27.77,27.25,27.63,48375902.0,1514858505.0,20628944429.0,0.0023450497996394598,0.005079836758170586,0.005092761004001467
2024-03-26,28.02,28.78,27.96,28.55,124430791.0,4014510510.0,20628944429.0,0.006031854486217735,0.03275479716669416,0.03329714078899748
2024-03-27,28.45,28.77,28.38,28.46,78208488.0,2539984050.0,20628944429.0,0.0037912016423901533,-0.003157343440312932,-0.0031523642732048662
2024-03-28,28.5,28.64,28.26,28.36,69474492.0,2242513222.0,20628944429.0,0.003367816140041239,-0.0035198909977793846,-0.0035137034434293835
2024-03-29,28.29,28.76,28.26,28.37,51400131.0,1663236764.0,20628944429.0,0.002491651047726035,0.0003525471568330829,0.00035260930888592057
2024-04-01,28.36,28.95,28.36,28.76,57015232.0,1861582316.0,20628944429.0,0.002763846312943112,0.013653284032085988,0.013746915756080336
2024-04-02,28.82,29.01,28.59,28.68,53661899.0,1753251097.0,20628944429.0,0.002601291558309816,-0.002785517121426384,-0.002781641168289384
2024-04-03,28.67,28.75,28.4,28.4,49808163.0,1612691616.0,20628944429.0,0.0024144794791332172,-0.009810870564259222,-0.009762900976290179
2024-04-08,28.41,28.69,28.22,28.55,47729123.0,1544564957.0,20628944429.0,0.002313696813924361,0.005267790934858851,0.00528169014084523
2024-04-09,28.64,28.75,28.47,28.47,38477207.0,1248965235.0,20628944429.0,0.0018652048403363314,-0.002806034812072866,-0.0028021015761822143
2024-04-10,28.37,28.8,28.37,28.63,50401372.0,1638691786.0,20628944429.0,0.0024432356281471274,0.005604217820077473,0.005619950825430209
2024-04-11,28.47,28.57,28.31,28.46,44374773.0,1432073801.0,20628944429.0,0.002151092759628472,-0.0059555264483175385,-0.005937827453719846
2024-04-12,28.45,28.61,28.25,28.3,47820414.0,1540845216.0,20628944429.0,0.002318122197894646,-0.005637788012514466,-0.005621925509487036
2024-04-15,28.29,29.08,28.28,28.93,76464473.0,2503221029.0,20628944429.0,0.0037066595076240003,0.02201731433885179,0.02226148409893991
2024-04-16,28.82,29.05,28.6,28.86,74155610.0,2429469045.0,20628944429.0,0.003594736039705098,-0.002422565642318908,-0.0024196335983408535
2024-04-17,28.81,29.51,28.61,29.34,94821196.0,3131202074.0,20628944429.0,0.004596512261029757,0.016495219369110803,0.016632016632016633
2024-04-18,29.31,30.05,29.25,29.65,100657401.0,3393695785.0,20628944429.0,0.004879425670394296,0.010510352728898997,0.0105657805044308
2024-04-19,29.57,29.82,29.45,29.63,54038350.0,1818443521.0,20628944429.0,0.0026195402380372566,-0.0006747638582607074,-0.0006745362563237434
2024-04-22,29.77,30.13,29.12,29.38,60753507.0,2034006573.0,20628944429.0,0.002945061353434702,-0.008473190839742628,-0.00843739453256831
2024-04-23,29.34,29.8,29.28,29.41,51245244.0,1717681682.0,20628944429.0,0.0024841428109118303,0.0010205818201725059,0.0010211027910143056
2024-04-24,29.41,29.56,29.17,29.49,44338353.0,1480785929.0,20628944429.0,0.002149327279086055,0.0027164702612809677,0.0027201632097926254
2024-04-25,29.47,30.31,29.41,30.31,91948180.0,3136628386.0,20628944429.0,0.004457241150484657,0.027426468242527147,0.027806035944387908
2024-04-26,30.31,30.73,30.15,30.38,95489883.0,3292052902.0,20628944429.0,0.004628927249702661,0.002306806097915004,0.002309468822170979
2024-04-29,30.31,30.98,30.14,30.74,81806412.0,2854804596.0,20628944429.0,0.0039656130870660165,0.011780240942822928,0.011849901250822859
2024-04-30,30.31,30.47,30.0,30.23,86804180.0,2982962844.0,20628944429.0,0.004207882778431038,-0.016729929319082792,-0.016590761223161943
2024-05-06,30.93,31.16,30.6,30.74,100070494.0,3501168456.0,20628944429.0,0.004850975014471498,0.016729929319082792,0.016870658286470386
2024-05-07,30.74,30.8,30.52,30.73,47384857.0,1649813221.0,20628944429.0,0.002297008320667477,-0.0003253619680565478,-0.0003253090435912931
2024-05-08,30.68,30.81,30.45,30.46,41286158.0,1434042865.0,20628944429.0,0.002001370362991538,-0.008825028675377489,-0.008786202408070265
2024-05-09,30.49,30.78,30.49,30.7,51239131.0,1782846432.0,20628944429.0,0.0024838464797049165,0.007848307126135712,0.007879185817465384
2024-05-10,30.7,31.59,30.67,31.39,94036570.0,3331360840.0,20628944429.0,0.00455847706234567,0.022226716260711044,0.02247557003257339
2024-05-13,31.23,31.79,31.13,31.64,74780026.0,2674602938.0,20628944429.0,0.0036250049660745054,0.007932772045590841,0.007964319847085122
2024-05-14,31.63,31.84,31.02,31.14,68777884.0,2440460309.0,20628944429.0,0.003334047664761393,-0.01592897649360081,-0.015802781289506962
2024-05-15,31.13,31.23,30.57,30.89,67494406.0,2361226415.0,20628944429.0,0.0032718303271551267,-0.008060659475362275,-0.008028259473346178
2024-05-16,30.91,32.12,30.84,31.94,129147553.0,4659047071.0,20628944429.0,0.00626050224937566,0.0334266358563764,0.03399158303658134
2024-05-17,31.99,32.52,31.78,32.47,91687944.0,3342837158.0,20628944429.0,0.004444626060027863,0.01645744332788812,0.01659361302442064
2024-05-20,32.47,32.6,31.8,32.06,91425000.0,3337501051.0,20628944429.0,0.004431879697706466,-0.012707438933347692,-0.012627040344933671
2024-05-21,32.04,32.18,31.84,31.93,44599944.0,1620630880.0,20628944429.0,0.002162008053950728,-0.00406314045471623,-0.004054897067997554
2024-05-22,31.92,32.06,31.51,31.78,66447739.0,2398900244.0,20628944429.0,0.0032210925395963702,-0.004708845618120794,-0.00469777638584401
2024-05-23,31.64,31.73,31.12,31.28,92458495.0,3284073837.0,20628944429.0,0.004481978964954824,-0.01585824543145975,-0.01573316551290116
2024-05-24,31.11,31.27,30.54,30.61,87044000.0,3051224758.0,20628944429.0,0.00421950819149206,-0.021652162719789203,-0.021419437340153502
2024-05-27,30.71,31.03,30.62,30.97,57093814.0,1997775669.0,20628944429.0,0.0027676556207955065,0.011692241027790207,0.011760862463247257
2024-05-28,30.93,31.13,30.6,30.69,47619058.0,1660811058.0,20628944429.0,0.0023083613494570047,-0.00908212535346653,-0.009041007426541792
2024-05-29,30.62,30.89,30.37,30.46,49104118.0,1703567318.0,20628944429.0,0.002380350490981489,-0.007522521164629037,-0.007494297816878492
2024-05-30,30.36,30.75,30.12,30.26,55924484.0,1928489154.0,20628944429.0,0.0027109716734406352,-0.00658763910680582,-0.006565988181221227
2024-05-31,30.43,30.49,30.21,30.21,50893248.0,1752657846.0,20628944429.0,0.002467079601438777,-0.0016537129616294166,-0.0016523463317911213
2024-06-03,30.15,30.3,29.89,30.09,60811135.0,2071791245.0,20628944429.0,0.0029478549040304848,-0.003980104756626801,-0.003972194637537285
2024-06-04,30.09,30.56,30.05,30.44,53378842.0,1840296169.0,20628944429.0,0.002587570206692712,0.011564642351531429,0.011631771352608844
2024-06-05,30.56,30.58,29.86,29.95,69104122.0,2359792656.0,20628944429.0,0.003349862240302223,-0.01622820843202666,-0.016097240473061825
2024-06-06,30.04,30.14,29.77,29.96,67724066.0,2302856624.0,20628944429.0,0.0032829632283459965,0.00033383408756026967,0.0003338898163607329
2024-06-07,30.0,30.18,29.65,29.95,67826559.0,2298090330.0,20628944429.0,0.0032879316357384714,-0.00033383408756026967,-0.00033377837116155273
2024-06-11,29.77,29.93,29.19,29.4,69044831.0,2309722313.0,20628944429.0,0.003346988074820607,-0.018534650216822435,-0.018363939899833093
2024-06-12,29.39,29.4,29.04,29.16,51138059.0,1693037688.0,20628944429.0,0.0024789469561084542,-0.008196767204178723,-0.008163265306122436
2024-06-13,29.26,29.27,28.83,28.92,55018421.0,1808251998.0,20628944429.0,0.002667049746018781,-0.008264509849893464,-0.008230452674897082
2024-06-14,28.92,29.98,28.92,29.79,99167429.0,3324856785.0,20628944429.0,0.004807198416831801,0.029639369434627305,0.030082987551867113
2024-06-17,29.61,29.78,29.42,29.72,45768248.0,1539063152.0,20628944429.0,0.0022186422653628062,-0.0023525468756329104,-0.002349781805975115
2024-06-18,29.84,30.23,29.63,29.71,45367539.0,1538144777.0,20628944429.0,0.002199217665069798,-0.000336530375041999,-0.0003364737550470842
2024-06-19,29.71,30.31,29.66,30.09,58593722.0,1997678159.0,20628944429.0,0.0028403645276987334,0.012709201167437456,0.01279030629417699
2024-06-20,30.1,30.16,29.87,29.97,39246667.0,1336247232.0,20628944429.0,0.0019025048584079445,-0.003996009313381954,-0.003988035892323105
2024-06-21,29.86,30.03,29.51,29.7,52396280.0,1765822362.0,20628944429.0,0.00253993994604696,-0.009049835519917782,-0.009009009009009028
2024-06-24,29.78,30.15,29.51,30.02,69258954.0,2350203464.0,20628944429.0,0.00335736781095965,0.010716780396661907,0.01077441077441077
2024-06-25,30.02,30.38,29.93,30.23,63816020.0,2187945494.0,20628944429.0,0.003093518440540659,0.006970982586051111,0.0069953364423718245
2024-06-26,30.12,30.28,29.92,30.01,45263801.0,1545807548.0,20628944429.0,0.0021941889055829985,-0.007304149339091293,-0.007277538868673439
2024-06-27,29.93,30.26,29.81,30.19,55517260.0,1894891373.0,20628944429.0,0.0026912312547584497,0.005980084266471675,0.005998000666444403
2024-06-28,30.14,30.38,30.0,30.13,52574940.0,1799951939.0,20628944429.0,0.002548600592771513,-0.001989390576537353,-0.0019874130506790655
2024-07-01,30.13,30.31,29.92,30.28,47223865.0,1616131283.0,20628944429.0,0.002289204140450981,0.004966075427037975,0.004978426817125792
2024-07-02,30.3,31.06,30.28,30.91,86877071.0,3041833255.0,20628944429.0,0.004211416211770338,0.020592327574777247,0.020805812417437286
2024-07-03,30.85,30.92,30.23,30.37,69137270.0,2388331234.0,20628944429.0,0.0033514691087541734,-0.01762447708636783,-0.017470074409576153
2024-07-04,30.44,30.88,30.38,30.59,69691892.0,2424281266.0,20628944429.0,0.003378354730648637,0.007217879105154701,0.007243990780375409
2024-07-05,30.59,30.69,29.66,29.86,96778276.0,3295568199.0,20628944429.0,0.004691382844773671,-0.024153366051767655,-0.023864007845701196
2024-07-08,29.83,30.16,29.71,29.95,54573002.0,1855611836.0,20628944429.0,0.002645457802643635,0.003009532450414021,0.003014065639651786
2024-07-09,29.95,30.45,29.71,30.38,62103701.0,2124005154.0,20628944429.0,0.003010512787687533,0.014255172606168376,0.014357262103505741
2024-07-10,30.38,30.84,30.36,30.56,72631424.0,2524474646.0,20628944429.0,0.0035208502427247486,0.0059074671306929005,0.00592495062541154
2024-07-11,30.91,30.95,30.64,30.74,73238896.0,2411951386.0,20628944429.0,0.0035502977989044057,0.005872773812130028,0.005890052356021025
2024-07-12,30.84,31.84,30.84,31.77,94490425.0,3199683547.0,20628944429.0,0.004580477945694892,0.03295771017097504,0.0335068314899154
2024-07-15,31.77,31.81,31.51,31.56,47460366.0,1605883747.0,20628944429.0,0.0023006686630693816,-0.006631952303751465,-0.006610009442870712
2024-07-16,31.54,31.66,31.26,31.57,45579255.0,1535668998.0,20628944429.0,0.0022094807204931463,0.0003168065922269925,0.0003168567807352307
2024-07-17,31.49,31.94,31.44,31.83,57795422.0,1964635267.0,20628944429.0,0.002801666473964207,0.008201938724101243,0.00823566677225207
2024-07-18,31.83,32.0,31.54,31.85,59862717.0,2036474280.0,20628944429.0,0.002901879793512143,0.0006281407241708337,0.0006283380458687038
2024-07-19,31.77,32.05,31.38,32.0,81007218.0,2749172010.0,20628944429.0,0.0039268716961649635,0.004698520781554194,0.0047095761381474865
2024-07-22,31.93,31.93,30.92,31.15,80820577.0,2694241975.0,20628944429.0,0.00391782416585422,-0.0269216575662643,-0.026562500000000044
2024-07-23,31.15,31.5,31.05,31.15,53875468.0,1803269600.0,20628944429.0,0.0026116444389787737,0.0,0.0
2024-07-24,31.25,31.37,30.86,31.0,48245294.0,1604648703.0,20628944429.0,0.0023387185013779553,-0.004827040748315969,-0.0048154093097912964
2024-07-25,31.04,31.13,30.24,30.67,76207854.0,2496804673.0,20628944429.0,0.0036942197533320043,-0.010702226358985989,-0.010645161290322558
2024-07-26,30.65,30.87,30.0,30.24,60146167.0,1952156132.0,20628944429.0,0.002915620196031311,-0.014119426814827918,-0.014020215194000762
2024-07-29,30.25,30.51,30.09,30.32,41347533.0,1343740115.0,20628944429.0,0.0020043455515772286,0.002642009462838768,0.002645502645502784
2024-07-30,30.27,30.45,30.04,30.29,39078161.0,1264925929.0,20628944429.0,0.0018943364327000777,-0.0009899357350251492,-0.0009894459102902653
2024-07-31,30.29,30.83,30.13,30.58,59536965.0,1948675368.0,20628944429.0,0.0028860887771021103,0.009528575461770217,0.009574116870254112
2024-08-01,30.58,30.69,30.15,30.56,40913881.0,1332771463.0,20628944429.0,0.001983324020325713,-0.0006542362025965254,-0.0006540222367560355
2024-08-02,30.29,30.46,30.11,30.16,38613024.0,1250037017.0,20628944429.0,0.0018717886478824446,-0.013175421158564404,-0.01308900523560208
2024-08-05,30.09,30.38,29.95,29.99,58441984.0,1884940815.0,20628944429.0,0.0028330089404789293,-0.005652550378837606,-0.005636604774535869
2024-08-06,30.23,30.26,29.44,29.62,51438864.0,1637765272.0,20628944429.0,0.002493528652279836,-0.012414183921265032,-0.01233744581527163
2024-08-07,29.65,29.81,29.48,29.51,39073173.0,1238023516.0,20628944429.0,0.0018940946365181564,-0.0037206198848043215,-0.003713706954760254
2024-08-08,29.53,29.88,29.32,29.83,39459978.0,1252394782.0,20628944429.0,0.0019128452323778375,0.010785409571808735,0.01084378176889178
2024-08-09,29.87,30.44,29.72,30.21,48274847.0,1561254687.0,20628944429.0,0.002340151100127819,0.012658396871923383,0.01273885350318471
2024-08-12,30.18,30.22,29.83,30.01,31894321.0,1023447632.0,20628944429.0,0.0015460956380862236,-0.0066423359463048115,-0.006620324395895327
2024-08-13,29.99,30.11,29.67,29.84,28237769.0,902009896.0,20628944429.0,0.0013688421672368063,-0.005680884116715301,-0.005664778407197701
2024-08-14,29.81,30.03,29.72,29.77,28244610.0,901196911.0,20628944429.0,0.0013691737886643372,-0.002348600307875426,-0.0023458445040214215
2024-08-15,29.76,30.76,29.57,30.61,73978983.0,2409557383.0,20628944429.0,0.003586173943830153,0.027825577929636136,0.028216325159556632
2024-08-16,30.6,31.07,30.57,30.97,41850302.0,1383877362.0,20628944429.0,0.002028717569337537,0.011692241027790207,0.011760862463247257
2024-08-19,31.07,31.3,30.86,31.23,42284342.0,1409948503.0,20628944429.0,0.0020497579091132275,0.008360177309875816,0.008395221181788814
2024-08-20,31.25,31.39,30.98,31.28,42372873.0,1415473211.0,20628944429.0,0.002054049500488865,0.0015997443821231805,0.0016010246557798258
2024-08-21,31.11,31.23,30.66,31.06,37810105.0,1254587421.0,20628944429.0,0.0018328666854541945,-0.007058097956569309,-0.00703324808184147
2024-08-22,31.09,31.35,31.0,31.11,38286399.0,1276718683.0,20628944429.0,0.0018559553122930175,0.0016084931890048004,0.0016097875080489654
2024-08-23,31.09,31.63,30.9,31.49,46558726.0,1561509818.0,20628944429.0,0.002256961143128008,0.01214072420338752,0.012214721954355579
2024-08-26,31.49,31.62,31.27,31.55,35117460.0,1182990040.0,20628944429.0,0.0017023391633472125,0.0019035538742890878,0.0019053667831057108
2024-08-27,31.55,31.71,31.33,31.49,38720857.0,1308314397.0,20628944429.0,0.0018770159148602163,-0.0019035538742890878,-0.0019017432646593058
2024-08-28,31.61,31.75,31.24,31.47,41523208.0,1398682394.0,20628944429.0,0.002012861498702135,-0.0006353240366179236,-0.0006351222610352369
2024-08-29,31.38,31.55,30.74,30.77,51638782.0,1712021359.0,20628944429.0,0.002503219792836643,-0.02249452174236488,-0.022243406418811507
2024-08-30,30.65,30.94,30.01,30.04,111222983.0,3618077500.0,20628944429.0,0.00539159836233034,-0.024010362438016575,-0.023724406889827798
2024-09-02,29.9,30.25,29.75,29.83,55802065.0,1787602792.0,20628944429.0,0.0027050373416854967,-0.007015228369276816,-0.006990679094540653
2024-09-03,29.91,29.97,29.34,29.54,50575188.0,1596269780.0,20628944429.0,0.002451661459172958,-0.00976932142342335,-0.009721756620851507
2024-09-04,29.46,29.83,29.29,29.3,38052590.0,1198859446.0,20628944429.0,0.0018446212859299764,-0.008157761080211934,-0.008124576844955933
2024-09-05,29.3,29.38,28.87,29.15,54206345.0,1687017960.0,20628944429.0,0.0026276838927248827,-0.005132603226520427,-0.005119453924914752
2024-09-06,29.2,29.66,29.15,29.2,38318214.0,1206615762.0,20628944429.0,0.0018574975627997994,0.0017137964777345083,0.0017152658662091813
2024-09-09,28.95,28.95,28.07,28.25,87107347.0,2641195521.0,20628944429.0,0.004222578973917115,-0.03307525168178582,-0.03253424657534243
2024-09-10,28.26,28.43,27.97,28.21,47602357.0,1435849555.0,20628944429.0,0.0023075517588326527,-0.001416932578544916,-0.001415929203539834
2024-09-11,28.16,28.22,27.96,28.1,41579376.0,1249059023.0,20628944429.0,0.002015584274954372,-0.003906948674205157,-0.0038993264799715988
2024-09-12,28.12,28.5,27.97,28.24,41026697.0,1242374645.0,20628944429.0,0.001988792841107517,0.004969836285341422,0.004982206405693912
2024-09-13,28.29,28.87,28.03,28.59,49597443.0,1520857906.0,20628944429.0,0.0024042647053853284,0.012317593709179064,0.012393767705382475
2024-09-18,28.6,29.15,28.6,29.07,41854027.0,1295345114.0,20628944429.0,0.0020288981408647334,0.016649708236564198,0.016789087093389332
2024-09-19,29.15,29.18,28.62,28.8,45119126.0,1393040942.0,20628944429.0,0.00218717570136899,-0.009331327428884428,-0.009287925696594423
2024-09-20,28.8,29.07,28.65,28.91,48741755.0,1505998312.0,20628944429.0,0.0023627847351936847,0.0038121688863546055,0.0038194444444443754
2024-09-23,28.82,29.42,28.81,29.33,34460872.0,1076332365.0,20628944429.0,0.001670510680689759,0.01442332696110471,0.014527845036319542
2024-09-24,29.6,30.96,29.59,30.95,136121800.0,4427310186.0,20628944429.0,0.006598582902217774,0.053762116141245375,0.05523354926696222
2024-09-25,31.63,32.23,31.49,31.91,185624279.0,6327661421.0,20628944429.0,0.008998244172835665,0.0305464411595473,0.03101777059773836
2024-09-26,31.92,33.06,31.68,33.06,174532999.0,6068657572.0,20628944429.0,0.008460587966616603,0.03540465210272581,0.03603885929175821
2024-09-27,33.74,34.1,32.62,33.29,74545782.0,2653812670.0,20628944429.0,0.0036136498528351337,0.006932959194055677,0.006957047791893434
2024-09-30,33.96,35.5,33.56,35.14,256101260.0,9443438268.0,20628944429.0,0.012414656546360897,0.05408303117201729,0.05557224391709226
2024-10-08,38.65,38.65,36.27,37.37,297303868.0,11999361938.0,20628944429.0,0.014411976774829674,0.061528160738441695,0.06346044393853156
2024-10-09,37.09,37.11,34.58,34.58,185593210.0,7113813985.0,20628944429.0,0.0089967380851099,-0.07759276324224818,-0.07465881723307466
2024-10-10,34.94,36.91,34.94,36.19,143329841.0,5528664144.0,20628944429.0,0.006947996854289262,0.0455073573205067,0.046558704453441235
2024-10-11,36.19,36.64,35.53,35.91,90347580.0,3498241860.0,20628944429.0,0.00437965114070452,-0.007767029337659714,-0.007736943907156735
2024-10-14,36.45,37.19,36.15,36.75,129293839.0,5076841420.0,20628944429.0,0.006267593547745458,0.02312241742085419,0.023391812865497075
2024-10-15,36.6,37.36,35.97,35.97,95597653.0,3755705942.0,20628944429.0,0.004634151462719033,-0.02145296795131335,-0.0212244897959184
2024-10-16,35.64,36.91,35.63,36.91,101254815.0,3963555265.0,20628944429.0,0.004908385659212733,0.02579725933437471,0.026132888518209496
2024-10-17,36.93,37.18,35.96,35.96,84892228.0,3315820471.0,20628944429.0,0.0041151998005607695,-0.026075307438487627,-0.02573828230831743
2024-10-18,35.98,36.84,35.7,36.49,92819433.0,3603949498.0,20628944429.0,0.004499475643044305,0.014631040844936827,0.01473859844271419
2024-10-21,36.58,36.58,35.97,36.3,71753946.0,2780905731.0,20628944429.0,0.0034783139896934763,-0.005220509177551236,-0.005206906001644418
2024-10-22,36.29,37.0,36.21,36.6,60052610.0,2352800199.0,20628944429.0,0.0029110849664017967,0.008230499136515412,0.00826446280991755
2024-10-23,36.5,37.32,36.46,37.06,62709968.0,2482861345.0,20628944429.0,0.0030399019307959766,0.012489980449893245,0.012568306010928953
2024-10-24,36.95,37.07,36.57,36.73,33631220.0,1323826643.0,20628944429.0,0.0016302928206409586,-0.008944361025637892,-0.008904479222881956
2024-10-25,36.67,36.9,36.5,36.53,44793119.0,1756222719.0,20628944429.0,0.0021713723236866257,-0.005460019024384533,-0.005445140212360311
2024-10-28,36.45,36.53,35.77,35.99,66464094.0,2559210507.0,20628944429.0,0.0032218853576708134,-0.014892718716251974,-0.014782370654256805
2024-10-29,36.07,36.53,35.89,36.07,51468161.0,1990283154.0,20628944429.0,0.0024949488412817906,0.0022203728245084875,0.0022228396776882153
2024-10-30,35.98,36.35,35.14,35.39,70340828.0,2680423056.0,20628944429.0,0.0034098122781849875,-0.01903220055807564,-0.01885223177155526
2024-10-31,35.32,35.5,34.49,34.91,85039251.0,3173924099.0,20628944429.0,0.004122326825431384,-0.013655973240427333,-0.01356315343317327
2024-11-01,34.98,35.78,34.93,35.51,70310211.0,2671523515.0,20628944429.0,0.0034083281014203755,0.01704102583805156,0.017187052420509996
2024-11-04,35.6,36.21,34.95,36.21,64661209.0,2466019719.0,20628944429.0,0.0031344894656412862,0.019520976822553493,0.01971275696986763
2024-11-05,35.91,36.53,35.88,36.51,62874476.0,2445317943.0,20628944429.0,0.003047876551143915,0.008250871889995626,0.008285004142501995
2024-11-06,36.44,36.51,35.64,36.03,64833629.0,2501077845.0,20628944429.0,0.0031428476247605487,-0.0132342709075437,-0.013147082990961345
2024-11-07,35.9,36.98,35.86,36.97,74347218.0,2904874006.0,20628944429.0,0.0036040243482106282,0.02575484818853857,0.026089369969469756
2024-11-08,37.07,37.23,36.21,36.25,74536846.0,2920926027.0,20628944429.0,0.003613216675072173,-0.01966739164785647,-0.01947525020286711
2024-11-11,35.78,36.16,35.4,35.81,70314555.0,2682610299.0,20628944429.0,0.0034085386793302123,-0.012212197290342619,-0.012137931034482685
2024-11-12,35.68,36.29,35.05,35.12,89328928.0,3399364219.0,20628944429.0,0.004330271396457016,-0.01945641524342534,-0.0192683607930747
2024-11-13,35.12,35.49,35.05,35.34,48530440.0,1833809094.0,20628944429.0,0.0023525411184770226,0.006244698124634684,0.006264236902050246
2024-11-14,35.19,35.95,35.07,35.56,67644030.0,2585688546.0,20628944429.0,0.003279083437003523,0.006205943754153509,0.006225240520656428
2024-11-15,35.58,36.04,35.33,35.34,69927688.0,2671344642.0,20628944429.0,0.003389785077984709,-0.006205943754153509,-0.00618672665916753
2024-11-18,35.55,36.12,35.32,35.41,76344807.0,2918992440.0,20628944429.0,0.003700858629134465,0.001978799232261519,0.0019807583474813484
2024-11-19,35.42,35.67,34.99,35.24,52124855.0,1967719175.0,20628944429.0,0.0025267824623504877,-0.004812465055833215,-0.0048009036995197985
2024-11-20,35.32,35.36,34.94,35.02,45129126.0,1693331536.0,20628944429.0,0.0021876604571466995,-0.006262474210272817,-0.006242905788876207
2024-11-21,35.02,35.19,34.82,34.97,35033614.0,1309684433.0,20628944429.0,0.0016982746800534318,-0.0014287757824216207,-0.0014277555682468135
2024-11-22,34.97,35.08,33.97,34.06,69049090.0,2544524441.0,20628944429.0,0.0033471945323063335,-0.026366875840742043,-0.026022304832713616
2024-11-25,34.29,34.44,33.75,33.84,53409473.0,1945383410.0,20628944429.0,0.002589055062115413,-0.006480140496519571,-0.006459189665296461
2024-11-26,33.66,34.18,33.49,34.0,45942121.0,1666651768.0,20628944429.0,0.0022270708594965697,0.004716989878138733,0.004728132387706863
2024-11-27,34.0,34.27,33.74,34.2,39207688.0,1429782933.0,20628944429.0,0.0019006153288620117,0.005865119452398204,0.00588235294117645
2024-11-28,34.2,34.43,33.8,34.08,45193910.0,1647865702.0,20628944429.0,0.002190800898977011,-0.0035149421074449627,-0.0035087719298246833
2024-11-29,34.19,34.57,33.93,33.95,66437999.0,2437776752.0,20628944429.0,0.003220620387468881,-0.0038218479564093855,-0.0038145539906101478
2024-12-02,34.06,34.27,33.82,34.11,42465209.0,1548959360.0,20628944429.0,0.0020585255414379204,0.004701742425849087,0.004712812960235624
2024-12-03,34.24,34.78,33.99,34.68,72198609.0,2658919819.0,20628944429.0,0.0034998692855318274,0.016572555481786377,0.016710642040457246
2024-12-04,34.65,34.65,34.13,34.39,62051124.0,2285383469.0,20628944429.0,0.0030079640872350717,-0.008397327468165905,-0.008362168396770397
2024-12-05,34.25,34.91,34.21,34.49,56894934.0,2108115265.0,20628944429.0,0.0027580147978884255,0.002903602504574554,0.0029078220412910305
2024-12-06,34.58,35.34,34.58,35.22,87723587.0,3296793042.0,20628944429.0,0.004252451563962667,0.02094467611931039,0.021165555233400912
2024-12-09,35.12,35.5,34.9,35.22,49299535.0,1859542283.0,20628944429.0,0.002389823442962749,0.0,0.0
2024-12-10,36.25,36.43,35.88,36.07,103895319.0,4022695501.0,20628944429.0,0.005036385616219162,0.023847391847387822,0.02413401476433852
2024-12-11,36.01,36.24,35.72,35.78,51770936.0,1988895959.0,20628944429.0,0.0025096260343413813,-0.008072416834874474,-0.00803992237316331
2024-12-12,35.78,36.28,35.7,36.25,58688876.0,2267252621.0,20628944429.0,0.0028449771728259474,0.013050303220110582,0.013135830072666277
2024-12-13,35.93,36.07,34.83,34.85,111798280.0,4213094969.0,20628944429.0,0.005419486216795218,-0.039386244094151035,-0.0386206896551724
2024-12-16,34.9,35.3,34.87,35.26,64031589.0,2409086954.0,20628944429.0,0.003103968272365159,0.011696039763191113,0.0117647058823529
2024-12-17,35.07,35.65,35.07,35.36,60310408.0,2287237539.0,20628944429.0,0.002923581873399985,0.002832060799718761,0.0028360748723765816
2024-12-18,35.52,36.12,35.37,35.99,80585536.0,3101731956.0,20628944429.0,0.003906430417579366,0.017659884321496566,0.017816742081448123
2024-12-19,35.86,36.0,35.5,35.52,61119582.0,2336249857.0,20628944429.0,0.002962807050567192,-0.01314520396696972,-0.013059183106418404
2024-12-20,35.55,35.77,35.37,35.42,54215038.0,2060744582.0,20628944429.0,0.0026281052909224454,-0.0028192857692821427,-0.0028153153153153143
2024-12-23,35.5,36.16,35.49,35.83,90269156.0,3473126152.0,20628944429.0,0.004375849491993413,0.011508898962174996,0.011575381140598529
2024-12-24,35.83,36.71,35.8,36.64,99342846.0,3875223368.0,20628944429.0,0.004815701857257643,0.02235500848906735,0.02260675411666213
2024-12-25,36.65,36.96,36.43,36.81,75591307.0,2972981821.0,20628944429.0,0.003664332281284076,0.004629007585000178,0.004639737991266379
2024-12-26,36.81,36.94,36.45,36.89,53925194.0,2125139425.0,20628944429.0,0.0026140549355590102,0.00217096421765417,0.0021733224667208617
2024-12-27,36.89,37.04,36.23,36.76,70031955.0,2742768758.0,20628944429.0,0.00339483948105215,-0.0035302141210977744,-0.003523990241257824
2024-12-30,36.76,37.19,36.67,37.02,67884533.0,2690314729.0,20628944429.0,0.003290741958884163,0.0070480096578653395,0.00707290533188254
2024-12-31,36.96,37.28,36.72,36.72,64371699.0,2549055494.0,20628944429.0,0.003120455301120827,-0.008136741393061975,-0.008103727714748876
2025-01-02,36.77,36.91,35.82,35.98,64200070.0,2493694677.0,20628944429.0,0.0031121354861835815,-0.020358337229902546,-0.02015250544662317
2025-01-03,36.07,36.48,36.01,36.12,68258306.0,2646967329.0,20628944429.0,0.0033088608210143336,0.0038835000263972574,0.0038910505836575737
2025-01-06,36.35,36.53,35.63,36.49,61715863.0,2394244404.0,20628944429.0,0.002991712116556015,0.010191521899571843,0.010243632336655706
2025-01-07,36.41,36.58,36.07,36.35,49275205.0,1917344814.0,20628944429.0,0.0023886440321555825,-0.0038440464688278553,-0.0038366675801589922
2025-01-08,36.28,36.95,36.27,36.7,75148102.0,2952943868.0,20628944429.0,0.003642847662838115,0.009582551080996371,0.009628610729023324
2025-01-09,36.81,36.84,36.28,36.44,44708335.0,1748399288.0,20628944429.0,0.002167262370300896,-0.007109682668767103,-0.007084468664850241
2025-01-10,36.76,36.86,36.26,36.42,48142480.0,1881660497.0,20628944429.0,0.0023337345333250157,-0.0005489980922956939,-0.0005488474204170535
2025-01-13,36.37,36.58,36.01,36.5,60632274.0,2360608444.0,20628944429.0,0.0029391845137148,0.0021941862889840458,0.0021965952773201902
2025-01-14,36.52,37.35,36.35,37.23,70801188.0,2802857578.0,20628944429.0,0.0034321284951676087,0.01980262729617932,0.020000000000000018
2025-01-15,37.36,38.31,37.27,37.97,79670088.0,3234242853.0,20628944429.0,0.0038620535468601317,0.01968148635908573,0.019876443728176207
2025-01-16,37.98,38.45,37.87,38.3,59259386.0,2423118469.0,20628944429.0,0.002872632974700036,0.008653521942889153,0.00869107189886753
2025-01-17,38.27,38.46,37.49,38.04,47590050.0,1936832044.0,20628944429.0,0.002306955169897026,-0.0068116585094104565,-0.006788511749347248
2025-01-20,38.29,38.37,37.48,37.49,54257482.0,2195966480.0,20628944429.0,0.002630162788345354,-0.0145640069293691,-0.014458464773922097
2025-01-21,37.67,37.85,37.38,37.5,40068506.0,1613495367.0,20628944429.0,0.0019423439787676206,0.0002667022285445242,0.00026673779674579734
2025-01-22,37.5,37.52,36.74,36.86,58891222.0,2327377021.0,20628944429.0,0.0028547860120855823,-0.01721398073468805,-0.017066666666666674
2025-01-23,37.06,37.59,36.92,37.21,60661810.0,2417576583.0,20628944429.0,0.002940616288379842,0.00945059011685423,0.009495387954422174
2025-01-24,37.06,37.89,36.87,37.62,57465234.0,2312073726.0,20628944429.0,0.002785660419891182,0.010958281514352741,0.01101854340231112
2025-01-27,37.92,38.28,37.89,37.98,52606047.0,2144848681.0,20628944429.0,0.002550108522569233,0.009523881511255716,0.009569377990430672
2025-02-05,38.17,38.21,37.28,37.37,50478889.0,2030411802.0,20628944429.0,0.002446993309509196,-0.01619146188674714,-0.016061084781463952
2025-02-06,37.37,37.73,37.12,37.56,46608842.0,1866867478.0,20628944429.0,0.002259390545183576,0.00507141084266971,0.005084292213005215
2025-02-07,37.47,37.75,37.34,37.56,52106618.0,2092855370.0,20628944429.0,0.0025258984132386798,0.0,0.0
2025-02-10,37.56,38.23,37.34,37.93,58180595.0,2357786974.0,20628944429.0,0.002820337957680966,0.009802701360745125,0.00985090521831733
2025-02-11,38.07,38.34,37.97,38.29,45777119.0,1872296623.0,20628944429.0,0.002219072292213212,0.009446409788395727,0.009491167940943734
2025-02-12,38.27,38.92,37.9,38.89,60359149.0,2484722115.0,20628944429.0,0.0029259446215361175,0.015548382678452821,0.01566988769913813
2025-02-13,38.91,39.2,38.63,38.97,46220698.0,1927409816.0,20628944429.0,0.0022405750405252597,0.002054971182961829,0.0020570840833118442
2025-02-14,38.95,39.27,38.79,39.27,49873690.0,2086301720.0,20628944429.0,0.0024176559383178122,0.00766874923930061,0.007698229407236523
2025-02-17,39.23,39.23,38.64,38.98,53612561.0,2228540282.0,20628944429.0,0.002598899870253754,-0.0074121745105037995,-0.007384772090654579
2025-02-18,38.78,39.69,38.78,39.29,54666539.0,2301403254.0,20628944429.0,0.002649992062761594,0.007921339490953638,0.007952796305797927
2025-02-19,39.24,39.38,39.02,39.22,37470223.0,1572476676.0,20628944429.0,0.0018163907091302582,-0.0017832128021679772,-0.001781623822855738
2025-02-20,39.24,39.33,38.94,39.1,40767508.0,1705724684.0,20628944429.0,0.00197622850458065,-0.003064353776880413,-0.003059663437021909
2025-02-21,39.2,39.23,38.51,38.68,59525579.0,2467492898.0,20628944429.0,0.0028855368341736106,-0.010799796406226303,-0.010741687979539671
2025-02-24,38.67,39.01,38.4,38.56,57110709.0,2361716151.0,20628944429.0,0.0027684746156819463,-0.0031072008427486253,-0.0031023784901756946
2025-02-25,38.45,38.72,38.22,38.34,50732120.0,2088784244.0,20628944429.0,0.0024592688285437043,-0.00572173212484639,-0.005705394190871349
2025-02-26,38.43,38.96,38.35,38.76,47644661.0,1974231834.0,20628944429.0,0.0023096024696746737,0.010895049405066803,0.010954616588419341
2025-02-27,38.87,39.62,38.57,39.6,62259657.0,2611617503.0,20628944429.0,0.003018072844894375,0.02144033123786926,0.021671826625387025
2025-02-28,39.6,39.86,39.29,39.29,70542365.0,2985755469.0,20628944429.0,0.0034195819007022056,-0.007859084690066354,-0.007828282828282851
2025-03-03,39.35,39.82,39.2,39.29,47014902.0,1983165730.0,20628944429.0,0.0022790745382932362,0.0,0.0
2025-03-04,39.16,39.34,39.03,39.06,31724542.0,1329037847.0,20628944429.0,0.0015378655029678542,-0.005871108121835444,-0.005853906846525758
2025-03-05,39.2,40.09,39.01,40.07,63203743.0,2689749944.0,20628944429.0,0.003063837959209813,0.025528999199520452,0.025857654889912984
2025-03-06,40.07,40.27,39.66,40.14,57205304.0,2450800591.0,20628944429.0,0.0027730601629611866,0.0017454187201386695,0.001746942850012534
2025-03-07,40.08,40.92,40.04,40.71,60541319.0,2626484644.0,20628944429.0,0.002934775417538646,0.014100419146695575,0.01420029895366226
2025-03-10,40.63,40.72,40.01,40.24,50874971.0,2191791878.0,20628944429.0,0.002466193613303858,-0.011612236723403946,-0.011545074920166987
2025-03-11,39.96,40.77,39.91,40.65,56574109.0,2447134269.0,20628944429.0,0.0027424626206500697,0.010137310202336103,0.010188866799204721
2025-03-12,40.64,40.98,40.41,40.68,41825836.0,1822497448.0,20628944429.0,0.0020275315658517933,0.0007377351865396342,0.0007380073800737907
2025-03-13,40.74,41.47,40.64,40.96,58553928.0,2575079640.0,20628944429.0,0.0028384354905569174,0.006859409550893147,0.0068829891838742
2025-03-14,41.11,42.48,41.05,42.19,91127535.0,4095818343.0,20628944429.0,0.004417459909964839,0.0295872454049948,0.030029296875
2025-03-17,42.34,42.51,42.03,42.08,65420973.0,2957486225.0,20628944429.0,0.0031713194645108323,-0.002610657706792807,-0.0026072529035315872
2025-03-18,42.32,42.4,41.88,42.18,42822001.0,1933102848.0,20628944429.0,0.002075821239781963,0.0023736066211741402,0.002376425855513231
2025-03-19,42.31,43.07,42.14,43.0,67070594.0,3061182015.0,20628944429.0,0.0032512857955888774,0.01925394064293373,0.01944049312470364
2025-03-20,42.9,42.9,41.84,42.27,67865603.0,3067327047.0,20628944429.0,0.0032898243161969595,-0.01712250111486391,-0.016976744186046444
2025-03-21,42.16,42.36,41.6,41.76,67541170.0,3030118215.0,20628944429.0,0.003274097239074006,-0.012138671004315427,-0.012065294535131388
2025-03-24,41.62,42.22,41.62,42.09,44957619.0,2018232266.0,20628944429.0,0.0021793465562299423,0.007871239208096181,0.007902298850574807
2025-03-25,42.04,42.51,42.0,42.13,35687155.0,1610425397.0,20628944429.0,0.0017299554576254174,0.0009498932084461842,0.0009503444998812949
2025-03-26,41.58,41.66,39.81,39.86,157832632.0,6817699594.0,20628944429.0,0.007651028027305177,-0.055386761206276613,-0.053880845003560496
2025-03-27,39.94,40.87,39.93,40.42,82795081.0,3583722318.0,20628944429.0,0.004013539388065215,0.013951397190826054,0.014049172102358343
2025-03-28,40.46,40.6,40.23,40.38,38618409.0,1671063294.0,20628944429.0,0.0018720496888687411,-0.0009900990907834029,-0.0009896091044037103
2025-03-31,40.37,40.91,39.81,40.45,53956888.0,2334387177.0,20628944429.0,0.002615591320520882,0.0017320306198094215,0.0017335314512134659
2025-04-01,40.44,40.45,39.94,40.05,38936035.0,1671945743.0,20628944429.0,0.0018874467927338077,-0.009937969990132522,-0.009888751545117591
2025-04-02,40.05,40.32,39.88,39.92,33120189.0,1420244308.0,20628944429.0,0.0016055202976571071,-0.0032512220711051754,-0.003245942571785121
2025-04-03,39.26,40.04,39.26,39.85,46416550.0,1977833089.0,20628944429.0,0.00225006907938285,-0.001755046207039257,-0.0017535070140280995
2025-04-07,38.25,39.24,36.8,38.15,181563292.0,7360169684.0,20628944429.0,0.008801385481690465,-0.04359664750575787,-0.042659974905897236
2025-04-08,38.1,38.49,37.78,38.45,161047736.0,6562173340.0,20628944429.0,0.007806882051298777,0.007832938221187025,0.007863695937090576
2025-04-09,37.93,38.33,37.65,37.8,97396935.0,3956703949.0,20628944429.0,0.004721372697241852,-0.017049593326111,-0.016905071521456594
2025-04-10,38.3,38.73,37.89,38.4,74378875.0,3057795208.0,20628944429.0,0.0036055589395761227,0.01574835696813892,0.015873015873015817
2025-04-11,38.41,38.95,38.13,38.78,58305691.0,2404586566.0,20628944429.0,0.002826402058557797,0.009847190220824587,0.009895833333333437
2025-04-14,38.94,39.16,38.69,38.76,48215984.0,2006762053.0,20628944429.0,0.0023372976821934895,-0.0005158627919401582,-0.000515729757607053
2025-04-15,38.77,39.51,38.73,39.34,61456386.0,2578602435.0,20628944429.0,0.0029791338190627496,0.014853025938347475,0.014963880288957787
2025-04-16,39.22,39.78,39.07,39.48,57629358.0,2425842589.0,20628944429.0,0.002793616425617257,0.003552401604367983,0.003558718861209842
2025-04-17,39.35,39.58,39.1,39.35,40579288.0,1711632454.0,20628944429.0,0.001967104431332607,-0.0032982397018685994,-0.0032928064842957516
2025-04-18,39.36,39.98,39.29,39.94,43500128.0,1849158562.0,20628944429.0,0.0021086938379090243,0.014882353124257008,0.01499364675984749
2025-04-21,39.86,40.25,39.5,39.5,41646585.0,1774479138.0,20628944429.0,0.002018842270060778,-0.01107765608059319,-0.011016524787180737
2025-04-22,39.53,39.75,39.25,39.25,43378813.0,1831804304.0,20628944429.0,0.002102813023191745,-0.006349227678658753,-0.006329113924050667
2025-04-23,39.52,39.52,39.03,39.23,46774359.0,1965588261.0,20628944429.0,0.0022674140773894856,-0.0005096840069560571,-0.0005095541401274328
2025-04-24,39.24,39.6,39.2,39.44,41365185.0,1747384624.0,20628944429.0,0.002005201242476041,0.005338769512973407,0.005353046138159678
2025-04-25,39.51,39.76,39.28,39.32,42434993.0,1792844933.0,20628944429.0,0.0020570608033799944,-0.003047234455468839,-0.0030425963488842633
2025-04-28,39.38,39.77,39.27,39.57,38697317.0,1639160750.0,20628944429.0,0.001875874799759489,0.006337960118367292,0.006358087487283726
2025-04-29,39.57,39.85,39.24,39.24,45769853.0,1933096299.0,20628944429.0,0.0022187200686651287,-0.008374620700170698,-0.0083396512509476
2025-04-30,38.91,38.91,37.85,38.06,117268210.0,4782474914.0,20628944429.0,0.005684644233911713,-0.030532772829158894,-0.030071355759429097
2025-05-06,38.21,38.69,37.85,38.65,66640999.0,2734586584.0,20628944429.0,0.0032304609297563783,0.015382913165427503,0.015501839201261136
2025-05-07,39.05,39.46,38.6,39.26,71291388.0,2985699306.0,20628944429.0,0.0034558912233909147,0.015659413814884005,0.01578266494178515
2025-05-08,39.25,40.57,39.24,39.99,83380964.0,3581050505.0,20628944429.0,0.004041940404996377,0.018423234010411793,0.018593988792664495
2025-05-09,39.99,40.74,39.99,40.62,66815472.0,2897563045.0,20628944429.0,0.003238918609236804,0.015631133293511734,0.015753938484621033
2025-05-12,40.6,41.48,40.28,40.92,84897409.0,3724155034.0,20628944429.0,0.004115450952529201,0.007358384931187345,0.007385524372230501
2025-05-13,41.19,41.72,40.97,41.63,69912417.0,3099990420.0,20628944429.0,0.0033890448074365698,0.01720212012345801,0.017350928641251206
2025-05-14,41.62,42.33,41.41,41.87,71279018.0,3194543663.0,20628944429.0,0.0034552915804938883,0.005748518824168158,0.005765073264472509
2025-05-15,41.89,42.4,41.72,41.97,68460048.0,3080577618.0,20628944429.0,0.0033186403810249944,0.00238549731444726,0.002388344877000348
2025-05-16,41.81,42.03,41.14,41.36,61965535.0,2743750956.0,20628944429.0,0.003003815111009236,-0.014640847145325875,-0.014534191088872994
2025-05-19,41.3,41.54,40.88,40.96,50281701.0,2213557250.0,20628944429.0,0.0024374345072797035,-0.00971824946892097,-0.009671179883945835
2025-05-20,41.14,41.68,40.99,41.02,50053483.0,2210731576.0,20628944429.0,0.0024263715078719794,0.0014637719129821924,0.00146484375
2025-05-21,41.06,41.46,40.96,41.02,49920035.0,2199193618.0,20628944429.0,0.0024199025389696057,0.0,0.0
2025-05-22,41.02,41.63,40.88,41.59,56565562.0,2503244591.0,20628944429.0,0.002742048299886862,0.013800001110585658,0.013895660653339803
2025-05-23,41.59,41.75,41.02,41.16,54146009.0,2395482582.0,20628944429.0,0.0026247590702644964,-0.010392842788971457,-0.010339023803799141
2025-05-26,41.01,41.27,40.76,40.92,45609975.0,2000068964.0,20628944429.0,0.0022109698902422694,-0.0058479698824229764,-0.005830903790087327
2025-05-27,40.92,41.25,40.8,40.87,36375001.0,1594752084.0,20628944429.0,0.0017632991898928344,-0.0012226435072402175,-0.0012218963831868157
2025-05-28,40.91,41.16,40.74,40.81,30035524.0,1313730557.0,20628944429.0,0.0014559893795523685,-0.0014691481584714339,-0.0014680694886223256
2025-05-29,40.83,41.06,40.6,40.62,49298970.0,2152530686.0,20628944429.0,0.0023897960542613086,-0.004666593265475694,-0.0046557216368537935
2025-05-30,40.69,41.0,40.5,40.58,57139144.0,2491890458.0,20628944429.0,0.0027698530187358623,-0.0009852217545698316,-0.000984736582964052
2025-06-03,40.64,41.51,40.64,41.08,50368513.0,2216746052.0,20628944429.0,0.002441642769137153,0.012246050662688468,0.012321340561853189
2025-06-04,41.16,41.36,41.02,41.17,37341667.0,1644649609.0,20628944429.0,0.0018101588827543398,0.0021884507214560145,0.002190847127556017
2025-06-05,41.17,41.5,41.11,41.46,42131680.0,1865235666.0,20628944429.0,0.002042357530459563,0.007019271225820134,0.007043964051493878
2025-06-06,41.53,41.77,41.39,41.55,37349895.0,1660462752.0,20628944429.0,0.001810557739808239,0.0021684142938238615,0.0021707670043413785
2025-06-09,41.67,41.75,41.31,41.67,47477446.0,2111750061.0,20628944429.0,0.002301496625937709,0.002883924132905058,0.002888086642599319
2025-06-10,41.64,42.09,41.53,41.74,52834892.0,2364300624.0,20628944429.0,0.0025612019161642195,0.0016784562146923143,0.0016798656107510634
2025-06-11,41.78,42.68,41.78,42.33,77676108.0,3518360401.0,20628944429.0,0.0037653942142964704,0.014036152883777575,0.014135122184954385
2025-06-12,42.42,42.65,42.14,42.26,45239070.0,2050510492.0,20628944429.0,0.0021929900560691456,-0.0016550423449217533,-0.0016536735175998185
2025-06-13,42.27,42.37,42.0,42.21,47408056.0,2141145231.0,20628944429.0,0.002298132905596185,-0.0011838523935030487,-0.0011831519167060378
2025-06-16,42.12,42.8,42.0,42.77,41447435.0,1885267746.0,20628944429.0,0.002009188358747699,0.013179762444409882,0.013266998341625369
2025-06-17,42.87,43.03,42.71,42.96,47420901.0,2177741322.0,20628944429.0,0.0022987555743926523,0.004432527961792054,0.00444236614449367
2025-06-18,42.9,43.04,42.65,42.84,42642859.0,1957406403.0,20628944429.0,0.0020671372278289247,-0.0027972046210611445,-0.0027932960893853886
2025-06-19,42.83,43.04,42.39,42.63,51345430.0,2342843184.0,20628944429.0,0.002488999385146388,-0.004914014802429367,-0.004901960784313708
2025-06-20,42.73,43.15,42.56,42.97,44815652.0,2059058897.0,20628944429.0,0.0021724646238805378,0.007943967009784725,0.007975604034717199
2025-06-23,42.89,43.3,42.45,43.21,53893148.0,2475802504.0,20628944429.0,0.0026125014871937633,0.005569752156938446,0.005585292064230973
2025-06-24,43.27,43.91,43.15,43.68,65581461.0,3058493531.0,20628944429.0,0.003179099213036132,0.01081838149280756,0.010877111779680648
2025-06-25,43.68,44.38,43.53,44.38,60767987.0,2862914073.0,20628944429.0,0.002945763279800825,0.01589858606779826,0.01602564102564119
2025-06-26,44.37,44.74,43.96,44.74,59020064.0,2807185760.0,20628944429.0,0.0028610317024767434,0.008079038557535778,0.008111762054979765
2025-06-27,44.71,44.73,43.02,43.18,95414320.0,4461309935.0,20628944429.0,0.004625264289619557,-0.035490530975322176,-0.03486812695574437
2025-06-30,43.1,43.25,42.76,42.93,62461363.0,2870068037.0,20628944429.0,0.0030278506597842367,-0.005806542850192109,-0.005789717461787913
2025-07-01,42.94,43.61,42.9,43.4,45061309.0,2089060872.0,20628944429.0,0.002184372988889009,0.01088855886988993,0.010948054973212162
2025-07-02,43.63,44.06,43.4,43.82,51856318.0,2429269829.0,20628944429.0,0.002513764976122618,0.00963089306096121,0.00967741935483879
2025-07-03,43.82,43.87,43.3,43.55,55622576.0,2595710465.0,20628944429.0,0.002696336508706972,-0.006180630868808823,-0.00616157005933371
2025-07-04,43.54,44.38,43.35,43.98,67894832.0,3190053518.0,20628944429.0,0.0032912412088596256,0.009825281828103272,0.009873708381171076
2025-07-07,43.98,44.19,43.63,44.1,56742742.0,2672021321.0,20628944429.0,0.0027506372027563137,0.0027247973261852465,0.0027285129604366354
2025-07-08,44.18,44.54,44.01,44.49,63742101.0,3025850416.0,20628944429.0,0.0030899351743074103,0.008804662365150318,0.008843537414966018
2025-07-09,44.38,44.63,44.04,44.04,61456635.0,2912999773.0,20628944429.0,0.0029791458894816145,-0.010166132963471242,-0.010114632501685872
2025-07-10,44.01,45.36,44.01,45.07,121978404.0,5860161557.0,20628944429.0,0.005912973609474839,0.023118524848077637,0.023387829246139802
2025-07-11,45.11,45.33,44.47,44.49,118444284.0,5446393735.0,20628944429.0,0.005741655100563071,-0.012952391884606396,-0.012868870645662223
2025-07-14,44.5,44.93,44.29,44.42,64848437.0,2969040141.0,20628944429.0,0.0031435654511161805,-0.0015746263516689396,-0.001573387278040017
2025-07-15,44.61,44.76,43.67,44.08,66620626.0,3018332344.0,20628944429.0,0.003229473336810451,-0.00768365362162271,-0.007654209815398549
2025-07-16,44.12,44.39,43.75,43.97,46818639.0,2112241748.0,20628944429.0,0.002269560575973182,-0.002498581651940057,-0.0024954627949183017
2025-07-17,43.96,44.19,43.78,43.86,41689506.0,1877218807.0,20628944429.0,0.002020922890334284,-0.002504840202976588,-0.0025017057084375516
2025-07-18,43.91,44.02,43.61,43.91,54343057.0,2445283609.0,20628944429.0,0.0026343110859131007,0.0011393415838840681,0.001139990880072883
2025-07-21,43.91,44.09,43.7,43.72,56641201.0,2546034189.0,20628944429.0,0.0027457149441138767,-0.004336421265288326,-0.004327032566613487
2025-07-22,43.72,43.84,43.09,43.81,92231906.0,4111116850.0,20628944429.0,0.004470994932263289,0.0020564385174690614,0.002058554437328608
2025-07-23,43.83,44.55,43.82,43.98,85324905.0,3864679805.0,20628944429.0,0.004136174068123958,0.0038728833008079278,0.0038803926044281845
2025-07-24,44.07,44.21,43.67,43.75,82662013.0,3724435789.0,20628944429.0,0.004007088839882394,-0.005243372322991657,-0.005229649840836625
2025-07-25,43.71,44.03,43.62,43.7,69626423.0,3129427563.0,20628944429.0,0.003375181083047553,-0.0011435107020787427,-0.0011428571428571122
2025-07-28,43.67,44.02,43.29,43.32,63512720.0,2838575467.0,20628944429.0,0.0030788157978027387,-0.008733679968754515,-0.008695652173913104
2025-07-29,43.32,43.67,43.03,43.03,78581282.0,3487013440.0,20628944429.0,0.003809273046929686,-0.006716875282281709,-0.006694367497691589
2025-07-30,43.05,43.62,42.82,43.3,72546085.0,3222441776.0,20628944429.0,0.003516713385393356,0.006255088157935962,0.006274692075296295
2025-07-31,43.28,43.43,42.74,43.36,73319517.0,3247588211.0,20628944429.0,0.003554205948459875,0.0013847221229466022,0.001385681293302632
2025-08-01,43.38,43.83,43.23,43.3,59462094.0,2651723323.0,20628944429.0,0.0028824593621188236,-0.0013847221229466022,-0.0013837638376383854
2025-08-04,43.19,43.83,43.19,43.77,49800832.0,2231447773.0,20628944429.0,0.0024141241046725785,0.010796016194359659,0.010854503464203358
2025-08-05,43.65,44.25,43.51,44.11,55525830.0,2502003950.0,20628944429.0,0.0026916466904599464,0.0077378629140443245,0.007767877541695167
2025-08-06,44.15,44.58,43.97,43.98,43029640.0,1951697829.0,20628944429.0,0.0020858866602747393,-0.002951528990233321,-0.0029471775107685616
2025-08-07,43.98,44.45,43.82,44.01,44064325.0,1995029890.0,20628944429.0,0.002136043613460645,0.0006818956963852152,0.0006821282401092699
2025-08-08,44.06,44.14,43.41,43.41,45642153.0,2044145472.0,20628944429.0,0.002212529737383782,-0.013727051511498,-0.01363326516700758
2025-08-11,43.41,43.5,42.99,42.99,53672371.0,2375089438.0,20628944429.0,0.0026017991945602326,-0.00972229880331188,-0.009675190048375804
2025-08-12,43.02,43.36,42.89,42.89,56225243.0,2482688843.0,20628944429.0,0.00272555113973544,-0.002328831979401258,-0.0023261223540358422
2025-08-13,43.03,43.13,42.39,42.44,87673736.0,3837405883.0,20628944429.0,0.004250035007935209,-0.010547384783006652,-0.010491956166938765
2025-08-14,42.45,42.83,42.4,42.67,67635168.0,2959763586.0,20628944429.0,0.0032786538464333174,0.005404783454126427,0.005419415645617542
2025-08-15,42.56,42.64,42.21,42.21,93295684.0,4051326297.0,20628944429.0,0.004522562185433283,-0.010838937405501348,-0.010780407780642154
2025-08-18,42.01,42.57,41.81,42.41,92639738.0,4005818986.0,20628944429.0,0.004490764824096759,0.00472702369209177,0.004738213693437521
2025-08-19,42.35,42.6,42.2,42.3,57411852.0,2493609522.0,20628944429.0,0.002783072696598615,-0.0025970974342670594,-0.002593727894364517
2025-08-20,42.21,42.53,42.06,42.35,54724013.0,2374776328.0,20628944429.0,0.0026527781481183997,0.0011813350458313998,0.0011820330969267712
2025-08-21,42.4,42.49,42.14,42.37,57854002.0,2512170016.0,20628944429.0,0.0028045061733100274,0.0004721435404042573,0.000472255017709422
2025-08-22,42.37,42.38,41.95,42.17,79449625.0,3432029283.0,20628944429.0,0.003851366475558021,-0.004731496879999408,-0.00472032098182662
2025-08-25,42.23,42.76,42.02,42.76,90738990.0,3956212555.0,20628944429.0,0.004398624966599836,0.013894018398376229,0.0139909888546359
2025-08-26,42.78,42.91,42.32,42.42,75572231.0,3296532147.0,20628944429.0,0.003663407561162518,-0.007983137020308284,-0.007951356407857713
2025-08-27,42.4,42.56,41.91,41.91,75814078.0,3280973424.0,20628944429.0,0.0036751312342196817,-0.01209548719955622,-0.01202263083451216
2025-08-28,41.93,42.21,41.52,41.89,82242557.0,3530397264.0,20628944429.0,0.003986755467932915,-0.0004773269780367073,-0.00047721307563819426
2025-08-29,41.89,42.88,41.81,41.81,136087899.0,5896873900.0,20628944429.0,0.006596939531655762,-0.0019115895904695535,-0.0019097636667462226
2025-09-01,41.54,41.56,40.82,40.92,127633329.0,5381676513.0,20628944429.0,0.006187099366101065,-0.02151660428504787,-0.02128677349916286
2025-09-02,40.8,42.4,40.8,42.34,145214114.0,6232062120.0,20628944429.0,0.0070393380766424095,0.034113324623293195,0.03470185728250241
2025-09-03,42.34,42.47,41.62,41.82,81840560.0,3528703354.0,20628944429.0,0.0039672684310957385,-0.012357571706231418,-0.01228153046764291
2025-09-04,41.73,42.23,41.08,41.96,93536328.0,3997574925.0,20628944429.0,0.004534227542370389,0.003342089527608838,0.0033476805356289496
2025-09-05,41.91,41.93,41.46,41.68,57232838.0,2449941047.0,20628944429.0,0.002774394889519531,-0.006695386082985255,-0.006673021925643452
2025-09-08,41.62,42.01,41.3,41.36,85168162.0,3635065671.0,20628944429.0,0.004128575860637411,-0.007707167244937807,-0.007677543186180413
2025-09-09,41.35,41.8,41.33,41.75,58952653.0,2515896773.0,20628944429.0,0.0028577639153036277,0.009385221096691154,0.009429400386847142
2025-09-10,41.72,42.06,41.49,41.91,47138694.0,2022413171.0,20628944429.0,0.002285075427016654,0.0038250106401154227,0.003832335329341241
2025-09-11,42.04,42.24,41.7,42.21,65073072.0,2804175734.0,20628944429.0,0.003154454762528751,0.007132697857427317,0.007158196134574135
2025-09-12,42.28,42.37,41.35,41.47,82314003.0,3521647843.0,20628944429.0,0.003990218854062337,-0.017686885536117636,-0.01753139066571907
2025-09-15,41.41,41.71,41.05,41.15,69949106.0,2964121228.0,20628944429.0,0.003390823327909407,-0.007746347135210829,-0.007716421509525007
2025-09-16,41.25,41.36,40.61,40.7,85905078.0,3600259578.0,20628944429.0,0.004164298289506047,-0.010995834674529359,-0.010935601458080146
2025-09-17,40.71,41.12,40.65,40.71,57236258.0,2392440771.0,20628944429.0,0.0027745606759955075,0.0002456700663380218,0.00024570024570014226
2025-09-18,40.72,40.78,39.77,39.8,100352240.0,4131887418.0,20628944429.0,0.004864632814606144,-0.022606850224495822,-0.022353230164578797
2025-09-19,39.77,40.48,39.53,39.96,83656307.0,3440376826.0,20628944429.0,0.004055287816006555,0.004012041489961149,0.004020100502512669
2025-09-22,40.11,40.33,39.77,39.89,65611030.0,2688228051.0,20628944429.0,0.0031805325873952403,-0.0017532878630377446,-0.0017517517517517955
2025-09-23,39.95,40.7,39.6,40.5,93885081.0,3891395841.0,20628944429.0,0.0045511335455447315,0.015176308195178123,0.015292053146152007
2025-09-24,40.45,40.83,40.25,40.28,64389951.0,2672303416.0,20628944429.0,0.003121340077366302,-0.005446906262131623,-0.005432098765432047
2025-09-25,40.28,40.32,39.78,39.79,66694887.0,2730478547.0,20628944429.0,0.003233073181691298,-0.012239443411524498,-0.012164846077457825
2025-09-26,39.78,39.96,39.28,39.77,68276667.0,2773964882.0,20628944429.0,0.003309750881097785,-0.0005027652192377552,-0.0005026388539832727
2025-09-29,39.74,40.25,39.34,39.65,83555055.0,3407163055.0,20628944429.0,0.004050379566806094,-0.0030219111387426167,-0.003017349761126553
2025-09-30,39.62,39.76,39.39,39.39,70002520.0,2836889513.0,20628944429.0,0.003393412602420463,-0.0065789710980421745,-0.006557377049180246
2025-10-09,39.19,39.42,38.81,39.31,97231953.0,3900217891.0,20628944429.0,0.00471337509947005,-0.002033037549045602,-0.0020309723280019787
2025-10-10,39.28,39.62,39.12,39.17,95504979.0,3852817637.0,20628944429.0,0.004629659037024691,-0.0035677917560290595,-0.0035614347494276055
2025-10-13,38.76,39.28,38.7,39.1,106593617.0,4266014498.0,20628944429.0,0.005167187170767282,-0.0017886806864200189,-0.0017870819504722801
2025-10-14,39.08,40.44,38.82,40.22,173382668.0,7102543598.0,20628944429.0,0.0084048250067638,0.02824191735318582,0.028644501278772383
2025-10-15,40.21,40.52,39.97,40.45,106276702.0,4392820738.0,20628944429.0,0.005151824533038011,0.005702259159995116,0.0057185479860766275
2025-10-16,40.45,40.93,40.09,40.87,106248776.0,4427156848.0,20628944429.0,0.00515047080405318,0.010329654071684846,0.010383189122373127
2025-10-17,40.82,41.15,40.33,40.54,82982705.0,3470670301.0,20628944429.0,0.004022634569868907,-0.008107156552331851,-0.008074382187423512
2025-10-20,40.56,40.73,40.06,40.37,64947729.0,2694843445.0,20628944429.0,0.0031483786881842104,-0.004202206159004351,-0.004193389245189971
2025-10-21,40.44,41.04,40.44,40.92,75993124.0,3184239228.0,20628944429.0,0.003683810592517254,0.01353200621857642,0.013623978201634968
2025-10-22,40.92,41.13,40.68,40.89,55133364.0,2311324892.0,20628944429.0,0.002672621674354504,-0.0007334067068751615,-0.0007331378299120228
2025-10-23,40.89,41.42,40.72,41.17,71317373.0,3004975799.0,20628944429.0,0.003457150861279292,0.006824301405262467,0.00684764000978233
2025-10-24,41.28,41.38,40.79,40.89,69883194.0,2938870335.0,20628944429.0,0.00338762820562737,-0.006824301405262467,-0.0068010687393733615
2025-10-27,40.84,40.91,40.37,40.54,98894862.0,4120096208.0,20628944429.0,0.004793985574025514,-0.008596393352696907,-0.008559550012227968
2025-10-28,40.57,40.67,40.19,40.55,70595074.0,2928533807.0,20628944429.0,0.0034221369999309333,0.00024663953756798307,0.0002466699555994101
2025-10-29,40.48,40.48,39.66,39.74,91098760.0,3735043026.0,20628944429.0,0.00441606502521448,-0.020177543437751133,-0.019975339087546118
2025-10-30,39.77,40.32,39.7,40.16,113153844.0,4648170384.0,20628944429.0,0.005485197964900679,0.010513238259802993,0.01056869652742809
2025-10-31,40.22,40.26,39.81,39.86,70260700.0,2881797758.0,20628944429.0,0.0034059280270893593,-0.00749816059882491,-0.007470119521912233
2025-11-03,40.1,40.91,40.02,40.73,92198068.0,3837027068.0,20628944429.0,0.004469354615662676,0.021591606875672298,0.021826392373306414
2025-11-04,40.78,42.02,40.75,41.92,134003592.0,5731414416.0,20628944429.0,0.006495901545578786,0.028798118352465707,0.029216793518291206
2025-11-05,42.01,42.37,41.67,41.72,73171377.0,3142006312.0,20628944429.0,0.003547024776368891,-0.004782409880215166,-0.004770992366412319
2025-11-06,41.57,41.81,41.24,41.27,87197274.0,3704094152.0,20628944429.0,0.0042269382371993205,-0.01084478636808095,-0.010786193672099653
2025-11-07,41.33,41.64,41.21,41.44,59319118.0,2521251002.0,20628944429.0,0.0028755285179114486,0.004110754186736898,0.004119214926096237
2025-11-10,41.38,41.8,41.21,41.64,53236873.0,2272065471.0,20628944429.0,0.002580688177392152,0.004814645795540695,0.004826254826254983
2025-11-11,41.61,41.95,41.45,41.88,54467066.0,2335614860.0,20628944429.0,0.002640322493836895,0.0057471422555677165,0.0057636887608070175
2025-11-12,42.03,42.26,41.85,41.85,58792878.0,2538488042.0,20628944429.0,0.002850018729865279,-0.0007165890668514585,-0.0007163323782235498
2025-11-13,41.88,42.21,41.66,42.12,58798006.0,2531083386.0,20628944429.0,0.002850267312628088,0.0064308903302903175,0.006451612903225712
2025-11-14,42.15,42.49,42.09,42.16,51820955.0,2251121743.0,20628944429.0,0.002512050734265905,0.0009492169673319673,0.0009496676163343043
2025-11-17,42.01,42.11,41.43,41.57,61067446.0,2605355053.0,20628944429.0,0.0029602797278445274,-0.014093150968560675,-0.013994307400379435
2025-11-18,41.49,41.83,41.37,41.8,51743927.0,2210394705.0,20628944429.0,0.0025083167574613667,0.005517586266164276,0.005532836179937384
2025-11-19,41.8,42.4,41.72,42.13,51169639.0,2211527918.0,20628944429.0,0.0024804778148544595,0.007863736460214987,0.007894736842105399
2025-11-20,42.13,42.68,41.96,42.14,58585152.0,2545450519.0,20628944429.0,0.0028399490919972367,0.00023733238511747246,0.00023736055067646866
2025-11-21,42.15,42.45,41.68,41.91,79126405.0,3414438913.0,20628944429.0,0.003835698199310904,-0.00547294643906282,-0.005457997152349403
2025-11-24,42.01,42.12,41.44,41.55,67854882.0,2903502508.0,20628944429.0,0.0032893046095276773,-0.008626940635522828,-0.00858983536148894
2025-11-25,41.58,42.21,41.37,42.16,66640949.0,2860710968.0,20628944429.0,0.00323045850597749,0.014574382931649588,0.014681107099879576
2025-11-26,42.25,42.53,41.88,42.16,45107206.0,1950643252.0,20628944429.0,0.002186597872481961,0.0,0.0
2025-11-27,42.09,42.29,41.52,42.1,62143434.0,2671439102.0,20628944429.0,0.0030124388678191053,-0.001424163544771151,-0.0014231499051232666
2025-11-28,42.01,42.03,41.74,41.87,49465789.0,2126261782.0,20628944429.0,0.0023978827016694756,-0.005478160657283571,-0.005463182897862295
2025-12-01,41.99,42.37,41.85,42.34,56791942.0,2454940643.0,20628944429.0,0.002753022201182643,0.011162685675667028,0.011225220921901258
2025-12-02,42.34,42.55,42.13,42.28,40673497.0,1765681348.0,20628944429.0,0.001971671267038828,-0.0014181047046823991,-0.0014170996693434468
2025-12-03,42.18,42.48,41.91,41.92,46895972.0,2029264531.0,20628944429.0,0.0022733093378289404,-0.008551120989249927,-0.008514664143803197
2025-12-04,41.96,42.32,41.92,42.13,36120746.0,1560898874.0,20628944429.0,0.001750974031866689,0.004997035978138609,0.005009541984732913
2025-12-05,42.16,42.45,41.83,42.35,54890622.0,2372985275.0,20628944429.0,0.0026608546156552354,0.005208345107138079,0.005221932114882533
2025-12-08,42.34,42.54,41.98,42.09,58003881.0,2512101223.0,20628944429.0,0.0028117716444307555,-0.0061582383155842635,-0.006139315230224263
2025-12-09,42.09,42.21,41.75,41.95,46593870.0,2007147248.0,20628944429.0,0.0022586647688331895,-0.003331749869263767,-0.003326205749584199
2025-12-10,41.99,41.99,40.5,40.65,108315686.0,4546989729.0,20628944429.0,0.005250665460503675,-0.031479596919395725,-0.030989272943981017
2025-12-11,40.8,40.99,40.36,40.63,84623107.0,3525927169.0,20628944429.0,0.004102154004595481,-0.0004921259941843559,-0.0004920049200490828
2025-12-12,40.7,40.77,40.43,40.69,71762547.0,2991877687.0,20628944429.0,0.003478730928137884,0.0014756520139629359,0.0014767413241445482
2025-12-15,40.69,41.21,40.58,40.74,56266557.0,2361986962.0,20628944429.0,0.0027275538597554675,0.001228048785061553,0.001228803145736146
2025-12-16,40.72,41.07,40.38,40.65,56617635.0,2359934980.0,20628944429.0,0.002744572568648127,-0.002211574804840133,-0.0022091310751105597
2025-12-17,40.55,40.79,40.19,40.47,63126744.0,2619154132.0,20628944429.0,0.0030601053881970297,-0.004437877106045374,-0.0044280442804427445
2025-12-18,40.49,41.35,40.35,41.3,76811931.0,3224732020.0,20628944429.0,0.0037235027349251286,0.02030154107921245,0.0205090190264392
2025-12-19,41.3,41.41,40.85,40.93,57382341.0,2421818093.0,20628944429.0,0.002781642133823017,-0.008999209462675406,-0.008958837772397032
2025-12-22,41.02,41.07,40.66,40.72,52473989.0,2197149656.0,20628944429.0,0.002543706934719961,-0.005143918262044078,-0.00513071096994866
2025-12-23,40.69,40.98,40.61,40.85,60651014.0,2539576613.0,20628944429.0,0.0029400929460422272,0.003187449063744463,0.0031925343811396445
2025-12-24,40.87,40.93,40.5,40.77,53630520.0,2241620145.0,20628944429.0,0.002599770443154942,-0.001960304474849739,-0.001958384332925278
2025-12-25,40.87,41.02,40.65,40.72,49921351.0,2090265137.0,20628944429.0,0.002419966332829952,-0.0012271445888947241,-0.001226391954868844
2025-12-26,40.73,40.82,40.57,40.65,50880959.0,2123779708.0,20628944429.0,0.00246648388506355,-0.0017205362484475906,-0.0017190569744597317
2025-12-29,40.61,40.87,40.37,40.81,68255105.0,2848984782.0,20628944429.0,0.0033087056506898886,0.003928313423894547,0.003936039360393773
2025-12-30,40.84,41.41,40.72,41.21,83478293.0,3522122452.0,20628944429.0,0.004046658484505242,0.009753795933011844,0.009801519235481448
2025-12-31,41.17,41.26,40.86,41.04,55414239.0,2335536695.0,20628944429.0,0.0026862372522609116,-0.00413374448821191,-0.0041252123271051655
2026-01-05,41.41,41.72,41.2,41.28,84082964.0,3571507107.0,20628944429.0,0.004075970260591563,0.005830920310792909,0.005847953216374213
2026-01-06,41.38,41.71,41.03,41.65,92371482.0,3918152819.0,20628944429.0,0.004477760959506243,0.008923247439544646,0.008963178294573604
2026-01-07,41.67,41.93,41.08,41.09,88055952.0,3735889227.0,20628944429.0,0.0042685631493685,-0.013536585717533356,-0.013445378151260345
2026-01-08,41.13,41.18,40.26,40.53,111572692.0,4642639925.0,20628944429.0,0.005408550708157031,-0.013722342255101161,-0.013628620102214661
2026-01-09,40.49,40.71,40.08,40.26,98547074.0,4069939125.0,20628944429.0,0.0047771263497837215,-0.0066840204285720795,-0.006661732050333158
2026-01-12,40.26,40.38,39.96,40.08,118664058.0,4887859874.0,20628944429.0,0.005752308772192098,-0.00448096343503579,-0.0044709388971684305
2026-01-13,40.16,40.33,39.99,40.09,115936473.0,4772124912.0,20628944429.0,0.005620087513397799,0.00024946987780616325,0.0002495009980041374
2026-01-14,40.09,40.13,39.05,39.06,191774380.0,7803195415.0,20628944429.0,0.009296373872160184,-0.026028001205882667,-0.025692192566724947
2026-01-15,39.1,39.4,38.99,39.1,121727094.0,4886718463.0,20628944429.0,0.005900791212025229,0.0010235415427870542,0.0010240655401945187
2026-01-16,39.49,39.5,38.65,38.72,152524530.0,5941062877.0,20628944429.0,0.007393714715988195,-0.00976620458294386,-0.009718670076726443
2026-01-19,38.73,38.92,38.5,38.55,98870273.0,3825610922.0,20628944429.0,0.004792793608043705,-0.0044001623990377325,-0.004390495867768629
2026-01-20,38.57,39.13,38.51,38.73,111387322.0,4327688233.0,20628944429.0,0.005399564790305636,0.0046583935173223345,0.0046692607003890885
2026-01-21,38.92,38.94,38.18,38.24,121499985.0,4683716085.0,20628944429.0,0.005889781972033253,-0.012732405343459874,-0.012651691195455617
2026-01-22,38.27,38.58,37.8,37.85,187754633.0,7138121617.0,20628944429.0,0.009101514313842258,-0.010251108299743183,-0.01019874476987448
2026-01-23,37.85,38.17,37.38,37.5,189211273.0,7135111003.0,20628944429.0,0.009172125779446491,-0.009290046907092453,-0.009247027741083214
2026-01-26,37.5,38.3,37.31,38.02,216679416.0,8225997387.0,20628944429.0,0.010503659881665775,0.013771404083918082,0.013866666666666694
2026-01-27,38.06,38.51,37.87,38.1,157240627.0,6017368290.0,20628944429.0,0.007622330242886903,0.0021019450723720468,0.002104155707522315
2026-01-28,38.12,38.44,37.7,37.8,204166688.0,7757392685.0,20628944429.0,0.009897098162375393,-0.007905179507113225,-0.007874015748031593
2026-01-29,37.88,38.65,37.55,38.53,199998187.0,7627788339.0,20628944429.0,0.009695027667961731,0.01912805601252421,0.01931216931216939
2026-01-30,38.53,39.17,38.53,38.67,166084303.0,6450474687.0,20628944429.0,0.008051032546605733,0.0036269469811394117,0.003633532312483867
2026-02-02,38.88,39.3,38.41,38.45,138497888.0,5374972304.0,20628944429.0,0.006713765140852326,-0.005705409667552619,-0.005689164727178619
2026-02-03,38.67,38.67,38.14,38.3,84279156.0,3228439117.0,20628944429.0,0.004085480781145595,-0.003908799765052873,-0.0039011703511054874
2026-02-04,38.3,39.02,38.26,39.01,102131628.0,3961153583.0,20628944429.0,0.004950889675984787,0.01836812733196469,0.01853785900783289
2026-02-05,38.94,39.92,38.91,39.71,121889452.0,4810048757.0,20628944429.0,0.00590866160988096,0.017785021624595387,0.01794411689310449
2026-02-06,39.7,39.95,39.31,39.6,80297978.0,3178037639.0,20628944429.0,0.003892490877386715,-0.002773926882725597,-0.0027700831024930483
2026-02-09,39.6,39.74,39.33,39.48,65894891.0,2601539089.0,20628944429.0,0.003194292913376872,-0.003034903695153801,-0.003030303030303161
2026-02-10,39.49,39.56,39.31,39.34,49596465.0,1953983696.0,20628944429.0,0.0024042172962702685,-0.003552401604367983,-0.0035460992907799804
2026-02-11,39.36,39.45,39.2,39.4,52881696.0,2080370293.0,20628944429.0,0.0025634707671062097,0.0015240033429750888,0.0015251652262326942
2026-02-12,39.4,39.42,38.73,38.99,77752571.0,3028037809.0,20628944429.0,0.0037691008023995683,-0.010460613309382083,-0.010406091370558257
2026-02-13,38.95,39.09,38.63,38.71,70537032.0,2738389980.0,20628944429.0,0.0034193233804459535,-0.007207238404949301,-0.007181328545781018
2026-02-24,39.2,39.41,38.82,38.94,75467438.0,2950566959.0,20628944429.0,0.0036583276599411697,0.005924035354496926,0.005941617153190304
2026-02-25,38.9,39.15,38.72,38.78,72397149.0,2817141580.0,20628944429.0,0.003509493626742466,-0.0041173501295479475,-0.00410888546481758
2026-02-26,38.8,39.02,38.5,38.7,59332534.0,2297277144.0,20628944429.0,0.0028761788662628233,-0.0020650497787695343,-0.00206291903042799
2026-02-27,38.75,38.95,38.64,38.75,63703472.0,2472164576.0,20628944429.0,0.0030880626112136976,0.0012911557636199333,0.0012919896640826156
2026-03-02,38.6,38.87,38.42,38.67,68547313.0,2649577380.0,20628944429.0,0.003322870602319174,-0.002066650180150287,-0.0020645161290322456
2026-03-03,38.66,39.55,38.56,39.18,138465642.0,5423934800.0,20628944429.0,0.006712201997371526,0.013102306897188942,0.01318851823118683
2026-03-04,39.01,39.03,38.01,38.6,115193902.0,4442287555.0,20628944429.0,0.005584090955136869,-0.014914136045609538,-0.014803471158754467
2026-03-05,38.66,39.24,38.63,39.15,78336979.0,3058463948.0,20628944429.0,0.0037974303178535166,0.01414814596602687,0.014248704663212264
2026-03-06,39.1,39.32,38.95,39.2,46595667.0,1822138719.0,20628944429.0,0.002258751879446444,0.0012763243596047857,0.0012771392081738497
2026-03-09,38.9,39.18,38.75,38.79,76677490.0,2983734019.0,20628944429.0,0.0037169856297740284,-0.01051426534454114,-0.01045918367346943
2026-03-10,38.94,39.24,38.8,39.22,61371700.0,2399803866.0,20628944429.0,0.002975028616283641,0.011024339316324738,0.01108533127094602
2026-03-11,39.3,39.5,38.95,39.5,68940710.0,2710371064.0,20628944429.0,0.0033419407491875213,0.007113851138875749,0.007139214686384454
2026-03-12,39.45,39.58,39.33,39.5,52772330.0,2081987130.0,20628944429.0,0.002558169187067715,0.0,0.0
2026-03-13,39.46,40.05,39.35,39.76,76527668.0,3041555947.0,20628944429.0,0.0037097229217612337,0.0065607098812972,0.00658227848101256
2026-03-16,39.77,40.04,39.64,39.91,61094451.0,2435208936.0,20628944429.0,0.002961588810822231,0.003765537272268915,0.0037726358148892913
2026-03-17,39.89,40.36,39.83,40.12,65622927.0,2637804783.0,20628944429.0,0.003181109301343981,0.005248044033092647,0.005261839138060553
2026-03-18,40.13,40.32,39.79,39.92,70583141.0,2822439834.0,20628944429.0,0.003421558540861393,-0.0049975116504716866,-0.004985044865403632
2026-03-19,39.88,40.04,39.7,39.77,65024684.0,2591832050.0,20628944429.0,0.003152109126271572,-0.0037645922236637652,-0.0037575150300600546
2026-03-20,39.85,40.08,39.66,39.75,61580273.0,2453063180.0,20628944429.0,0.002985139312966056,-0.0005030181192586802,-0.0005028916268544625
2026-03-23,39.58,39.7,38.55,38.68,95773829.0,3730145439.0,20628944429.0,0.004642691696108403,-0.027287170515247094,-0.026918238993710708
2026-03-24,38.8,39.32,38.73,39.25,61633642.0,2408674586.0,20628944429.0,0.002987726406076112,0.014628773643323711,0.014736297828334965
2026-03-25,39.33,39.4,38.94,39.26,65381669.0,2556622045.0,20628944429.0,0.003169414180402124,0.0002547446198977177,0.0002547770700636054
2026-03-26,39.15,39.69,39.14,39.56,61679007.0,2437289721.0,20628944429.0,0.0029899255006616897,0.007612317906196431,0.007641365257259336
2026-03-27,39.5,39.7,39.25,39.44,46800671.0,1846335951.0,20628944429.0,0.002268689566791794,-0.0030379770200767986,-0.0030333670374116384
2026-03-30,39.24,39.57,39.13,39.48,64605410.0,2544968867.0,20628944429.0,0.003131784576877247,0.0010136848308461843,0.0010141987829614951
2026-03-31,39.54,39.73,39.28,39.32,66309671.0,2617257387.0,20628944429.0,0.0032143996135246943,-0.004060919286315023,-0.00405268490374866
2026-04-01,39.56,40.04,39.42,39.82,88152581.0,3510509345.0,20628944429.0,0.004273247295972926,0.01263600335708448,0.012716174974567673
2026-04-02,39.86,39.92,39.58,39.76,53462988.0,2124222801.0,20628944429.0,0.002591649232659824,-0.0015079168476770377,-0.0015067805123054612
2026-04-03,39.76,39.82,39.36,39.4,46448537.0,1835962093.0,20628944429.0,0.0022516196676890085,-0.009095565484485313,-0.00905432595573441
2026-04-07,39.39,39.6,38.96,38.99,52836661.0,2071766646.0,20628944429.0,0.002561287669461296,-0.010460613309382083,-0.010406091370558257
2026-04-08,39.5,39.64,39.19,39.62,66949789.0,2643490434.0,20628944429.0,0.003245429703416261,0.01602883827589885,0.01615798922800704
2026-04-09,39.48,39.52,39.12,39.26,53585405.0,2104306041.0,20628944429.0,0.002597583467463807,-0.009127852422089688,-0.009086320040383677
2026-04-10,39.32,39.38,39.13,39.21,54320208.0,2130641529.0,20628944429.0,0.002633203467436613,-0.0012743725440746978,-0.0012735608762097783
2026-04-13,39.13,39.16,38.92,38.98,52514495.0,2047706850.0,20628944429.0,0.00254567048647315,-0.0058831222248256765,-0.005865850548329554
2026-04-14,39.0,39.18,38.95,39.13,50399861.0,1967829540.0,20628944429.0,0.0024431623815491157,0.003840742142906528,0.0038481272447410397
2026-04-15,39.25,39.92,39.22,39.9,105210379.0,4177253342.0,20628944429.0,0.005100133909522589,0.0194868876734966,0.019677996422182265
2026-04-16,39.9,40.15,39.75,39.91,61725776.0,2467044522.0,20628944429.0,0.002992192654958458,0.0002505951648243965,0.0002506265664159457
2026-04-17,39.85,39.9,39.5,39.52,58792518.0,2331744880.0,20628944429.0,0.0028500012786572813,-0.009820046180974984,-0.009771986970683821
2026-04-20,39.5,39.9,39.33,39.87,58877642.0,2337084804.0,20628944429.0,0.002854127713739453,0.0088172885135962,0.008856275303643635
2026-04-21,39.91,40.15,39.86,39.87,54594915.0,2182431154.0,20628944429.0,0.0026465200479793296,0.0,0.0
2026-04-22,39.87,40.03,39.62,39.74,50759455.0,2017733909.0,20628944429.0,0.002460593908462072,-0.0032659242695927126,-0.003260596940055094
2026-04-23,39.72,39.86,39.52,39.81,56948934.0,2260647913.0,20628944429.0,0.0027606324790880555,0.001759899888555072,0.001761449421238126
2026-04-24,39.74,39.8,39.36,39.38,62941438.0,2485978699.0,20628944429.0,0.0030511225727826116,-0.010860063801246156,-0.010801306204471284
2026-04-27,39.52,39.99,39.32,39.38,92616843.0,3669782211.0,20628944429.0,0.004489654975743693,0.0,0.0
2026-04-28,39.38,39.63,39.26,39.6,66930520.0,2637104794.0,20628944429.0,0.003244495627508193,0.005571045049455048,0.005586592178770999
2026-04-29,38.91,39.02,38.34,38.5,253311717.0,9780526575.0,20628944429.0,0.012279431837719068,-0.028170876966695957,-0.02777777777777779
2026-04-30,38.4,38.51,38.12,38.27,116957410.0,4477499783.0,20628944429.0,0.00566957802434051,-0.005991941856127614,-0.005974025974025854
2026-05-06,38.29,38.35,37.82,38.0,143177103.0,5437169068.0,20628944429.0,0.006940592791491687,-0.007080139711225453,-0.007055134570159494
2026-05-07,38.05,38.16,37.94,37.95,79008987.0,3001814235.0,20628944429.0,0.0038300062939201976,-0.0013166558847466092,-0.001315789473684159
2026-05-08,38.03,38.18,37.9,37.94,86953912.0,3303687174.0,20628944429.0,0.004215141123641833,-0.000263539334770968,-0.0002635046113308448
2026-05-11,37.95,37.98,37.7,37.97,92548934.0,3502977208.0,20628944429.0,0.004486363047732848,0.0007904097368429674,0.0007907221929361885
2026-05-12,37.98,38.14,37.86,37.9,96729929.0,3673345231.0,20628944429.0,0.0046890391960151805,-0.0018452621553302073,-0.0018435607058203685
2026-05-13,37.96,38.09,37.85,37.88,71830416.0,2723485937.0,20628944429.0,0.0034820209171256187,-0.0005278437705031891,-0.0005277044854880009
