date,open,high,low,close,volume,log_return,simple_return
2021-01-04,2977.321,3094.528,2963.414,3078.111,10434961364,,
2021-01-05,3050.183,3100.001,3027.756,3097.977,10918729864,0.006433220677886098,0.00645395828805384
2021-01-06,3113.847,3134.763,3057.564,3115.091,11197234879,0.0055090474733479056,0.005524250180036772
2021-01-07,3106.339,3162.398,3086.064,3162.398,12654076939,0.015072235273215995,0.015186394233748013
2021-01-08,3179.365,3194.366,3115.992,3150.78,11127174585,-0.003680559336448397,-0.003673794380087525
2021-01-11,3159.594,3159.594,3066.741,3092.861,10821013798,-0.018553488727052425,-0.01838243228660852
2021-01-12,3079.84,3180.35,3057.735,3180.35,9386732654,0.027894701123118537,0.028287401212016894
2021-01-13,3180.747,3207.071,3100.065,3130.298,10423994946,-0.01586304594085952,-0.01573789048375185
2021-01-14,3101.962,3142.854,3061.018,3089.177,9418309265,-0.01322349529585587,-0.013136448989840455
2021-01-15,3073.997,3109.87,3020.781,3089.945,9139663997,0.00024857900651831244,0.0002486099048386592
2021-01-18,3078.026,3164.581,3056.805,3149.2,9392322926,0.018995160929680566,0.019176716737676403
2021-01-19,3146.273,3157.464,3074.193,3084.488,10657511970,-0.020762773088026876,-0.020548710783691138
2021-01-20,3106.348,3204.932,3098.427,3204.932,9438076092,0.03830519405873112,0.039048295859799076
2021-01-21,3217.827,3303.322,3217.827,3283.721,10615364142,0.024286357313158646,0.024583672914121113
2021-01-22,3282.041,3366.692,3281.399,3358.238,10503275193,0.022439201052904423,0.022692853625505993
2021-01-25,3363.602,3427.444,3333.743,3355.24,10383467644,-0.0008931287774487373,-0.0008927300566546892
2021-01-26,3335.438,3335.438,3253.274,3258.355,9217945971,-0.029300836089912963,-0.02887572871091182
2021-01-27,3269.773,3296.163,3196.088,3281.031,9148409385,0.00693523547567132,0.006959339912317786
2021-01-28,3219.93,3248.015,3160.529,3161.863,9566322212,-0.03699629143283545,-0.036320290786646114
2021-01-29,3201.669,3221.114,3070.038,3128.865,9829750759,-0.010491091859121227,-0.010436252298091309
2021-02-01,3134.79,3189.852,3123.435,3159.993,8720213996,0.009899493425198358,0.009948655502874049
2021-02-02,3176.253,3232.434,3130.763,3228.698,8552920746,0.021509147587817523,0.021742136770556142
2021-02-03,3245.261,3276.235,3218.87,3223.766,8735680327,-0.0015287186291921273,-0.0015275507340729577
2021-02-04,3208.646,3248.281,3155.787,3200.549,8662749811,-0.007227883774600485,-0.007201825442665566
2021-02-05,3224.847,3256.722,3191.458,3193.707,7604547980,-0.0021400465077547892,-0.002137758240851828
2021-02-08,3202.483,3278.06,3162.587,3278.06,6697265710,0.026069472915168035,0.026412253847957867
2021-02-09,3291.501,3339.969,3273.059,3334.242,7173896146,0.01699358317937616,0.017138795507098736
2021-02-10,3350.324,3427.82,3314.673,3413.81,6913493270,0.023583602453509656,0.02386389470230399
2021-02-18,3475.89,3475.998,3300.183,3320.144,9142775437,-0.027820814149047024,-0.027437379350344626
2021-02-19,3289.006,3308.746,3195.954,3285.535,9398626833,-0.010478655314059893,-0.010423945467425533
2021-02-22,3278.586,3278.586,3138.648,3138.672,11833666769,-0.04572971964394412,-0.044699873840942095
2021-02-23,3099.189,3156.37,3090.319,3112.357,8808378210,-0.008419463563487994,-0.008384119143382995
2021-02-24,3112.723,3125.24,2973.884,3007.456,9798856134,-0.03428577829203938,-0.03370468105040647
2021-02-25,3040.901,3045.0,2969.033,2977.176,8828585070,-0.010119338462731164,-0.0100683102263176
2021-02-26,2907.483,2961.027,2887.809,2914.113,9027592645,-0.021409714872754115,-0.021182153826310612
2021-03-01,2958.53,2998.033,2935.076,2994.751,9098464386,0.027295604214184088,0.027671541906576946
2021-03-02,3019.096,3023.208,2937.89,2966.892,8756487492,-0.009346149305212492,-0.009302609799612838
2021-03-03,2951.29,2997.993,2933.834,2997.749,8035792155,0.010346733452104573,0.010400445988596907
2021-03-04,2962.52,2962.52,2841.154,2851.873,9579500518,-0.04988570228755407,-0.04866184593840239
2021-03-05,2800.25,2897.172,2800.25,2871.972,10577969165,0.007022930428556506,0.00704764903626498
2021-03-08,2889.085,2905.469,2726.343,2728.844,10709280417,-0.05112082553880448,-0.049836140463765055
2021-03-09,2717.17,2733.982,2608.241,2633.45,10826165892,-0.03558330267507692,-0.034957659726976065
2021-03-10,2708.229,2720.25,2665.697,2676.702,8542556127,0.016290666080616134,0.016424082477358715
2021-03-11,2682.948,2768.955,2677.571,2746.575,8302838730,0.02576924120837898,0.02610413860041194
2021-03-12,2768.577,2771.866,2711.325,2756.813,8311495903,0.003720621482768749,0.003727551586976574
2021-03-15,2737.447,2737.447,2612.449,2644.015,7993570726,-0.041776707196977014,-0.04091608680022918
2021-03-16,2664.693,2678.915,2629.358,2672.117,8829156183,0.010572446945170455,0.010628532742817498
2021-03-17,2662.926,2717.675,2631.729,2704.136,8496844279,0.011911410633003605,0.011982633993945502
2021-03-18,2717.274,2760.789,2713.85,2748.726,8405684798,0.01635507883333176,0.016489555259055155
2021-03-19,2697.827,2726.872,2653.998,2671.518,8062902912,-0.02849068142649358,-0.028088649068695903
2021-03-22,2683.638,2729.098,2665.616,2698.261,8272100701,0.009960641250649438,0.010010413555139763
2021-03-23,2684.643,2708.959,2641.375,2668.082,9052274901,-0.011247629217637112,-0.011184611125461985
2021-03-24,2650.372,2678.402,2623.292,2634.614,8087879483,-0.01262318051464728,-0.012543842355669632
2021-03-25,2609.378,2670.896,2603.937,2655.999,8474103400,0.008084173408978046,0.008116938572405585
2021-03-26,2672.909,2754.303,2672.909,2745.4,8065214991,0.03310592872732965,0.03366002773344423
2021-03-29,2747.856,2768.14,2716.947,2733.963,7902515829,-0.004174578909804438,-0.004165877467764201
2021-03-30,2728.49,2779.866,2722.234,2771.322,8098369688,0.013572257740745108,0.013664778930804866
2021-03-31,2770.332,2777.083,2731.221,2758.501,6845203931,-0.0046370464202203365,-0.004626311919004644
2021-04-01,2766.417,2819.415,2766.417,2815.413,6505166113,0.020421548616031515,0.02063149514899565
2021-04-02,2828.352,2871.11,2820.01,2852.229,6882803981,0.012991828996596233,0.013076589473729028
2021-04-06,2865.445,2871.867,2814.487,2831.598,7020712048,-0.007259577255573468,-0.0072332901741059
2021-04-07,2843.574,2843.574,2773.674,2807.201,7425732676,-0.008653315089547142,-0.008615982918479204
2021-04-08,2793.166,2838.937,2778.866,2826.99,7843943410,0.007024639872835081,0.007049370529577326
2021-04-09,2823.78,2829.955,2772.306,2783.327,6928841615,-0.015565566643521045,-0.01544504932808377
2021-04-12,2789.785,2813.487,2711.837,2719.953,7603862981,-0.02303237399611291,-0.02276915360645737
2021-04-13,2719.556,2785.14,2719.556,2742.852,7062620500,0.008383654229813686,0.00841889547356156
2021-04-14,2753.665,2809.165,2753.665,2804.409,6845242068,0.022194566611480226,0.022442698330059407
2021-04-15,2787.247,2793.666,2761.293,2790.644,6871798164,-0.0049204280179573345,-0.004908342542047306
2021-04-16,2801.739,2802.618,2744.682,2783.373,7957609600,-0.0026088919800786314,-0.002605491778958413
2021-04-19,2777.017,2899.729,2769.65,2898.729,9070631699,0.04060886346931358,0.04144467881236169
2021-04-20,2880.057,2922.034,2870.292,2896.108,9143020663,-0.0009045984136326624,-0.0009041893878315443
2021-04-21,2873.362,2920.718,2867.207,2916.975,7617940544,0.007179353753977047,0.00720518709937612
2021-04-22,2941.303,2950.228,2901.917,2939.395,7673935790,0.007656657461812877,0.007686044618140375
2021-04-23,2938.932,3009.273,2937.944,2994.488,8398319168,0.018569487505969207,0.018742972618514875
2021-04-26,3019.303,3057.124,2965.011,2969.405,9373227720,-0.008411669323354687,-0.008376390220965813
2021-04-27,2964.027,2986.034,2946.799,2986.034,8791010472,0.005584489478174248,0.00560011180691089
2021-04-28,2990.7,3052.039,2980.648,3050.585,8216691147,0.02138728998374262,0.021617637307545623
2021-04-29,3053.738,3068.595,3014.553,3051.417,8358582467,0.00027269738854762693,0.00027273457386045585
2021-04-30,3040.649,3110.156,3037.314,3091.395,8108127599,0.013016372449936142,0.013101454176862815
2021-05-06,3059.584,3059.584,2961.994,3014.812,7421619065,-0.0250849720017996,-0.02477295848637917
2021-05-07,3021.867,3026.849,2910.411,2910.411,8148062307,-0.03524316501901392,-0.034629356656401766
2021-05-10,2920.42,2960.327,2901.08,2921.721,8016130726,0.003878517899776668,0.0038860490837890893
2021-05-11,2898.801,2932.477,2864.046,2921.343,8106036551,-0.0001293841725944489,-0.00012937580282312844
2021-05-12,2913.064,2965.212,2887.212,2960.355,8256231926,0.013265751526119196,0.01335413198655555
2021-05-13,2922.731,2967.616,2912.515,2943.617,9338211691,-0.005670096282250903,-0.005654051625565093
2021-05-14,2954.172,3039.726,2942.98,3033.806,10555158338,0.030178839596361584,0.030638836506243772
2021-05-17,3049.019,3130.205,3049.019,3112.741,10272223189,0.025685751620981634,0.0260184731653903
2021-05-18,3108.634,3128.94,3068.764,3090.123,8485862129,-0.007292792569508322,-0.007266264684405166
2021-05-19,3081.221,3128.601,3075.8,3114.724,8610766005,0.007929648839924752,0.007961171772126852
2021-05-20,3113.552,3158.455,3112.556,3143.616,8655452145,0.009233184920407922,0.009275942266473658
2021-05-21,3162.791,3171.899,3098.239,3113.259,8509349745,-0.009703642218386932,-0.009656713797104977
2021-05-24,3128.776,3140.945,3075.449,3139.686,8740319410,0.008452707435216311,0.008488532434982154
2021-05-25,3155.274,3232.739,3151.902,3227.355,9250645801,0.027540121395977835,0.027922855979865435
2021-05-26,3226.698,3228.766,3185.769,3196.848,9971248975,-0.009497591941418193,-0.00945263226388171
2021-05-27,3192.045,3238.454,3169.03,3226.108,10039436142,0.009111132759574758,0.00915276547399202
2021-05-28,3226.081,3285.284,3215.029,3232.291,10243174503,0.0019147166004991334,0.0019165508408274246
2021-05-31,3246.149,3309.749,3246.149,3309.069,10214857160,0.023475707208822527,0.0237534306162408
2021-06-01,3290.533,3307.474,3242.905,3300.159,10869216527,-0.0026962318133740837,-0.002692600244963095
2021-06-02,3309.181,3310.493,3228.851,3243.022,10501110601,-0.017465037985617826,-0.017313408232754846
2021-06-03,3241.158,3255.163,3201.232,3201.784,9911125979,-0.01279745668400345,-0.012715917437501112
2021-06-04,3194.39,3281.264,3183.667,3242.612,9953049289,0.012671023400674386,0.012751640960164679
2021-06-07,3240.954,3241.774,3197.91,3228.243,10185118685,-0.004441151476159533,-0.0044313041461636615
2021-06-08,3227.271,3275.783,3185.222,3208.572,11386212811,-0.0061120480354457385,-0.006093407466538192
2021-06-09,3203.147,3222.184,3183.057,3207.626,10623021002,-0.00029487868262734196,-0.00029483521018069947
2021-06-10,3213.444,3301.16,3213.444,3285.51,13312599973,0.023990791361184094,0.02428088561447006
2021-06-11,3305.531,3320.255,3266.357,3298.497,14232825969,0.00394501914813894,0.0039528109791173716
2021-06-15,3298.212,3306.436,3240.525,3262.188,13581557003,-0.011068774284199279,-0.011007740798309018
2021-06-16,3258.603,3258.691,3122.814,3125.701,14002507978,-0.042739557859459154,-0.04183909694965471
2021-06-17,3133.911,3197.543,3133.911,3188.593,13198688346,0.019921175635492006,0.020120926473773393
2021-06-18,3210.137,3260.73,3198.289,3239.227,13580722317,0.01575496742464111,0.015879731279595743
2021-06-21,3235.692,3288.736,3205.364,3270.577,14097065852,0.009631700850093239,0.009678234961612908
2021-06-22,3273.631,3291.176,3220.417,3281.992,15203410795,0.0034841331842194734,0.0034902098314761876
2021-06-23,3288.756,3341.962,3266.902,3318.946,14273694569,0.01119670751780788,0.011259625251980987
2021-06-24,3326.334,3328.562,3260.031,3279.159,13289248415,-0.012060275564346412,-0.011987841923309372
2021-06-25,3288.269,3355.885,3286.271,3347.699,12742040642,0.020686257084731707,0.020901700710456605
2021-06-28,3356.219,3422.726,3345.208,3412.863,11935863686,0.01927828431514378,0.019465310351975962
2021-06-29,3438.885,3445.872,3392.632,3406.238,12218346161,-0.001943071992746681,-0.0019411854504560733
2021-06-30,3418.812,3484.193,3389.96,3477.178,11964622365,0.020612588785612118,0.020826495388754473
2021-07-01,3486.778,3500.739,3431.771,3455.359,13319951689,-0.006294686070800637,-0.006274916038235601
2021-07-02,3429.606,3429.606,3329.824,3333.897,11997764427,-0.03578446917210165,-0.03515177438871042
2021-07-05,3332.49,3387.099,3318.337,3352.117,12897392541,0.005450196515152328,0.005465075855672907
2021-07-06,3359.263,3367.754,3240.869,3291.988,13845968853,-0.018100448937600433,-0.01793761971912089
2021-07-07,3278.126,3419.695,3261.317,3409.589,12943174629,0.03510011856442752,0.03572339874871955
2021-07-08,3435.311,3469.596,3418.699,3432.957,15375282409,0.00683023273707839,0.006853611974932949
2021-07-09,3413.018,3428.297,3334.272,3409.309,13778111200,-0.006912357444077699,-0.00688852205256274
2021-07-12,3453.01,3554.073,3426.013,3534.763,16060604848,0.03613662178863386,0.03679748594216581
2021-07-13,3518.527,3560.884,3478.274,3514.977,16407783722,-0.005613271398026143,-0.005597546426733602
2021-07-14,3491.42,3539.552,3464.917,3488.627,15637436078,-0.007524732789429223,-0.007496492864675908
2021-07-15,3476.114,3537.391,3453.353,3537.391,13824338847,0.013881200707485775,0.013977991914870813
2021-07-16,3525.271,3525.271,3428.976,3432.647,13095190484,-0.030057766102178363,-0.029610523688221146
2021-07-19,3438.198,3482.087,3420.401,3449.526,13562654889,0.004905146628262358,0.0049171965541461304
2021-07-20,3431.001,3491.052,3418.765,3463.791,12728001626,0.0041268237071179215,0.004135350769931989
2021-07-21,3480.702,3568.698,3473.145,3560.045,16030329151,0.027409531226499695,0.02778862812450278
2021-07-22,3572.435,3576.119,3512.718,3544.436,17259770839,-0.00439413522688703,-0.004384495139808653
2021-07-23,3539.423,3542.276,3461.616,3469.873,17415624959,-0.021261056141240076,-0.021036633190724907
2021-07-26,3450.903,3464.741,3292.202,3371.228,16348854512,-0.028840924184224903,-0.028428994375298444
2021-07-27,3384.456,3423.454,3232.839,3232.839,16864314246,-0.0419163711261934,-0.04105002687448023
2021-07-28,3204.314,3306.503,3157.994,3284.92,15231102149,0.015981599964845827,0.016109988774572592
2021-07-29,3375.326,3467.896,3338.132,3459.721,15664408358,0.05184565146045017,0.05321316805279874
2021-07-30,3454.026,3479.376,3402.326,3440.182,17173312766,-0.005663573017711698,-0.005647565222744899
2021-08-02,3448.257,3500.334,3399.642,3493.359,17226386501,0.015339360563512372,0.015457612417017597
2021-08-03,3490.857,3517.095,3447.141,3477.229,18725777723,-0.004628025294332261,-0.004617332487156345
2021-08-04,3463.729,3564.274,3445.054,3563.127,16512410468,0.024402817876879368,0.024703003454762396
2021-08-05,3547.836,3569.838,3507.033,3532.5,17478716410,-0.008632694532041185,-0.00859553981657124
2021-08-06,3539.967,3548.341,3469.119,3490.902,15906903420,-0.011845680033296446,-0.0117757961783439
2021-08-09,3455.703,3466.88,3412.863,3456.747,14372071360,-0.009832182124251077,-0.009784004248758693
2021-08-10,3453.845,3470.972,3422.377,3468.67,15916487759,0.003443261764591199,0.0034491966001561902
2021-08-11,3457.789,3471.937,3422.864,3437.058,17052441934,-0.009155362276430878,-0.00911357955642944
2021-08-12,3413.521,3439.413,3379.421,3386.432,17188978878,-0.014839013164269943,-0.014729457576799776
2021-08-13,3360.517,3432.818,3328.7,3345.126,16610767348,-0.01227249871068814,-0.012197498724320965
2021-08-16,3330.825,3346.801,3288.045,3301.391,15728922247,-0.013160466220805134,-0.013074245932739204
2021-08-17,3311.952,3326.082,3211.245,3224.153,16965583381,-0.023673614717358404,-0.023395592948548094
2021-08-18,3238.261,3269.216,3219.054,3248.373,14935574135,0.007483975513276064,0.007512050451700114
2021-08-19,3259.094,3304.431,3231.361,3278.357,14698830187,0.009188126654947837,0.00923046706766728
2021-08-20,3256.492,3265.631,3162.756,3192.9,14149442452,-0.02641278752928855,-0.026067020766804783
2021-08-23,3218.968,3296.364,3202.806,3293.77,16231037614,0.031103210662390524,0.03159196968273359
2021-08-24,3301.865,3351.927,3269.864,3330.58,16465103156,0.011113657604603588,0.011175643715256367
2021-08-25,3330.809,3348.889,3295.464,3348.662,14765204487,0.005414400069318148,0.00542908442373391
2021-08-26,3361.907,3368.655,3262.682,3264.45,15120685668,-0.02546956782323484,-0.025147954615903356
2021-08-27,3259.154,3296.684,3243.18,3257.072,14806544028,-0.002262662963561368,-0.0022601050712982573
2021-08-30,3275.975,3316.635,3249.865,3271.802,15472036434,0.004512271179567762,0.004522466804540937
2021-08-31,3273.813,3273.813,3181.353,3214.117,14815376960,-0.017788233573472922,-0.017630956885532734
2021-09-01,3214.166,3222.467,3128.269,3186.85,15723817525,-0.008519701767495391,-0.008483511956783207
2021-09-02,3181.258,3200.036,3133.761,3138.803,14271190559,-0.015191451071084217,-0.015076643080157548
2021-09-03,3150.304,3165.211,3088.775,3102.145,16100818918,-0.011747709352018632,-0.011678974437070444
2021-09-06,3106.257,3231.568,3085.155,3228.088,14418760730,0.03979620380033744,0.040598682524511265
2021-09-07,3222.428,3256.526,3203.683,3251.487,14650161243,0.0072224186660569956,0.007248563236194272
2021-09-08,3259.534,3282.454,3215.475,3219.947,17177404470,-0.009747530370852076,-0.009700177180471559
2021-09-09,3224.451,3244.075,3174.029,3221.941,16375660455,0.0006190731859003762,0.0006192648512537424
2021-09-10,3207.864,3241.87,3189.971,3232.01,15242166237,0.003120261734041563,0.0031251348178009675
2021-09-13,3231.395,3260.329,3183.442,3194.275,15353468449,-0.011744089691443804,-0.011675397043944824
2021-09-14,3199.411,3275.94,3197.896,3236.547,15896072745,0.013146875735996488,0.013233675873241868
2021-09-15,3233.154,3234.125,3185.648,3200.399,14290572925,-0.011231531225179836,-0.011168693054666057
2021-09-16,3199.459,3199.459,3127.786,3128.845,15219880540,-0.022611562666234875,-0.022357837257167
2021-09-17,3124.316,3201.447,3122.323,3193.261,13455860589,0.020378724834513307,0.020587788784679484
2021-09-22,3144.455,3199.765,3141.235,3164.328,11227950138,-0.00910194092342742,-0.00906064364923509
2021-09-23,3197.261,3210.641,3160.583,3182.467,14023660627,0.005715971411373033,0.00573233874617296
2021-09-24,3176.868,3250.139,3169.504,3207.817,13148217918,0.007933961300301107,0.00796551857411254
2021-09-27,3228.068,3280.301,3211.613,3231.583,13956685068,0.0073814665681641856,0.007408776747551471
2021-09-28,3219.381,3272.94,3202.619,3211.454,9893354389,-0.006248315969235918,-0.006228835836801894
2021-09-29,3181.979,3209.692,3165.487,3175.152,10674070345,-0.011368288873816468,-0.011303914052637865
2021-09-30,3188.392,3257.668,3180.914,3244.646,9269979002,0.021650748081638582,0.021886826205485654
2021-10-08,3259.46,3285.73,3224.06,3243.204,10704122573,-0.00044452323150068196,-0.0004444244456868196
2021-10-11,3242.184,3257.364,3190.665,3196.189,10258226155,-0.014602567488552154,-0.014496467073918384
2021-10-12,3194.012,3196.706,3106.472,3138.263,10618414572,-0.01828970043239231,-0.01812345890684186
2021-10-13,3141.424,3211.341,3140.016,3210.159,9207802708,0.02265100648182994,0.022909488465434613
2021-10-14,3216.86,3238.155,3204.923,3215.736,9112492113,0.001735789769448104,0.0017372971245348534
2021-10-15,3198.893,3284.653,3187.404,3276.321,10019086202,0.018664888143607783,0.018840165983774693
2021-10-18,3287.039,3287.039,3231.045,3276.484,9523773298,4.974968735815821e-05,4.9750924894009785e-05
2021-10-19,3293.801,3310.021,3273.545,3297.293,9752432343,0.00633093258357853,0.006351015295664508
2021-10-20,3304.551,3320.332,3276.825,3285.122,10131304476,-0.0036980390541661023,-0.003691209728707845
2021-10-21,3286.27,3304.005,3256.853,3279.487,9995558644,-0.001716782030436903,-0.0017153092031284567
2021-10-22,3290.541,3309.561,3268.937,3284.911,10224857955,0.001652550998393565,0.0016539172132714608
2021-10-25,3303.22,3342.221,3302.485,3338.624,10440954107,0.016219187331973473,0.016351432352352813
2021-10-26,3370.785,3370.785,3322.193,3327.537,11542105167,-0.00332635537089665,-0.0033208291799255996
2021-10-27,3321.64,3324.347,3283.726,3308.962,11632689969,-0.005597845642800081,-0.005582206899577669
2021-10-28,3301.906,3335.928,3266.312,3278.359,10691675531,-0.009291552717801466,-0.0092485196263965
2021-10-29,3275.831,3358.349,3253.043,3350.665,11483278006,0.021815841275902415,0.022055546692720363
2021-11-01,3341.472,3374.536,3302.959,3331.915,11889288285,-0.005611619824538394,-0.005595904096649451
2021-11-02,3329.414,3373.179,3307.504,3339.597,12692952636,0.0023029272510051157,0.002305581024726111
2021-11-03,3334.414,3363.753,3301.437,3327.085,10734499300,-0.0037535957739169845,-0.003746559839405861
2021-11-04,3351.298,3380.209,3344.761,3362.249,12031584128,0.010513550049383369,0.010569011612267198
2021-11-05,3354.379,3383.296,3347.158,3352.754,14607164494,-0.002827997642913971,-0.00282400262443383
2021-11-08,3353.889,3393.387,3341.602,3380.292,14214073644,0.008179998637343644,0.008213546236914393
2021-11-09,3400.973,3409.942,3377.513,3409.942,13516319599,0.0087331860570945,0.008771431580467004
2021-11-10,3388.054,3403.31,3338.46,3399.663,14643832685,-0.003018973290540572,-0.0030144207731392925
2021-11-11,3396.654,3443.961,3393.984,3433.241,16004996133,0.009828403939389219,0.009876861324195962
2021-11-12,3436.262,3446.036,3409.479,3430.141,15936678618,-0.0009033447973045838,-0.0009029369042254931
2021-11-15,3435.623,3435.68,3387.531,3401.874,16328615182,-0.008274911953918718,-0.00824076911124072
2021-11-16,3400.34,3423.519,3389.546,3393.715,16343814823,-0.0024012646793227788,-0.002398383949552385
2021-11-17,3413.431,3425.57,3400.771,3421.329,15003957307,0.008103880510258676,0.00813680583077847
2021-11-18,3416.643,3416.643,3374.011,3383.906,15880789662,-0.01099840850129219,-0.010938147135221454
2021-11-19,3385.834,3419.746,3378.377,3418.96,14365104641,0.010305747681048416,0.010359034795883737
2021-11-22,3434.575,3505.727,3430.592,3505.727,15151270561,0.02506150569130483,0.02537818517911883
2021-11-23,3501.218,3508.898,3482.688,3492.769,15553946979,-0.003703085579410015,-0.003696237613482145
2021-11-24,3488.381,3501.579,3469.364,3478.662,16010345725,-0.0040470942780164165,-0.0040389158286734395
2021-11-25,3477.596,3490.621,3462.125,3474.451,15986110190,-0.001211256171112396,-0.0012105228964468528
2021-11-26,3470.211,3501.341,3461.194,3468.865,15445064908,-0.001609029807996265,-0.0016077360135458019
2021-11-29,3455.608,3522.504,3455.608,3503.409,14761815638,0.00990904334893905,0.00995830048156976
2021-11-30,3520.294,3520.294,3472.583,3495.593,16087067101,-0.002233462213348858,-0.002230969892467627
2021-12-01,3492.435,3501.334,3459.514,3473.366,15930870261,-0.0063788796485102495,-0.006358577786372721
2021-12-02,3464.921,3487.935,3456.312,3466.914,16252885183,-0.0018592915152382261,-0.0018575641035236679
2021-12-03,3467.413,3482.46,3446.954,3478.666,13410885295,0.0033840258739967766,0.0033897581537931654
2021-12-06,3460.961,3479.862,3403.159,3405.935,13956561089,-0.021129388873115218,-0.020907727272466037
2021-12-07,3429.765,3429.84,3338.004,3368.784,13041442182,-0.010967649700312165,-0.01090772431065179
2021-12-08,3388.318,3428.228,3378.281,3424.704,11722301702,0.016463196233193145,0.016599461408033367
2021-12-09,3422.379,3463.652,3400.381,3459.319,13298574103,0.010056704266816041,0.01010744286221521
2021-12-10,3431.289,3485.08,3429.572,3466.797,13122351881,0.0021593640377179923,0.0021616971432816268
2021-12-13,3473.389,3508.192,3457.544,3496.962,14323965486,0.00866347863889061,0.008701115179227337
2021-12-14,3491.823,3507.271,3486.913,3495.06,15677935411,-0.0005440486448460291,-0.0005439006772164356
2021-12-15,3492.581,3520.466,3462.506,3464.758,15925601843,-0.008707753987380329,-0.008669951302695877
2021-12-16,3479.184,3491.183,3467.734,3490.449,15345043998,0.007387592301329349,0.0074149478838061444
2021-12-17,3480.513,3486.236,3427.016,3434.339,16478182782,-0.016205904936025917,-0.01607529575707889
2021-12-20,3420.862,3434.091,3327.79,3332.606,14990013005,-0.030069895781460687,-0.02962229412996209
2021-12-21,3328.895,3354.925,3306.962,3350.429,13827556926,0.005333816822671977,0.005348066948207997
2021-12-22,3360.283,3379.08,3354.382,3368.699,15318596332,0.005438219074481054,0.005453033029501508
2021-12-23,3379.808,3389.854,3358.916,3373.703,13725577683,0.001484337753446141,0.0014854399279959907
2021-12-24,3381.545,3384.293,3280.937,3297.106,14855119608,-0.022965840154878236,-0.022704132521445985
2021-12-27,3296.408,3315.753,3273.815,3293.811,12881064471,-0.0009998609524313196,-0.000999361258024467
2021-12-28,3300.311,3331.316,3280.067,3328.559,13360160944,0.010494224543649011,0.01054948204374817
2021-12-29,3326.076,3326.212,3281.897,3281.897,12930180200,-0.014117868731222671,-0.01401867895386566
2021-12-30,3285.769,3339.654,3280.308,3322.795,14997205763,0.012384687354053625,0.012461695172030218
2021-12-31,3342.187,3353.567,3315.073,3322.673,14467687781,-3.6716751932175384e-05,-3.671607788036102e-05
2022-01-04,3348.128,3349.455,3238.245,3250.159,17766437269,-0.022065661252815616,-0.021823995319431022
2022-01-05,3242.435,3245.758,3145.047,3161.507,17765998746,-0.027655105568936023,-0.027276204025710737
2022-01-06,3133.046,3150.113,3093.039,3127.48,15651290472,-0.010821244198549351,-0.010762905158837266
2022-01-07,3137.075,3147.227,3093.207,3096.881,16123439606,-0.00983209248311745,-0.00978391548467139
2022-01-10,3082.781,3115.469,3051.531,3095.689,13156026011,-0.00038497748583310454,-0.0003849033915090949
2022-01-11,3094.703,3103.827,3050.586,3056.153,13609472266,-0.01285356298937046,-0.012771308745807453
2022-01-12,3091.669,3139.38,3088.781,3136.685,13451922556,0.02600957426193773,0.026350774977561775
2022-01-13,3145.02,3145.02,3083.141,3083.141,14381913130,-0.017217627225772247,-0.01707025091776826
2022-01-14,3059.143,3128.251,3057.939,3119.408,15850181937,0.011694357695821722,0.011763004027386392
2022-01-17,3124.628,3176.242,3113.977,3170.408,17911559362,0.016217046003752955,0.016349256012679225
2022-01-18,3168.786,3177.822,3136.251,3144.333,19372870404,-0.008258501243020078,-0.008224493503675157
2022-01-19,3139.23,3141.281,3052.645,3075.977,16248574913,-0.021979210616517975,-0.021739427726007454
2022-01-20,3072.388,3102.306,3056.959,3065.994,17096927157,-0.0032507508717252165,-0.003245472901780344
2022-01-21,3052.977,3069.881,3020.3,3034.679,13864294294,-0.01026617064531088,-0.010213653386144883
2022-01-24,3011.628,3071.058,3010.204,3056.434,11634186988,0.007143224072571286,0.007168797754227185
2022-01-25,3035.824,3055.876,2974.955,2974.955,13795548573,-0.02701996409503149,-0.026658190558016437
2022-01-26,2993.157,3008.383,2952.908,3004.412,10477623703,0.00985296213089537,0.009901662378086318
2022-01-27,2993.995,3001.549,2904.715,2906.763,11644355743,-0.03304178405824576,-0.032501867253891925
2022-01-28,2945.718,2962.769,2882.674,2908.945,10543139715,0.0007503815880660625,0.0007506631947635789
2022-02-07,2972.194,2987.498,2905.249,2917.864,10409457181,0.0030613692557022176,0.0030660600320735476
2022-02-08,2913.319,2913.319,2782.277,2846.482,10719248576,-0.024767995915428997,-0.024463785837859464
2022-02-09,2844.838,2887.731,2818.393,2883.597,12707317523,0.012954627347774306,0.013038902055238832
2022-02-10,2891.3,2891.3,2796.901,2826.517,11586408322,-0.01999326156084269,-0.01979472166186902
2022-02-11,2800.749,2811.777,2742.514,2746.383,12354463686,-0.02876043839985787,-0.028350793573857835
2022-02-14,2723.51,2776.233,2710.884,2732.01,10313785349,-0.005247171196883116,-0.005233428840769716
2022-02-15,2744.385,2817.807,2739.42,2816.444,10115495128,0.03043749429770859,0.03090545056570071
2022-02-16,2829.652,2841.326,2808.265,2818.397,10567743449,0.0006931872889417434,0.000693427598773555
2022-02-17,2813.48,2861.967,2804.887,2839.825,12513694132,0.007574146945628968,0.007602903352508461
2022-02-18,2819.548,2829.825,2803.237,2826.813,10750365670,-0.004592501892567213,-0.004581972480698582
2022-02-21,2830.601,2836.279,2794.259,2804.598,13833275751,-0.007889715467675806,-0.007858673354056323
2022-02-22,2783.283,2783.283,2741.971,2765.91,14026979997,-0.013890518443748334,-0.013794490333373988
2022-02-23,2770.214,2845.082,2770.214,2843.866,14107745317,0.02779469934173484,0.0281845757815693
2022-02-24,2817.796,2852.721,2746.62,2783.899,19482361255,-0.021311931015524088,-0.021086436562060218
2022-02-25,2827.829,2882.073,2827.829,2855.803,13021102881,0.02550060142878685,0.025828523233062617
2022-02-28,2844.823,2881.306,2834.543,2881.306,11820747538,0.008890599075383143,0.008930237835032884
2022-03-01,2895.388,2905.128,2865.884,2885.786,11944181746,0.0015536429455798029,0.0015548504740559022
2022-03-02,2866.69,2866.69,2811.118,2834.636,12081766034,-0.017883772653566332,-0.017724807036973655
2022-03-03,2850.669,2853.474,2789.515,2791.949,12579453085,-0.01517361561698749,-0.015059076368182711
2022-03-04,2763.062,2797.82,2737.474,2748.638,13362759571,-0.015634401994488734,-0.01551281918115277
2022-03-07,2718.444,2720.783,2620.829,2630.371,12007812841,-0.043980615383382826,-0.04302749216157231
2022-03-08,2645.109,2654.639,2567.91,2582.986,13625182207,-0.018178806834961314,-0.01801456904748422
2022-03-09,2594.962,2608.208,2462.17,2566.719,14374975147,-0.006317664450762095,-0.0062977499684473415
2022-03-10,2645.363,2664.58,2625.601,2635.194,13844436432,0.026328373977563047,0.02667802747398529
2022-03-11,2589.696,2668.242,2566.031,2665.462,13871125439,0.011420597370338292,0.011486061367777856
2022-03-14,2638.49,2647.255,2570.28,2570.447,12724977158,-0.03629758719779819,-0.03564672840955896
2022-03-15,2547.717,2615.708,2504.782,2504.782,13979091514,-0.025878108942408495,-0.02554614041837855
2022-03-16,2549.153,2639.927,2478.438,2635.083,15417766941,0.05071297574672684,0.052020894433128184
2022-03-17,2684.841,2764.249,2684.037,2710.726,17133012826,0.02830181514419472,0.028706116657426062
2022-03-18,2693.154,2725.69,2668.935,2713.795,13849695224,0.0011315286003874547,0.0011321690204026957
2022-03-21,2730.209,2756.351,2702.177,2726.18,14446135853,0.004553337615726072,0.004563719809344446
2022-03-22,2718.002,2718.002,2676.837,2688.234,13450133778,-0.014016889465392701,-0.013919110256842893
2022-03-23,2707.565,2725.557,2682.132,2715.954,12474071317,0.010258800438057492,0.010311602338189507
2022-03-24,2697.425,2725.284,2655.918,2706.215,11978187871,-0.0035922932218204195,-0.0035858486557578395
2022-03-25,2702.653,2714.151,2637.944,2637.944,11551978862,-0.02555115379300954,-0.025227485621061252
2022-03-28,2622.468,2622.588,2576.233,2594.128,10681951290,-0.016749396548290996,-0.016609905289877158
2022-03-29,2603.425,2633.449,2581.379,2592.666,10998233760,-0.0005637393884239117,-0.0005635805172297115
2022-03-30,2612.715,2696.826,2610.406,2696.826,10747822063,0.039388836017403506,0.040174862477465156
2022-03-31,2683.195,2686.277,2646.24,2659.492,12077568697,-0.0139403988358211,-0.013843681424014709
2022-04-01,2641.752,2687.153,2632.975,2666.969,11886350248,0.002807494473781702,0.002811439177105912
2022-04-06,2662.281,2662.622,2615.923,2633.91,11576730860,-0.012473187412855857,-0.012395719635286406
2022-04-07,2611.979,2632.097,2576.534,2578.533,11651384938,-0.021248801606977175,-0.021024636377097172
2022-04-08,2578.736,2609.347,2546.514,2569.911,10880541644,-0.0033493646081437234,-0.0033437617435959632
2022-04-11,2536.149,2536.149,2455.455,2462.043,10821747359,-0.04287977487232375,-0.04197343799065412
2022-04-12,2461.595,2523.694,2459.262,2523.694,10376006114,0.024732208111184484,0.025040586212344618
2022-04-13,2499.191,2513.475,2466.841,2466.841,10407488897,-0.022785316475868456,-0.022527691550560447
2022-04-14,2495.165,2498.805,2443.151,2466.293,9238638493,-0.000222171139991012,-0.00022214646181073494
2022-04-15,2443.355,2483.746,2416.704,2460.362,10191369327,-0.0024077199906322733,-0.0024048237577611875
2022-04-18,2435.851,2491.596,2410.857,2487.774,8329388289,0.011079841148571745,0.011141449916719504
2022-04-19,2484.516,2510.406,2444.593,2453.545,8477129265,-0.013854417213303272,-0.013758886458335784
2022-04-20,2440.295,2443.31,2357.913,2363.653,9671038780,-0.03732561386504685,-0.03663759988098869
2022-04-21,2352.215,2378.341,2298.745,2312.456,10436306690,-0.021898140463480154,-0.021660116776870186
2022-04-22,2299.156,2321.14,2279.778,2296.595,9514197308,-0.006882571970229456,-0.006858941316072786
2022-04-25,2240.042,2262.767,2168.897,2169.004,12163521767,-0.05715951521531437,-0.0555565957428279
2022-04-26,2172.799,2218.562,2149.596,2150.513,11377588335,-0.008561657681684487,-0.008525111064802138
2022-04-27,2122.318,2271.171,2122.318,2269.171,12400633165,0.053708148225137364,0.055176602047976475
2022-04-28,2249.512,2266.433,2206.956,2227.655,10675588639,-0.01846510387613609,-0.018295668329975867
2022-04-29,2247.696,2322.97,2221.993,2319.137,12404934689,0.04024567103867671,0.041066502667603366
2022-05-05,2263.92,2317.166,2242.955,2288.404,10279861280,-0.01334050235997708,-0.013251912241493358
2022-05-06,2227.682,2274.394,2222.488,2244.969,9743867940,-0.019162918721244537,-0.018980477223427328
2022-05-09,2236.169,2263.119,2213.582,2228.073,8980267124,-0.007554626295855016,-0.0075261618311879275
2022-05-10,2192.058,2287.868,2187.438,2276.345,10140790625,0.02143400015928254,0.021665358361238507
2022-05-11,2280.96,2401.099,2275.271,2346.152,13044975464,0.030205452767217977,0.0306662654386749
2022-05-12,2325.948,2367.307,2324.757,2351.271,10129887105,0.0021794937464028052,0.002181870569340827
2022-05-13,2367.546,2373.302,2334.366,2358.161,8712446311,0.002926044973518671,0.0029303300215075545
2022-05-16,2376.643,2395.753,2328.74,2331.23,9216155328,-0.011486052701479288,-0.011420339832606818
2022-05-17,2335.125,2370.663,2323.07,2369.089,9418647312,0.016109467780593967,0.016239924846540132
2022-05-18,2373.889,2384.598,2352.916,2365.377,9637781248,-0.0015680757916971544,-0.0015668470032151882
2022-05-19,2329.963,2377.314,2325.671,2377.127,9736371194,0.004955198368810976,0.004967495667709709
2022-05-20,2395.352,2426.575,2384.114,2417.349,10125447308,0.01677886953183627,0.016920425370626102
2022-05-23,2422.127,2423.791,2385.695,2410.122,9985134662,-0.002994116546328307,-0.00298963864961177
2022-05-24,2404.596,2404.596,2316.788,2318.075,12018920186,-0.03894026875493761,-0.03819184257062502
2022-05-25,2320.78,2332.959,2303.154,2325.597,8793485754,0.003239680399023115,0.0032449338351867585
2022-05-26,2329.434,2343.208,2283.442,2321.134,9206406813,-0.0019209209107859948,-0.0019190771229925518
2022-05-27,2340.616,2377.402,2311.057,2322.482,9121288154,0.0005805820454858335,0.000580750615862824
2022-05-30,2338.355,2359.575,2323.823,2350.385,8463448639,0.01194270311795087,0.01201430194076858
2022-05-31,2349.789,2411.176,2323.352,2405.085,10006882320,0.023006101443849403,0.02327278296959845
2022-06-01,2403.355,2441.388,2395.966,2428.957,9546478382,0.009876701136485977,0.009925636723857822
2022-06-02,2418.663,2463.345,2411.708,2458.256,9671425742,0.011990208330850294,0.01206237903758689
2022-06-06,2456.162,2562.016,2455.951,2554.659,11227924800,0.03846659551625198,0.03921601330374069
2022-06-07,2555.55,2575.889,2532.781,2554.626,11099701835,-1.2917658732902737e-05,-1.2917575300641637e-05
2022-06-08,2558.154,2576.335,2507.111,2576.335,11179554052,0.008462013077261687,0.008497917111937259
2022-06-09,2558.326,2561.406,2491.822,2500.205,9784077518,-0.029995117858295117,-0.029549728587314972
2022-06-10,2482.312,2556.98,2481.958,2556.473,9910252352,0.022255845655509532,0.02250535456092595
2022-06-13,2522.73,2563.24,2520.003,2546.488,10639612306,-0.003913419186714506,-0.003905771740988495
2022-06-14,2515.511,2551.084,2461.543,2548.314,11341814759,0.0007168090450564435,0.0007170660140554119
2022-06-15,2560.644,2631.938,2550.501,2575.086,12559606776,0.010450967590058369,0.010505769697140899
2022-06-16,2575.964,2616.822,2574.953,2585.471,12139945498,0.004024764775836687,0.004032875018543214
2022-06-17,2561.396,2666.076,2559.671,2657.212,11983597370,0.02736975643857953,0.027747748862779753
2022-06-20,2672.768,2741.588,2672.316,2710.141,12443440651,0.019723210227750698,0.019918997806723793
2022-06-21,2707.98,2723.033,2664.685,2692.985,12938861050,-0.006350419240752636,-0.0063302979439077145
2022-06-22,2701.628,2721.809,2677.011,2677.285,11793332089,-0.005847022488198128,-0.005829961919580073
2022-06-23,2693.751,2760.102,2672.579,2760.102,12134418575,0.030464414238457138,0.03093320285289014
2022-06-24,2779.407,2824.44,2761.46,2824.44,12526857496,0.023042479291805584,0.02331000810839612
2022-06-27,2838.58,2863.658,2819.289,2830.597,13178086815,0.002177528611342794,0.0021799011485463815
2022-06-28,2827.352,2850.285,2771.933,2840.419,13834711748,0.003463933031063071,0.0034699393802790635
2022-06-29,2817.117,2845.461,2764.397,2768.61,14396565705,-0.025606187303329975,-0.025281129298177385
2022-06-30,2776.393,2834.49,2772.769,2810.601,12318445012,0.015052950281556399,0.015166816561379193
2022-07-01,2810.106,2822.797,2768.482,2781.943,10977599309,-0.0102487350459457,-0.010196395717499529
2022-07-04,2764.62,2834.689,2748.131,2834.689,10914129274,0.01878262655142926,0.01896012966477012
2022-07-05,2845.74,2867.425,2780.358,2825.131,11637428006,-0.0033774957811569806,-0.003371798458314146
2022-07-06,2826.351,2858.049,2776.7,2802.715,10510856474,-0.007966144966353284,-0.007934499320562338
2022-07-07,2814.15,2852.803,2792.179,2849.706,10329212170,0.016627240826347034,0.016766242732493275
2022-07-08,2868.689,2887.718,2810.647,2817.639,11501631999,-0.011316530833378025,-0.011252739756311692
2022-07-11,2804.548,2804.798,2742.456,2767.461,10174094369,-0.01796900687086378,-0.01780852692626711
2022-07-12,2768.819,2774.12,2697.683,2702.693,9787048361,-0.023681610023015942,-0.023403401168074156
2022-07-13,2708.096,2762.51,2674.47,2746.86,9344557907,0.01620975778821876,0.016341848667236647
2022-07-14,2739.917,2841.385,2736.322,2819.129,10274644840,0.025969530867459234,0.02630967723145683
2022-07-15,2804.177,2835.011,2760.499,2760.499,11205043376,-0.021016511504418744,-0.020797203675319564
2022-07-18,2778.404,2812.673,2736.259,2800.357,11813025299,0.014335448565041986,0.014438693873825015
2022-07-19,2799.377,2799.377,2736.668,2750.866,11944190121,-0.017831137857795554,-0.01767310382211984
2022-07-20,2764.245,2786.293,2754.176,2765.162,11504637055,0.00518345157382516,0.005196908900688024
2022-07-21,2756.317,2794.369,2741.313,2751.415,11249270586,-0.004983897969847995,-0.00497149895738469
2022-07-22,2776.985,2788.936,2714.116,2737.314,10855937263,-0.005138177171145841,-0.005124999318532497
2022-07-25,2732.611,2736.725,2693.157,2704.945,9796208779,-0.011895568254217892,-0.011825095695999654
2022-07-26,2708.736,2729.377,2682.21,2713.458,9301921935,0.0031422568622607727,0.003147198926410688
2022-07-27,2710.737,2730.17,2696.198,2714.249,10039369668,0.00029146746705333015,0.00029150994782289885
2022-07-28,2734.626,2749.139,2704.05,2705.901,12010732319,-0.0030803599903741485,-0.0030756205491832
2022-07-29,2716.101,2718.526,2665.653,2670.451,11418570666,-0.013187571707985235,-0.013100996673566345
2022-08-01,2662.755,2734.642,2641.177,2733.736,11407469539,0.02342179981967707,0.023698244229158227
2022-08-02,2692.123,2716.04,2651.852,2678.621,15028468233,-0.02036706196864646,-0.020161054322728966
2022-08-03,2687.248,2716.22,2620.395,2628.818,13517121814,-0.018767794348427458,-0.01859277590969377
2022-08-04,2644.997,2655.657,2610.503,2640.776,10996658437,0.004538497852344392,0.004548812432050964
2022-08-05,2648.055,2686.229,2637.235,2683.602,12173668499,0.01608710861342555,0.016217202822200738
2022-08-08,2668.987,2679.682,2647.252,2675.686,10997389066,-0.0029541259050898105,-0.002949766768693629
2022-08-09,2668.918,2698.456,2658.685,2694.8,11177486851,0.007118194035587777,0.007143588597466222
2022-08-10,2688.133,2692.249,2645.547,2658.585,11219112674,-0.013529963736175432,-0.013438845183316062
2022-08-11,2672.176,2724.846,2650.877,2721.492,13175874231,0.023386232964212716,0.02366183514914888
2022-08-12,2712.693,2717.677,2689.667,2690.831,12390698282,-0.011330191492127106,-0.011266246602966379
2022-08-15,2688.66,2734.327,2686.823,2718.593,10934871092,0.010264399220712761,0.010317258869100288
2022-08-16,2725.927,2759.516,2718.172,2731.393,11333410648,0.0046972684095987205,0.004708317868838741
2022-08-17,2739.48,2783.929,2719.222,2777.91,11957288924,0.016887110928547777,0.01703050421524832
2022-08-18,2771.154,2797.485,2769.21,2775.821,12092725342,-0.0007522871015970267,-0.0007520042045998654
2022-08-19,2779.991,2780.097,2733.049,2734.218,13177437000,-0.015101087524982404,-0.014987637891636374
2022-08-22,2730.423,2782.667,2715.16,2779.015,11262737485,0.016251076598287284,0.016383843570629608
2022-08-23,2775.214,2802.05,2764.522,2780.306,10576648564,0.0004644452166751023,0.00046455308805470885
2022-08-24,2800.378,2803.43,2675.88,2679.048,12614650192,-0.03709948605229929,-0.036419732216525946
2022-08-25,2688.862,2694.159,2634.851,2667.301,10674653511,-0.004394407811266099,-0.004384766529005768
2022-08-26,2666.214,2677.727,2634.432,2640.291,9542732802,-0.010177961367581645,-0.01012634119658773
2022-08-29,2599.84,2641.169,2595.706,2630.505,8983056861,-0.003713295390134874,-0.0037064096343926156
2022-08-30,2630.131,2632.128,2594.784,2612.142,9413748078,-0.00700526855807837,-0.006980788859933806
2022-08-31,2596.156,2611.646,2550.994,2570.415,10628430712,-0.016103209938075125,-0.015974246423050453
2022-09-01,2561.935,2584.617,2531.807,2533.854,8570086014,-0.014325900647759404,-0.014223773203937973
2022-09-02,2548.182,2552.341,2517.456,2533.023,8576012774,-0.00032801270188720366,-0.00032795891160253277
2022-09-05,2528.707,2553.107,2519.894,2538.204,7995983480,0.002043293192190987,0.002045382138259333
2022-09-06,2541.122,2542.981,2493.428,2540.635,8166195258,0.0009573054730234176,0.0009577638361613072
2022-09-07,2525.155,2584.853,2522.375,2570.802,8530321801,0.011803862696987188,0.011873803202742561
2022-09-08,2570.046,2572.117,2521.542,2523.006,8087395593,-0.018766864705262343,-0.01859186355075193
2022-09-09,2535.745,2551.054,2525.769,2548.216,7005666829,0.009942458710051838,0.009992049166748007
2022-09-13,2566.838,2569.113,2537.277,2550.625,7014915358,0.000944920690503892,0.0009453672687087522
2022-09-14,2512.283,2527.279,2486.082,2503.824,7054015229,-0.018519263950302012,-0.018348836069590813
2022-09-15,2512.453,2515.207,2404.436,2424.192,9220270771,-0.03232089023655238,-0.031804152368537064
2022-09-16,2418.438,2430.23,2366.895,2367.398,8154381875,-0.02370681126243035,-0.023428012302655787
2022-09-19,2360.58,2389.477,2339.034,2350.376,7023882347,-0.00721614637121526,-0.007190172501624126
2022-09-20,2366.787,2397.925,2351.893,2366.904,6160032217,0.007007456683995272,0.0070320663587442045
2022-09-21,2353.777,2358.964,2322.951,2331.516,6364576803,-0.015064072263887951,-0.014951176727066251
2022-09-22,2309.287,2348.762,2302.643,2319.419,6268938758,-0.005201976496892691,-0.005188469648074512
2022-09-23,2320.918,2336.289,2275.292,2303.905,6852987124,-0.006711213935980176,-0.006688744034605065
2022-09-26,2288.232,2358.477,2285.636,2323.052,6754981035,0.008276329040247887,0.008310672532070518
2022-09-27,2336.038,2374.737,2325.651,2374.737,6615465753,0.02200485612780767,0.02224874862895887
2022-09-28,2367.481,2367.481,2313.77,2313.77,6585157099,-0.026008465668282632,-0.025673158754001002
2022-09-29,2343.276,2359.125,2321.559,2332.995,6369325195,0.00827462102924681,0.008308950327819975
2022-09-30,2335.54,2339.188,2288.195,2288.969,5812608765,-0.019051352026856705,-0.01887102201247748
2022-10-10,2294.715,2301.236,2230.637,2236.245,6138111209,-0.02330337789450798,-0.023033951093265226
2022-10-11,2256.342,2273.896,2245.469,2261.892,5520996282,0.011403511243670117,0.011468779136454055
2022-10-12,2260.678,2343.503,2234.464,2343.3,7338882057,0.035358561106232145,0.03599110832877983
2022-10-13,2324.466,2374.615,2318.268,2350.686,7866226060,0.0031470081485975854,0.0031519651773139756
2022-10-14,2379.83,2453.043,2365.139,2434.219,8909234576,0.034918765416193764,0.03553558408056201
2022-10-17,2419.642,2446.704,2409.523,2435.023,9009008390,0.00033023620814365273,0.00033029074212298504
2022-10-18,2446.358,2469.034,2428.147,2446.928,8835950046,0.004877158168261175,0.004889070862985623
2022-10-19,2440.031,2463.775,2425.727,2425.957,8221078221,-0.008607274528275255,-0.008570337991146482
2022-10-20,2402.756,2444.413,2365.725,2401.716,8581340292,-0.010042603851968757,-0.009992345288890148
2022-10-21,2390.413,2410.015,2381.205,2395.157,7303672525,-0.0027346999129091998,-0.0027309640273869284
2022-10-24,2385.816,2412.595,2323.848,2336.838,9129515775,-0.024650048436829053,-0.02434871701521024
2022-10-25,2323.838,2344.387,2281.402,2314.551,9441584623,-0.009583017270258232,-0.009537246484352058
2022-10-26,2324.766,2397.132,2320.27,2372.876,10952536987,0.024887005314999655,0.025199271910621324
2022-10-27,2377.181,2377.684,2337.253,2337.253,11064635028,-0.015126413409976891,-0.015012583885546493
2022-10-28,2309.957,2326.491,2245.462,2250.51,11042328885,-0.03781945095021566,-0.03711322650992421
2022-10-31,2228.618,2295.952,2227.83,2265.078,9995767528,0.006452338230159782,0.006473199408133956
2022-11-01,2270.035,2337.823,2251.799,2337.653,10505712904,0.03153823915595666,0.032040839211717964
2022-11-02,2322.983,2396.212,2320.551,2375.862,12239105425,0.016212884421458185,0.016345026400411244
2022-11-03,2352.56,2385.057,2349.748,2376.061,9931751054,8.375556595385802e-05,8.375907354896128e-05
2022-11-04,2378.42,2464.508,2377.913,2451.223,11146087684,0.031143009107866604,0.03163302625648079
2022-11-07,2447.13,2470.636,2432.049,2454.694,11272859373,0.0014150262139231984,0.0014160278359007794
2022-11-08,2452.857,2460.989,2411.724,2432.403,9819374381,-0.009122452280470483,-0.009080968951730939
2022-11-09,2422.171,2432.293,2398.07,2399.336,9208156496,-0.013687625204885201,-0.013594375603055875
2022-11-10,2380.232,2393.605,2344.684,2357.125,11085600165,-0.017749376343000556,-0.017592784003574224
2022-11-11,2443.113,2446.094,2402.94,2405.318,14269412575,0.020239463284106307,0.020445670042954944
2022-11-14,2406.869,2418.517,2364.441,2375.207,11940214650,-0.012597527765743521,-0.012518511065896631
2022-11-15,2373.993,2432.455,2356.35,2431.733,12226501840,0.023519580309453225,0.02379834683882298
2022-11-16,2427.406,2443.794,2399.698,2402.905,11806454164,-0.011925749835858035,-0.01185491992747556
2022-11-17,2389.465,2389.465,2350.996,2385.861,11531213219,-0.007118356574387086,-0.007093081083105801
2022-11-18,2394.31,2420.379,2384.654,2389.76,13112062838,0.0016328770085909383,0.0016342108781695064
2022-11-21,2369.763,2389.643,2360.851,2387.295,10882598275,-0.0010320166792219254,-0.0010314843331548085
2022-11-22,2380.708,2382.141,2334.472,2343.554,11225187397,-0.018492345238876773,-0.0183224109295248
2022-11-23,2338.86,2357.0,2302.991,2340.337,10529074812,-0.0013736444788516877,-0.001372701461114234
2022-11-24,2349.271,2356.669,2330.371,2335.524,8524145865,-0.002058659014808839,-0.002056541429717229
2022-11-25,2325.575,2327.281,2304.98,2309.36,7916766913,-0.011265847209886992,-0.011202625192462068
2022-11-28,2264.83,2300.951,2261.054,2298.802,7920617523,-0.0045823121992540905,-0.004571829424602436
2022-11-29,2301.212,2347.708,2298.309,2339.793,9402940427,0.017674346247984474,0.01783146177878736
2022-11-30,2335.952,2348.158,2323.193,2345.313,8830504235,0.0023564045527324495,0.0023591830559370752
2022-12-01,2386.081,2403.767,2380.667,2381.183,10406645898,0.01517855454316841,0.015294333847976738
2022-12-02,2378.4,2408.738,2369.306,2383.322,9762394376,0.0008978897676490405,0.00089829299134081
2022-12-05,2391.103,2394.432,2366.124,2377.107,10723838835,-0.0026111106923778493,-0.0026077047079664517
2022-12-06,2366.107,2414.199,2365.691,2393.281,9868926743,0.00678102576832007,0.0068040689796462495
2022-12-07,2382.563,2432.106,2382.563,2414.043,10019541355,0.008637707417912921,0.008675120054853602
2022-12-08,2411.797,2423.161,2398.209,2411.812,9909044943,-0.0009246030636802516,-0.0009241757499763859
2022-12-09,2412.16,2421.655,2391.667,2420.629,10281299313,0.003649091539382532,0.003655757579778207
2022-12-12,2409.444,2418.058,2399.687,2401.522,10188989431,-0.00792472072944328,-0.007893402913044523
2022-12-13,2403.736,2404.876,2371.071,2376.205,10239269999,-0.010598025782040388,-0.01054206457404927
2022-12-14,2384.701,2391.212,2362.606,2368.079,9416038321,-0.0034255992880556363,-0.003419738616827983
2022-12-15,2365.234,2399.363,2363.342,2399.124,8763426630,0.013024592773422938,0.013109782232771705
2022-12-16,2381.68,2390.663,2361.893,2373.723,9516284603,-0.010644062053099645,-0.010587614479284913
2022-12-19,2372.925,2389.298,2337.402,2346.697,9166027170,-0.011450801117423914,-0.01138549021937263
2022-12-20,2340.515,2340.732,2308.566,2310.799,7356749842,-0.015415455380345833,-0.015297245447537633
2022-12-21,2312.523,2322.525,2293.578,2303.703,6980026429,-0.003075523899797261,-0.0030707993209275752
2022-12-22,2318.713,2328.71,2288.523,2295.32,7606488310,-0.0036455609307672887,-0.003638923941150285
2022-12-23,2282.325,2301.619,2273.038,2286.188,7365858116,-0.003986465632598524,-0.003978530226722232
2022-12-26,2290.256,2334.975,2290.159,2331.41,7195629850,0.01958743305149291,0.019780525486092992
2022-12-27,2335.565,2363.148,2326.31,2359.5,7847751098,0.011976497421658294,0.012048502837338937
2022-12-28,2346.038,2348.85,2323.483,2338.258,7140645804,-0.00904352449550494,-0.00900275482093671
2022-12-29,2328.734,2365.687,2327.688,2349.383,6936587831,0.004746532802654357,0.004757815433540591
2022-12-30,2361.966,2369.136,2346.767,2346.767,6958561767,-0.001114104221793255,-0.0011134838380970624
2023-01-03,2339.981,2361.554,2312.309,2356.424,9365845448,0.0041065793718759735,0.004115022923025569
2023-01-04,2347.003,2352.334,2323.722,2335.122,9027929966,-0.009081077491572387,-0.00903996903783022
2023-01-05,2343.782,2405.432,2343.715,2399.458,8590783145,0.027178740366414544,0.027551451273209793
2023-01-06,2392.655,2442.235,2391.335,2422.141,8557357302,0.009408981270138561,0.009453384889420935
2023-01-09,2433.346,2455.6,2427.807,2440.366,7838829301,0.007496168269716996,0.007524334875632643
2023-01-10,2441.497,2478.895,2435.193,2474.005,7200202658,0.01369026693061226,0.013784407748673733
2023-01-11,2470.639,2480.163,2442.734,2445.971,7368472289,-0.011396113883728631,-0.011331424148294023
2023-01-12,2455.733,2477.012,2448.759,2458.494,7012168046,0.005106786251253048,0.005119848109401248
2023-01-13,2475.137,2493.126,2462.874,2493.126,6812683853,0.013988377426115584,0.014086672572721337
2023-01-16,2490.72,2566.686,2490.72,2539.521,8338168785,0.0184381357888439,0.018609167767694057
2023-01-17,2540.566,2556.638,2535.18,2545.555,6746136451,0.0023732203145216957,0.0023760386309070736
2023-01-18,2548.702,2555.685,2534.427,2543.896,6716568410,-0.0006519367447523905,-0.0006517242801666878
2023-01-19,2539.891,2571.438,2531.956,2571.438,7385281033,0.010768511361695765,0.010826700462597483
2023-01-20,2580.272,2588.89,2571.831,2585.963,7728302294,0.005632696935220061,0.005648590399613074
2023-01-30,2657.393,2661.281,2611.129,2613.885,12002957555,0.010739647919142392,0.010797524945252546
2023-01-31,2608.12,2618.282,2575.532,2580.839,10462184695,-0.012723080487226035,-0.01264248427149639
2023-02-01,2592.449,2613.689,2572.333,2613.689,12898655493,0.012648093504701308,0.012728418936632568
2023-02-02,2619.793,2631.858,2598.122,2602.316,13660870209,-0.004360815613897451,-0.004351321063829738
2023-02-03,2592.843,2605.995,2551.826,2580.111,12309943194,-0.008569396494870318,-0.00853278387405676
2023-02-06,2560.46,2560.46,2523.709,2544.091,12652245075,-0.014059005985485484,-0.013960639677905284
2023-02-07,2551.133,2557.382,2522.546,2537.969,13528086560,-0.0024092604027821096,-0.0024063604643072
2023-02-08,2542.244,2550.375,2522.526,2525.877,12710467882,-0.004775825719568694,-0.004764439597173986
2023-02-09,2520.83,2569.99,2515.51,2569.733,13622555874,0.017213673303466237,0.017362682347557
2023-02-10,2567.086,2571.198,2531.871,2545.156,13819402899,-0.009610057675455863,-0.009564028636438238
2023-02-13,2546.145,2576.04,2540.847,2573.181,13684963855,0.010950931941137831,0.011011112874810047
2023-02-14,2585.967,2586.181,2551.47,2565.155,12597304069,-0.003123971078291987,-0.0031190965579179775
2023-02-15,2564.54,2574.581,2543.635,2547.198,14035388940,-0.0070249741551471345,-0.007000356703591115
2023-02-16,2549.427,2567.293,2495.159,2512.499,17575855302,-0.013716056116574116,-0.013622419615593295
2023-02-17,2508.259,2513.206,2449.351,2449.351,13568793011,-0.02545478386937461,-0.02513354234170828
2023-02-20,2445.643,2481.572,2424.63,2480.794,11768567908,0.012755578720733851,0.012837278119795625
2023-02-21,2473.599,2480.346,2452.84,2469.807,11555069922,-0.00443866029136597,-0.004428823997478237
2023-02-22,2452.387,2470.495,2446.194,2451.898,10386755698,-0.007277591421385843,-0.00725117387714902
2023-02-23,2450.962,2470.398,2446.413,2457.482,10869528840,0.0022748299818022844,0.00227741937062631
2023-02-24,2457.532,2458.291,2425.66,2428.936,9577546158,-0.01168394711413967,-0.011615954867624567
2023-02-27,2416.428,2432.388,2403.655,2409.794,9558140366,-0.00791203471067714,-0.007880816950302627
2023-02-28,2417.575,2432.323,2407.756,2429.027,10090406363,0.00794949897296604,0.007981180134069676
2023-03-01,2428.1,2449.445,2415.947,2443.946,13033677088,0.00612318049517846,0.00614196548659196
2023-03-02,2438.582,2442.191,2415.124,2418.598,13129803749,-0.01042591269487314,-0.01037175125800649
2023-03-03,2423.672,2434.125,2405.296,2422.437,11116052148,0.001586024808637454,0.0015872832111827329
2023-03-06,2421.425,2435.902,2393.919,2431.556,10438089211,0.003757323394617984,0.0037643909831297506
2023-03-07,2423.026,2430.645,2383.504,2383.731,11210705138,-0.019864474381062536,-0.019668475659207485
2023-03-08,2375.866,2390.066,2366.246,2377.584,9392376272,-0.0025820612226628015,-0.0025787305698505847
2023-03-09,2377.975,2386.901,2365.862,2372.68,11716153561,-0.0020647280834023007,-0.002062597998640614
2023-03-10,2366.59,2388.612,2354.023,2370.358,12766955112,-0.0009791193684316468,-0.0009786401874671835
2023-03-13,2359.721,2374.969,2345.989,2357.068,12732621660,-0.005622524820543262,-0.0056067480102162115
2023-03-14,2353.21,2356.896,2308.932,2343.11,13650216657,-0.005939366990755701,-0.0059217638184388965
2023-03-15,2359.222,2375.285,2335.594,2337.463,11405070486,-0.002412953602004997,-0.002410044769558417
2023-03-16,2320.383,2333.311,2298.44,2302.049,11679601424,-0.01526655726686954,-0.015150614148758845
2023-03-17,2320.198,2324.831,2289.28,2293.67,14064456348,-0.0036464410832346417,-0.0036398008904241497
2023-03-20,2291.385,2317.636,2280.136,2291.918,15012082724,-0.0007641332301329129,-0.0007638413546848799
2023-03-21,2298.281,2337.371,2298.281,2337.257,13237525605,0.019588997959343324,0.019782121349891213
2023-03-22,2348.523,2358.63,2330.819,2341.923,15933547604,0.0019943671953566167,0.001996357268370552
2023-03-23,2330.981,2361.409,2327.386,2361.409,14968263315,0.008286088029107574,0.008320512672705505
2023-03-24,2366.432,2373.774,2355.744,2370.38,16502982145,0.0037918050650986856,0.0037990030528383123
2023-03-27,2363.007,2399.438,2363.007,2398.015,17496042304,0.011591031951345698,0.011658468262472521
2023-03-28,2389.849,2389.919,2364.628,2369.172,15132062682,-0.012100784782902885,-0.012027864713106351
2023-03-29,2371.298,2381.997,2367.382,2371.19,13964539043,0.0008514118212508137,0.000851774375182579
2023-03-30,2370.733,2384.959,2362.658,2383.038,12673556322,0.004984205438874234,0.0049966472530669215
2023-03-31,2386.861,2402.55,2385.415,2399.502,13863571403,0.006885071547138466,0.006908828142899948
2023-04-03,2406.137,2442.967,2406.137,2440.207,17961460494,0.016821655949511793,0.01696393668352858
2023-04-04,2441.427,2442.574,2407.484,2421.655,18111865246,-0.007631681048496652,-0.007602633710992457
2023-04-06,2404.262,2428.801,2402.304,2426.567,16454605846,0.002026310544647636,0.0020283648992114323
2023-04-07,2421.751,2454.044,2421.061,2446.945,15856176911,0.008362806437635761,0.008397872385143446
2023-04-10,2457.193,2461.297,2432.049,2443.521,16629821707,-0.001400275785364613,-0.0013992958566702018
2023-04-11,2449.272,2463.272,2426.666,2439.396,14586941913,-0.0016895642425529545,-0.0016881377323951785
2023-04-12,2436.893,2440.327,2417.279,2429.293,16391801027,-0.004150199160923407,-0.004141598985978545
2023-04-13,2418.271,2426.834,2403.916,2405.76,17031968041,-0.009734406563632447,-0.00968718059122542
2023-04-14,2409.775,2432.363,2409.602,2428.09,15252092627,0.009239078101950682,0.009281890130353743
2023-04-17,2420.012,2440.73,2420.012,2434.442,13807013991,0.00261263210736562,0.0026160480048103008
2023-04-18,2428.183,2443.771,2423.93,2431.1,12992223709,-0.0013737423397337523,-0.0013727991876578693
2023-04-19,2429.327,2429.327,2413.336,2415.76,13936065325,-0.006329892433301509,-0.0063099008679197155
2023-04-20,2414.009,2414.009,2378.055,2386.674,14935868912,-0.012113172464480293,-0.012040103321522055
2023-04-21,2393.192,2400.789,2340.615,2341.191,16890525180,-0.019240990680353676,-0.019057064349802366
2023-04-24,2337.381,2340.259,2288.785,2301.238,15142569558,-0.017212535250820338,-0.01706524585136371
2023-04-25,2302.859,2305.916,2243.833,2259.193,17121368168,-0.018439569124189426,-0.01827060043333184
2023-04-26,2249.533,2306.658,2247.947,2294.057,16782038060,0.015314195956500853,0.015432059146783583
2023-04-27,2283.632,2315.321,2281.603,2307.271,15902928143,0.005743575040069615,0.005760100991387906
2023-04-28,2309.35,2328.887,2303.308,2324.715,16734336991,0.007532010013907353,0.00756044695226521
2023-05-04,2316.333,2319.828,2290.917,2297.67,16656855659,-0.011701884899049553,-0.011633684129022326
2023-05-05,2291.24,2293.837,2260.636,2267.632,15149714053,-0.013159450776743853,-0.013073243764335163
2023-05-08,2274.717,2277.226,2251.772,2273.4,14863441147,0.002540393065729063,0.0025436225983757055
2023-05-09,2270.762,2277.288,2245.719,2245.823,15436591364,-0.01220446182722501,-0.01213028943432759
2023-05-10,2241.436,2273.677,2228.18,2262.217,13786573877,0.0072732594522531,0.007299773846825897
2023-05-11,2264.901,2296.451,2264.859,2276.571,13473711858,0.0063250576383984125,0.006345103055984458
2023-05-12,2277.423,2287.474,2251.757,2252.38,12952243157,-0.010682928592505192,-0.010626068767457642
2023-05-15,2259.169,2299.93,2257.823,2299.93,12893653253,0.020891252747953892,0.02111100258393339
2023-05-16,2300.796,2307.171,2286.228,2294.192,12810385288,-0.0024979758847081257,-0.0024948585391728617
2023-05-17,2293.549,2300.287,2281.166,2293.644,12606126188,-0.0002388925857887969,-0.00023886405322670612
2023-05-18,2299.63,2300.616,2264.836,2277.974,14853035987,-0.006855367779627031,-0.006831923349918112
2023-05-19,2275.804,2293.098,2270.389,2278.585,13478497432,0.0002681848314312063,0.00026822079619859274
2023-05-22,2278.708,2291.331,2265.756,2280.151,12192369512,0.0006870325728876026,0.0006872686338230682
2023-05-23,2282.9,2284.075,2253.331,2253.331,12429145774,-0.011832102960274149,-0.011762378895081804
2023-05-24,2245.471,2268.862,2239.898,2245.257,12397701967,-0.0035895746262992745,-0.0035831398050264474
2023-05-25,2245.311,2257.221,2228.844,2244.184,14087041055,-0.0004780105231052545,-0.0004778962942771914
2023-05-26,2244.342,2244.342,2215.286,2229.268,13467485877,-0.006668700269104377,-0.0066465138330904505
2023-05-29,2236.981,2238.401,2196.064,2203.842,14588364342,-0.011471079584078225,-0.011405537602477533
2023-05-30,2200.801,2218.603,2180.7,2218.603,15180316659,0.00667551764491936,0.006697848575351495
2023-05-31,2215.272,2215.492,2183.421,2193.408,15019960872,-0.011421219882727485,-0.011356245348987715
2023-06-01,2191.801,2225.125,2184.916,2206.426,16276989982,0.0059175132459747815,0.005935056314192444
2023-06-02,2213.773,2240.566,2211.982,2233.275,14717787286,0.01209510609585962,0.012168547687527287
2023-06-05,2226.203,2226.591,2195.663,2202.136,13174330134,-0.014041319556901577,-0.013943200008955547
2023-06-06,2196.978,2197.576,2162.715,2164.811,14725182078,-0.017094738705516477,-0.01694945271318382
2023-06-07,2159.163,2162.564,2124.525,2129.898,12460510246,-0.01625896847153374,-0.016127504895346534
2023-06-08,2136.021,2139.959,2118.331,2123.961,13006377710,-0.0027913496215603573,-0.002787457427538942
2023-06-09,2122.16,2143.009,2118.792,2143.009,14677846357,0.008928174573444636,0.008968149603500342
2023-06-12,2135.882,2162.528,2131.118,2152.422,13905856012,0.004382803526737256,0.004392422057023504
2023-06-13,2148.395,2169.656,2147.563,2166.962,14396900695,0.006732466907362955,0.006755180907833003
2023-06-14,2175.916,2177.804,2163.34,2163.34,15104790067,-0.0016728629295013064,-0.0016714644742269469
2023-06-15,2174.535,2237.74,2174.535,2237.74,15688835762,0.033813104277248485,0.03439126535819592
2023-06-16,2243.537,2272.016,2234.476,2270.064,15089014482,0.014341596943983959,0.01444493104650224
2023-06-19,2271.762,2276.557,2257.638,2265.185,15820729854,-0.0021515916247221156,-0.002149278610647065
2023-06-20,2264.183,2277.33,2257.878,2271.419,15920109936,0.002748313021767146,0.0027520930961488776
2023-06-21,2260.505,2266.76,2211.836,2211.836,15334703647,-0.026581806462836255,-0.026231619969719455
2023-06-26,2185.149,2212.412,2171.586,2186.253,14025332828,-0.011633820300254172,-0.011566409082770845
2023-06-27,2186.161,2205.563,2179.317,2191.828,11707618072,0.0025467792913502763,0.002550025088587482
2023-06-28,2184.989,2189.02,2160.193,2182.095,13528544152,-0.0044504743521534,-0.004440585666393604
2023-06-29,2178.882,2194.251,2178.434,2180.063,12721122456,-0.0009316490356265916,-0.0009312151854065087
2023-06-30,2178.533,2227.995,2171.42,2215.001,13127743372,0.01589907949826941,0.016026142363775753
2023-07-03,2223.33,2239.432,2215.357,2228.211,13838138250,0.00594616638684986,0.005963879926013327
2023-07-04,2222.327,2234.865,2215.766,2232.75,12580122063,0.0020349882307426626,0.0020370602245478597
2023-07-05,2235.2,2239.928,2209.106,2212.415,12173545268,-0.009149330499000463,-0.009107602732056908
2023-07-06,2206.301,2218.394,2190.031,2192.187,11618302561,-0.009185003416820159,-0.009142950124637617
2023-07-07,2185.725,2186.037,2169.208,2169.208,11635878329,-0.010537551692495484,-0.010482226196943834
2023-07-10,2174.332,2213.761,2174.332,2198.865,10855577184,0.01357919417293374,0.013671810172191767
2023-07-11,2202.934,2217.657,2194.166,2216.779,10886495905,0.008113923260886224,0.008146930348156944
2023-07-12,2216.03,2217.75,2194.614,2196.852,13145050923,-0.00902981486205956,-0.008989168518828472
2023-07-13,2208.224,2238.674,2208.224,2237.515,13082841402,0.018340448509714058,0.018509667469633895
2023-07-14,2237.245,2239.425,2221.785,2224.096,13522733370,-0.006015334130657024,-0.005997278230536973
2023-07-17,2212.763,2214.425,2198.266,2207.445,11960954534,-0.007514802801054543,-0.00748663726745602
2023-07-18,2215.054,2215.249,2196.229,2200.619,11126196053,-0.003097053697995733,-0.0030922627743840136
2023-07-19,2196.588,2201.43,2170.33,2177.247,10238138921,-0.010677449720493115,-0.010620648099466723
2023-07-20,2180.714,2199.642,2153.978,2155.647,11705385323,-0.009970324191157509,-0.009920785285270739
2023-07-21,2151.851,2177.801,2151.066,2163.117,11059380066,0.0034593265338971335,0.0034653169094940317
2023-07-24,2148.286,2167.188,2142.909,2146.929,9213966195,-0.007511788096878469,-0.007483645128765648
2023-07-25,2183.047,2195.751,2169.723,2192.897,11841621869,0.02118505175780161,0.02141104805980998
2023-07-26,2185.811,2194.539,2180.204,2191.169,11515585465,-0.0007883093409120079,-0.000787998706733628
2023-07-27,2199.481,2205.716,2180.693,2184.096,11108492257,-0.0032331784069912217,-0.0032279573141094087
2023-07-28,2176.486,2224.027,2172.372,2219.538,12456779083,0.016097053158007135,0.016227308689727993
2023-07-31,2233.264,2256.054,2230.134,2236.673,14374011873,0.007690427787523824,0.007720075078687438
2023-08-01,2234.615,2249.384,2215.577,2223.796,12434389881,-0.005773848343619825,-0.0057572117157939084
2023-08-02,2220.77,2231.868,2213.041,2218.565,10590645699,-0.00235505507891709,-0.002352284112391523
2023-08-03,2214.088,2242.573,2214.088,2241.983,10335933479,0.010500151622039766,0.01055547166749693
2023-08-04,2263.404,2282.648,2247.9,2263.373,13503220959,0.009495436416506742,0.009540661102247272
2023-08-07,2252.435,2255.999,2234.041,2240.775,12109259390,-0.010034390350330824,-0.00998421382600212
2023-08-08,2238.663,2244.897,2226.239,2228.909,11434137582,-0.0053095600837158585,-0.005295489283841492
2023-08-09,2222.51,2241.874,2222.51,2228.731,11321718205,-7.986288713013323e-05,-7.985969817514427e-05
2023-08-10,2226.913,2241.85,2220.832,2239.306,10240798460,0.004733631232863189,0.0047448525640823025
2023-08-11,2241.481,2241.481,2187.036,2187.036,10873884438,-0.023618793969301777,-0.02334205329686967
2023-08-14,2163.28,2170.221,2139.973,2164.693,10204748274,-0.01026865245049624,-0.010216109839984222
2023-08-15,2164.82,2171.564,2130.382,2148.674,10008744870,-0.0074276423254096,-0.007400125560529935
2023-08-16,2140.006,2158.004,2132.888,2132.969,10059962851,-0.007336001825857252,-0.007309159044135982
2023-08-17,2130.54,2151.227,2113.304,2147.061,10862412231,0.006585024367607772,0.006606753309588598
2023-08-18,2145.796,2156.173,2118.925,2118.925,11352980757,-0.01319104562436646,-0.013104425072226644
2023-08-21,2108.7,2115.02,2084.969,2084.969,9967575162,-0.016154897571261095,-0.016025107070802513
2023-08-22,2099.842,2104.736,2049.091,2086.941,12229244318,0.0009453704163648879,0.000945817419827133
2023-08-23,2081.214,2081.214,2038.976,2038.976,11059923832,-0.023251636403760934,-0.022983400105704765
2023-08-24,2050.534,2083.644,2042.58,2064.573,12847744839,0.01247570432279499,0.012553850560281132
2023-08-25,2053.648,2059.149,2032.582,2040.399,13771607667,-0.011778048403582986,-0.011708958704778172
2023-08-28,2182.386,2182.386,2055.61,2060.044,17146028935,0.009581964830151612,0.009628018833571339
2023-08-29,2054.976,2133.597,2054.976,2118.194,16568480189,0.02783649703302249,0.028227552421210556
2023-08-30,2122.649,2141.599,2110.874,2117.125,15849456755,-0.0005048026005596284,-0.0005046752091639739
2023-08-31,2111.021,2117.402,2100.727,2102.575,12543690469,-0.006896252181143758,-0.0068725276022909565
2023-09-01,2108.077,2118.511,2093.099,2100.258,10802689501,-0.0011025897220910963,-0.0011019820933855229
2023-09-04,2110.169,2120.977,2088.994,2118.034,12036186344,0.008428105604530778,0.008463722076049951
2023-09-05,2113.595,2122.624,2107.861,2111.327,12931906318,-0.0031716401708488107,-0.0031666158333624184
2023-09-06,2103.297,2105.1,2089.453,2101.398,13477980827,-0.004713822233965104,-0.004702729610335132
2023-09-07,2096.615,2097.284,2056.98,2056.98,13767550881,-0.02136394979950129,-0.02113735713082443
2023-09-08,2047.6,2057.123,2038.571,2049.765,13078741309,-0.0035137352931498,-0.003507569349240236
2023-09-11,2048.95,2076.903,2041.765,2063.189,13859328746,0.006527691613959163,0.006549043426929524
2023-09-12,2060.62,2063.925,2049.482,2051.039,12153079334,-0.005906350022901741,-0.005888941827432936
2023-09-13,2045.314,2053.455,2015.394,2027.729,12360496945,-0.011430046415597417,-0.011364971607073393
2023-09-14,2021.597,2024.859,2002.431,2011.883,11042111423,-0.007845348155226084,-0.00781465373331447
2023-09-15,2009.327,2022.944,1996.122,2002.728,10671293395,-0.004560848296226716,-0.004550463421580719
2023-09-18,1994.868,2033.146,1993.679,2020.467,10542289060,0.008818421655083952,0.008857418481191592
2023-09-19,2017.89,2017.89,1995.241,2002.665,9906011077,-0.008849879242394998,-0.00881083432691554
2023-09-20,2000.719,2001.504,1987.296,1987.296,9033460418,-0.007703872800759903,-0.00767427402985521
2023-09-21,1983.02,1990.328,1967.607,1967.607,9224867867,-0.009956837202531155,-0.009907432008115613
2023-09-22,1965.692,2013.955,1963.233,2013.344,11925254760,0.022978937711440217,0.023244987439056786
2023-09-25,2015.316,2015.316,2000.812,2005.255,11748422109,-0.004025786561355105,-0.004017693945992273
2023-09-26,2000.231,2007.91,1989.65,1989.828,11087291796,-0.007723031876347264,-0.007693285891320567
2023-09-27,1994.013,2027.818,1990.158,2006.224,11658266128,0.008206145470533777,0.008239908172967603
2023-09-28,2013.621,2019.287,1995.559,2003.908,12042498547,-0.0011550743254833407,-0.001154407483910047
2023-10-09,2000.134,2006.428,1977.774,1998.607,13415318503,-0.0026488360940382094,-0.0026453310231806526
2023-10-10,2004.947,2014.297,1987.351,1987.938,13974544945,-0.005352517265817092,-0.0053382180688849035
2023-10-11,2000.515,2021.107,1996.82,2003.902,14837112333,0.007998359205940275,0.00803043153257299
2023-10-12,2015.546,2022.361,2001.906,2019.102,13624705064,0.007556578282782667,0.007585201272317654
2023-10-13,2004.205,2005.719,1986.188,1996.601,14113785571,-0.011206623342530975,-0.011144063053773356
2023-10-16,1993.907,1994.264,1949.326,1956.723,14035802335,-0.020175099554085918,-0.01997294401835925
2023-10-17,1963.828,1969.47,1950.332,1961.886,12895399921,0.0026351202621111014,0.0026385952431693394
2023-10-18,1952.996,1952.996,1934.844,1938.435,13083268125,-0.012025308993599992,-0.011953293922276842
2023-10-19,1925.533,1936.216,1913.425,1913.702,13424396822,-0.01284136045671147,-0.012759261981959646
2023-10-20,1899.985,1922.933,1893.95,1896.946,12406771529,-0.008794361480456203,-0.008755804195219596
2023-10-23,1891.485,1891.485,1854.445,1864.909,12623196366,-0.01703296620911665,-0.016888725351169587
2023-10-24,1872.291,1890.099,1859.864,1880.814,13651282901,0.008492403517372793,0.008528566273206861
2023-10-25,1890.484,1894.535,1863.768,1863.796,15174534645,-0.009089393642929267,-0.009048209977169486
2023-10-26,1851.193,1877.448,1840.258,1875.858,15525630401,0.006450886541329304,0.006471738323292842
2023-10-27,1868.226,1937.313,1863.527,1929.909,17262581242,0.028406696790694852,0.028814014706870283
2023-10-30,1933.789,1983.465,1931.701,1977.686,16898044614,0.02445462284459765,0.024756089535827863
2023-10-31,1974.8,1975.395,1958.352,1968.226,15886551014,-0.004794844955589461,-0.004783368037190816
2023-11-01,1969.078,1971.413,1949.994,1959.127,13878258170,-0.004633663579646452,-0.0046229447228114395
2023-11-02,1964.43,1973.229,1939.412,1939.705,14562587936,-0.009963066198489301,-0.009913599271512252
2023-11-03,1943.214,1975.52,1943.214,1968.213,14749044984,0.014590124823759432,0.014697080226116821
2023-11-06,1984.332,2034.569,1984.332,2032.335,17563397496,0.03205935385193026,0.03257879101499683
2023-11-07,2025.103,2031.792,2012.058,2022.766,17347538162,-0.004719496634669085,-0.0047083773098430814
2023-11-08,2016.603,2035.911,2010.019,2023.13,19609419055,0.00017993542146488295,0.0001799516108140775
2023-11-09,2019.686,2035.423,2013.509,2018.385,17429252930,-0.0023481304313932583,-0.0023453757296861832
2023-11-10,2006.087,2011.933,2000.489,2005.235,14476367375,-0.006536425815208524,-0.006515109852679335
2023-11-13,2018.827,2022.845,1998.024,2009.214,15452093409,0.001982339944044398,0.0019843060788387046
2023-11-14,2008.293,2024.656,1995.761,2004.813,15463688481,-0.0021928112409250744,-0.0021904087867195
2023-11-15,2032.262,2033.389,2008.482,2015.364,16340058140,0.005249034669570385,0.005262834987602272
2023-11-16,2012.198,2012.198,1978.118,1978.118,15328492208,-0.018653936606003008,-0.018481028737240557
2023-11-17,1971.223,1986.665,1971.223,1986.526,14370069570,0.0042414968936421715,0.004250504772718378
2023-11-20,1987.854,1998.098,1969.919,1992.97,16206868841,0.003238603899766268,0.003243853843342581
2023-11-21,2001.069,2014.594,1981.285,1984.271,17801649357,-0.004374396156292093,-0.004364842421110238
2023-11-22,1973.661,1980.015,1950.008,1950.008,15677683710,-0.017418117145334477,-0.017267298670393227
2023-11-23,1945.901,1961.351,1940.209,1961.351,13784032325,0.005800046377077983,0.005816899212721216
2023-11-24,1960.376,1960.376,1935.002,1937.94,14548033528,-0.01200796827143158,-0.01193616033030298
2023-11-27,1936.612,1936.612,1916.55,1926.201,13546900938,-0.006075883935608317,-0.006057463079352288
2023-11-28,1923.357,1938.729,1918.352,1938.423,12460617446,0.006325086604450192,0.006345132205828996
2023-11-29,1934.554,1937.848,1917.219,1917.903,12125665201,-0.010642354237544893,-0.010585924743980013
2023-11-30,1915.045,1932.826,1912.172,1922.591,12259673144,0.002441353809407687,0.002444336340263309
2023-12-01,1922.37,1934.091,1904.646,1926.284,13843008829,0.0019190028947742022,0.0019208453592054475
2023-12-04,1923.216,1926.166,1908.534,1908.917,14136931440,-0.009056692834934488,-0.009015804523113014
2023-12-05,1900.986,1905.728,1870.982,1871.096,13180136733,-0.020011710101684343,-0.019812804852175292
2023-12-06,1867.5,1898.601,1866.904,1881.942,13390051194,0.005779866974018333,0.005796602632895276
2023-12-07,1877.032,1888.751,1864.237,1877.212,13614396985,-0.0025165249927070477,-0.002513361198166586
2023-12-08,1881.104,1896.78,1870.882,1892.178,14816516950,0.007940849125515292,0.007972461288336063
2023-12-11,1880.578,1919.835,1866.093,1915.737,13483863870,0.012373858448572861,0.012450731379394453
2023-12-12,1909.598,1913.292,1899.564,1903.871,12145861102,-0.006213223018193048,-0.006193960862059922
2023-12-13,1899.339,1899.934,1871.775,1872.341,11899321429,-0.016699662386773007,-0.016560995991850347
2023-12-14,1884.546,1895.599,1859.249,1860.513,11178664619,-0.006337263437167451,-0.006317225334487642
2023-12-15,1869.514,1877.775,1844.181,1848.501,10765898804,-0.006477215775539946,-0.006456283831394849
2023-12-18,1839.316,1845.969,1814.93,1819.995,10105358970,-0.015541286541392196,-0.015421143943119331
2023-12-19,1818.875,1837.944,1813.601,1827.672,9312253514,0.004209272027884126,0.004218143456438117
2023-12-20,1830.721,1832.313,1802.355,1802.881,10059199471,-0.013657084926318674,-0.013564250040488668
2023-12-21,1795.274,1840.965,1792.376,1832.616,11119992895,0.016358513342147774,0.01649304640738891
2023-12-22,1827.684,1848.317,1812.765,1825.842,13002559204,-0.003703203776778352,-0.003696355373957183
2023-12-25,1820.252,1838.129,1820.22,1831.569,9261320156,0.003131726065639384,0.0031366350429007372
2023-12-26,1828.559,1829.871,1801.379,1808.5,9464989954,-0.01267520415474177,-0.012595212083192031
2023-12-27,1813.053,1818.05,1796.695,1809.832,9551734737,0.0007362508803332446,0.0007365219795412159
2023-12-28,1806.787,1887.147,1804.697,1879.496,12170714103,0.037769632503890094,0.038491970525440955
2023-12-29,1879.535,1897.672,1878.042,1891.366,12243719957,0.006295663541105334,0.006315522884858371
2024-01-02,1889.023,1889.023,1855.727,1855.922,11595394570,-0.018917711716516017,-0.0187398948696339
2024-01-03,1850.161,1856.439,1825.545,1834.732,10753667822,-0.011483185824817,-0.01141750569258837
2024-01-04,1831.295,1831.383,1794.002,1801.761,9399127020,-0.01813390181471064,-0.017970471981739067
2024-01-05,1798.817,1815.073,1765.724,1775.577,10169629728,-0.014639079453329096,-0.014532449087309551
2024-01-08,1769.325,1779.378,1744.238,1744.411,8996973808,-0.01770847766623529,-0.017552604026747298
2024-01-09,1749.765,1774.319,1737.995,1750.775,9976519251,0.0036415841862611487,0.0036482228098768665
2024-01-10,1741.126,1771.68,1726.556,1743.198,9860194078,-0.004337189713664813,-0.00432779768959457
2024-01-11,1744.301,1790.327,1739.158,1777.272,10495536571,0.01935824709342704,0.019546832889895338
2024-01-12,1770.968,1785.513,1760.875,1761.16,10231773981,-0.009106921571632398,-0.009065579157270132
2024-01-15,1751.524,1766.258,1738.543,1745.609,8619686304,-0.008869190950401062,-0.008829975697835613
2024-01-16,1741.368,1755.384,1724.636,1752.23,9626025853,0.0037857705330130997,0.00379294561382304
2024-01-17,1747.772,1747.772,1699.62,1699.62,8629963845,-0.030484565772756156,-0.030024597227533034
2024-01-18,1685.937,1735.092,1678.434,1732.358,12094122741,0.01907878957686826,0.019261952671773663
2024-01-19,1726.547,1743.302,1714.507,1715.436,9410327742,-0.00981621052801085,-0.009768188792385835
2024-01-22,1710.29,1714.928,1657.354,1666.88,11773259633,-0.02871366013815102,-0.028305340449891303
2024-01-23,1663.982,1700.568,1655.203,1687.614,10646550151,0.012362081463639818,0.012438807832597432
2024-01-24,1696.561,1700.774,1642.163,1696.188,11423779821,0.00506768324468343,0.00508054566980376
2024-01-25,1686.547,1720.851,1672.068,1720.783,12286814240,0.014396039513584036,0.014500161538697265
2024-01-26,1703.475,1714.534,1679.341,1682.478,11735174665,-0.022511713125428656,-0.022260215262470573
2024-01-29,1680.15,1685.602,1623.812,1623.812,11052971075,-0.03549123517959618,-0.03486880660549507
2024-01-30,1613.463,1631.529,1582.422,1583.771,9533713989,-0.024967759257760846,-0.024658642749283755
2024-01-31,1585.214,1601.887,1573.164,1573.372,13011629546,-0.006587625335261471,-0.006565974500101324
2024-02-01,1567.832,1616.402,1563.377,1589.037,11866309271,0.009907085469895272,0.009956323107313425
2024-02-02,1585.957,1595.983,1512.062,1550.374,13968097378,-0.02463198022053703,-0.02433108857754729
2024-02-05,1534.189,1600.33,1482.986,1562.61,18479132936,0.007861308002548029,0.007892289215376325
2024-02-06,1544.96,1668.892,1544.497,1667.445,18371612237,0.06493501460497253,0.06708967688674727
2024-02-07,1663.177,1711.417,1658.465,1707.02,18908813242,0.023456645449866365,0.023733916261106103
2024-02-08,1716.628,1764.391,1713.769,1726.859,19233788192,0.011554991155976246,0.011622007943667967
2024-02-19,1752.863,1752.863,1722.839,1746.422,18244883321,0.011264972156086017,0.011328660880824737
2024-02-20,1739.035,1749.27,1722.491,1746.176,14786814760,-0.00014086934734969248,-0.00014085942572872323
2024-02-21,1728.452,1783.812,1724.291,1752.478,17750909315,0.003602532182798157,0.0036090291013048947
2024-02-22,1752.793,1761.121,1742.145,1757.869,15624221446,0.0030714936376696755,0.0030762155074128827
2024-02-23,1766.957,1767.263,1742.492,1758.193,18445976150,0.0001842970919838649,0.0001843140757360473
2024-02-26,1752.756,1768.095,1738.334,1751.703,19243744760,-0.003698119486436724,-0.00369128986408207
2024-02-27,1743.49,1793.979,1740.833,1793.979,18662735211,0.02384760028645161,0.024134228233895882
2024-02-28,1799.608,1829.143,1748.97,1748.97,26146093654,-0.025409014651779138,-0.025088922445580475
2024-02-29,1739.973,1809.663,1739.973,1807.034,18685982719,0.032659783919040564,0.03319896853576676
2024-03-01,1808.196,1830.939,1795.851,1824.035,17922315519,0.009364252914797255,0.009408234709474161
2024-03-04,1827.129,1847.247,1817.659,1834.833,17918212765,0.0059023891261187345,0.005919842546880938
2024-03-05,1818.594,1843.08,1813.266,1833.661,17027583967,-0.000638954317424556,-0.0006387502295849279
2024-03-06,1822.539,1855.613,1810.898,1832.58,15030689911,-0.0005897048400944627,-0.0005895309983688923
2024-03-07,1830.258,1838.714,1789.866,1789.936,16477103214,-0.023544945009609464,-0.02326992546028006
2024-03-08,1793.511,1813.099,1779.768,1807.294,13711512013,0.009650833961003968,0.00969755343207801
2024-03-11,1817.072,1890.869,1812.786,1890.41,16052989215,0.04496303777778099,0.04598919710904803
2024-03-12,1896.451,1915.094,1885.639,1906.037,18520382127,0.008232480663236785,0.008266460714871249
2024-03-13,1911.981,1911.981,1890.658,1895.147,18174546447,-0.005729809340383696,-0.005713425290275076
2024-03-14,1895.726,1912.113,1870.016,1883.021,16397645489,-0.0064190060559763396,-0.006398448247022515
2024-03-15,1877.569,1886.951,1848.224,1884.088,14867233884,0.000566482163661064,0.0005666426449837392
2024-03-18,1906.116,1926.396,1902.133,1926.396,17879297720,0.02220701552540305,0.02245542671042955
2024-03-19,1917.921,1925.695,1906.938,1906.938,17310343538,-0.01015208542712287,-0.010100726953336636
2024-03-20,1898.184,1915.465,1897.6,1909.245,17306347600,0.0012090616624185202,0.0012097928721330753
2024-03-21,1912.809,1920.554,1897.047,1897.094,18896118564,-0.006384634304232861,-0.00636429583421716
2024-03-22,1893.14,1897.308,1860.354,1869.175,20089479157,-0.014826084600375822,-0.014716719361296815
2024-03-25,1864.532,1871.064,1833.103,1833.441,17940217662,-0.01930262793027193,-0.0191175251113459
2024-03-26,1832.655,1856.204,1829.477,1841.535,16373693927,0.004404933848611847,0.00441464983056461
2024-03-27,1840.193,1840.193,1789.819,1789.819,16045045839,-0.028484965545747976,-0.028083093723442754
2024-03-28,1790.58,1829.473,1787.964,1806.897,16655723446,0.009496512010566782,0.009541746958770636
2024-03-29,1806.672,1822.749,1800.203,1818.203,15479127806,0.006237641255665061,0.0062571358522374165
2024-04-01,1833.492,1872.118,1833.492,1872.118,16204739569,0.029221759569104222,0.029652904543661984
2024-04-02,1869.323,1869.958,1851.25,1860.494,16803084174,-0.006228366397055929,-0.0062090103294770715
2024-04-03,1853.558,1853.872,1839.206,1840.412,15206556459,-0.010852584260218734,-0.01079390742458719
2024-04-08,1834.453,1840.55,1807.048,1807.048,14132602171,-0.01829488497760412,-0.01812854947696496
2024-04-09,1807.478,1827.676,1801.708,1827.579,12354462173,0.011297565539661214,0.011361624040977292
2024-04-10,1818.405,1818.734,1781.13,1789.941,13471646126,-0.0208094817460589,-0.020594458570600715
2024-04-11,1777.201,1799.86,1775.659,1782.085,12646914814,-0.004398631290174926,-0.004388971480065562
2024-04-12,1780.99,1789.274,1760.944,1762.877,12482530622,-0.010836893585400631,-0.010778385991689565
2024-04-15,1770.172,1807.947,1770.172,1795.518,16822171379,0.018346426156394813,0.018515755778763854
2024-04-16,1783.571,1791.299,1759.513,1760.2,17282640060,-0.01986612073883176,-0.019670089634300503
2024-04-17,1765.286,1797.552,1765.286,1797.311,15999022061,0.020864220091096897,0.02108339961368011
2024-04-18,1784.782,1807.785,1765.699,1787.489,14937289504,-0.005479817327734615,-0.00546483051625446
2024-04-19,1772.181,1775.376,1740.401,1756.001,13955355741,-0.017772777032091902,-0.0176157727404197
2024-04-22,1739.007,1766.25,1735.284,1750.463,13205454536,-0.003158740317699582,-0.0031537567461521476
2024-04-23,1753.584,1764.774,1740.791,1753.161,12954919613,0.0015401199063020954,0.0015413065000517978
2024-04-24,1757.311,1768.238,1744.36,1765.41,15021662250,0.006962513749159349,0.006986808399228606
2024-04-25,1753.122,1778.799,1747.819,1764.727,15140572110,-0.00038695382560050007,-0.0003868789686248819
2024-04-26,1767.722,1826.49,1767.722,1823.741,18437565817,0.032893881754766596,0.03344086649096423
2024-04-29,1831.444,1904.915,1831.444,1887.571,18674546038,0.03440093137184963,0.03499948731755209
2024-04-30,1874.68,1878.833,1857.764,1858.393,16218072129,-0.015578681541669859,-0.01545796158131263
2024-05-06,1896.841,1907.021,1889.782,1895.208,16104046487,0.019616459257952634,0.01981012627576617
2024-05-07,1896.725,1900.944,1888.256,1892.539,16471867387,-0.001409281264950657,-0.001408288694433546
2024-05-08,1887.824,1887.824,1863.216,1865.108,16594153850,-0.014600353512643771,-0.014494285190424061
2024-05-09,1872.704,1903.112,1872.704,1900.009,15827582253,0.01853966273697072,0.01871258929777797
2024-05-10,1899.051,1900.1,1872.071,1878.165,16349720405,-0.011563386651703311,-0.011496787646795403
2024-05-13,1859.344,1876.172,1851.255,1860.366,14880197328,-0.009521993790422734,-0.009476803156272195
2024-05-14,1864.385,1873.138,1851.386,1855.598,14787392460,-0.0025662264847801097,-0.0025629365404442606
2024-05-15,1857.576,1866.413,1837.541,1838.887,14005874948,-0.009046518780382762,-0.009005722144559303
2024-05-16,1846.978,1861.378,1837.016,1844.211,14706886495,0.002891046455039792,0.002895229560054613
2024-05-17,1838.985,1865.898,1833.434,1864.939,14978956207,0.011176801035036377,0.011239494830038499
2024-05-20,1869.545,1887.054,1865.881,1875.928,15627754641,0.005875125530534042,0.00589241792895101
2024-05-21,1871.779,1873.087,1855.437,1861.481,13908143458,-0.0077310628605129494,-0.00770125505882957
2024-05-22,1863.141,1883.174,1855.254,1877.927,13846886278,0.008796101434969117,0.008834900812847435
2024-05-23,1876.561,1879.621,1847.695,1852.067,15226521460,-0.013866196215615467,-0.013770503326274053
2024-05-24,1845.013,1861.93,1818.137,1818.562,13962533376,-0.018256233778180864,-0.01809059823429715
2024-05-27,1824.165,1832.819,1802.766,1830.958,13643321884,0.006793248246934169,0.006816374696051231
2024-05-28,1824.087,1827.744,1805.649,1806.255,13448761908,-0.013583686103332937,-0.013491844160270161
2024-05-29,1808.485,1832.715,1804.111,1811.068,13186561325,0.002661085471339142,0.0026646293020642364
2024-05-30,1810.657,1820.294,1805.349,1813.155,12900486553,0.001151695263058805,0.001152358718722768
2024-05-31,1812.612,1831.715,1805.109,1805.109,14076725088,-0.004447444002053658,-0.004437568768252076
2024-06-03,1806.409,1823.511,1800.198,1819.455,15195340795,0.007916027921776703,0.007947442509012026
2024-06-04,1816.368,1848.56,1815.072,1843.592,14882948572,0.013178836823734663,0.013266060441176064
2024-06-05,1840.079,1858.686,1833.55,1833.55,13599889062,-0.0054618641131432,-0.005446975252659025
2024-06-06,1840.246,1845.545,1815.278,1820.448,17243187186,-0.0071713537616062695,-0.007145700962613466
2024-06-07,1812.456,1820.74,1764.836,1781.07,13311703706,-0.02186831734688699,-0.021630939197384458
2024-06-11,1766.915,1791.001,1761.584,1787.302,12264814457,0.003492912922808955,0.003499020251870988
2024-06-12,1779.318,1789.411,1778.128,1779.418,12699954646,-0.004420875673165625,-0.004411117986775626
2024-06-13,1786.105,1799.09,1776.081,1777.791,12865666470,-0.0009147621708232023,-0.0009143439034560163
2024-06-14,1777.275,1792.805,1758.889,1791.362,12908181077,0.007604641998538497,0.007633630724871665
2024-06-17,1780.936,1810.999,1780.513,1806.193,12176203484,0.008245090912802233,0.00827917528673705
2024-06-18,1805.159,1822.115,1802.626,1811.365,13548671185,0.002859389413467639,0.0028634813666092995
2024-06-19,1816.06,1816.06,1788.173,1788.496,13959257786,-0.012705661497320442,-0.012625285351102522
2024-06-20,1787.236,1793.707,1761.646,1762.701,14096549044,-0.014527751448270898,-0.014422732843685449
2024-06-21,1756.671,1762.431,1742.466,1755.876,11278193341,-0.0038794140697229196,-0.0038718988642997276
2024-06-24,1745.929,1755.523,1729.099,1731.515,13220553075,-0.013971129853629805,-0.013873986545746897
2024-06-25,1724.64,1729.215,1691.018,1700.025,12086114180,-0.018353790995374375,-0.018186385910604286
2024-06-26,1700.949,1733.792,1696.125,1730.642,13478273980,0.0178494810992591,0.01800973515095361
2024-06-27,1719.778,1720.997,1702.241,1703.201,13043601003,-0.01598301620858411,-0.015855965589648302
2024-06-28,1696.937,1720.945,1680.418,1683.43,13731158784,-0.011676043014129611,-0.011608142550409428
2024-07-01,1679.662,1689.545,1652.01,1682.692,12171740773,-0.00043848678795654905,-0.0004383906666746151
2024-07-02,1677.669,1683.847,1660.317,1665.035,13335516390,-0.01054874769249281,-0.010493304775918588
2024-07-03,1664.986,1675.647,1648.245,1660.124,13256222325,-0.0029538458586726435,-0.002949487548309815
2024-07-04,1666.393,1674.752,1647.22,1647.22,12760170228,-0.007803279899669668,-0.007772913348641386
2024-07-05,1648.739,1662.316,1631.886,1655.594,12151214588,0.005070838347942974,0.005083716807712468
2024-07-08,1651.641,1652.193,1624.549,1628.758,12064389899,-0.016342095635101472,-0.016209288025929025
2024-07-09,1625.522,1660.33,1614.605,1652.117,14080741517,0.014239734648501923,0.014341602619910354
2024-07-10,1642.861,1668.09,1641.838,1651.11,12740341289,-0.0006097068298336339,-0.0006095209963943304
2024-07-11,1673.54,1694.776,1658.957,1685.118,15098192426,0.020387802020295887,0.020597052891691003
2024-07-12,1680.14,1692.889,1672.666,1683.629,12705191814,-0.0008840082659622439,-0.0008836176457672762
2024-07-15,1674.887,1679.882,1665.338,1673.007,11370609493,-0.006328976663638741,-0.0063089908762559155
2024-07-16,1671.921,1697.136,1671.31,1696.336,11181285514,0.01384802485907688,0.013944352892725442
2024-07-17,1691.947,1707.613,1684.942,1696.451,11854099545,6.779087519692695e-05,6.779317305061205e-05
2024-07-18,1680.339,1718.821,1678.56,1717.709,12328013997,0.012453004381025146,0.012530865907709687
2024-07-19,1706.843,1731.126,1706.58,1725.487,11280441171,0.00451790326778756,0.004528124379624243
2024-07-22,1729.28,1735.601,1713.373,1723.914,11673481560,-0.0009120424729038845,-0.0009116266885813573
2024-07-23,1721.935,1722.077,1671.443,1671.443,12922282902,-0.03090996181676431,-0.030437133174856745
2024-07-24,1666.621,1682.963,1645.753,1650.908,12561957278,-0.012361885608163092,-0.012285791379065936
2024-07-25,1641.682,1658.135,1638.54,1644.454,11316775740,-0.0039170253538287625,-0.003909363816760214
2024-07-26,1649.345,1670.214,1646.634,1659.534,12060189919,0.009128425839060483,0.009170216983874324
2024-07-29,1653.39,1653.39,1634.509,1635.675,12577995572,-0.014481276877575944,-0.014376927498924497
2024-07-30,1629.181,1637.21,1621.935,1630.951,12773299236,-0.0028922829201381006,-0.002888104299448191
2024-07-31,1623.038,1689.491,1623.038,1688.142,17672251086,0.03446523558922987,0.035066044289497444
2024-08-01,1690.219,1694.591,1663.075,1665.973,15298802052,-0.013219178727623238,-0.01313218911679237
2024-08-02,1649.843,1671.357,1635.436,1638.304,15257143384,-0.01674777673436001,-0.016608312379612356
2024-08-05,1621.188,1656.09,1607.245,1607.288,16097551749,-0.019113273767946914,-0.018931773346094527
2024-08-06,1628.116,1638.48,1612.0,1627.355,13507272870,0.012407710801086047,0.012485005798587467
2024-08-07,1624.063,1632.645,1618.394,1620.332,12727404830,-0.004324930910591718,-0.004315591865327373
2024-08-08,1611.262,1628.665,1598.679,1611.509,14073768007,-0.0054600594023312965,-0.005445180370442615
2024-08-09,1621.841,1628.531,1595.642,1595.642,12539816046,-0.009894844027337868,-0.009846051123512112
2024-08-12,1596.414,1601.855,1589.093,1592.394,12420184301,-0.002037618849835887,-0.0020355443138247997
2024-08-13,1592.045,1607.258,1587.515,1607.186,11227549358,0.009246279439841132,0.009289158336441838
2024-08-14,1606.441,1606.441,1584.328,1584.328,12325859700,-0.014324481016129376,-0.014222373763833174
2024-08-15,1581.152,1608.95,1581.051,1592.71,16188800156,0.005276625239086563,0.005290571144358935
2024-08-16,1594.509,1603.427,1587.407,1591.461,17259018255,-0.0007845056462469913,-0.0007841980021473516
2024-08-19,1589.207,1608.266,1588.218,1589.287,16360910075,-0.0013669742705371135,-0.0013660403867892246
2024-08-20,1590.173,1591.876,1565.432,1567.969,16325108843,-0.0135043366608123,-0.013413562182286731
2024-08-21,1561.242,1572.472,1556.933,1558.512,14611810028,-0.006049631417742951,-0.006031369242631812
2024-08-22,1559.683,1563.373,1544.906,1546.631,14958498183,-0.00765250294753983,-0.00762329709363796
2024-08-23,1540.516,1555.007,1537.777,1546.903,14001973082,0.00017585066186498466,0.0001758661244990467
2024-08-26,1550.045,1557.91,1540.521,1545.309,13671934462,-0.0010309772688223973,-0.0010304459943513145
2024-08-27,1537.813,1541.928,1526.607,1530.744,13375474868,-0.009469998631361776,-0.009425299406138232
2024-08-28,1526.669,1534.541,1522.484,1531.45,12354308359,0.0004611073057478876,0.00046121363206386157
2024-08-29,1512.371,1551.54,1512.171,1541.4,14384968169,0.00647609533499427,0.006497110581475063
2024-08-30,1543.894,1601.156,1543.894,1580.459,20172685031,0.025024216817440603,0.02533995069417405
2024-09-02,1577.445,1581.869,1536.526,1536.95,16141459575,-0.027915378056238005,-0.027529344323389604
2024-09-03,1533.572,1561.857,1533.458,1556.321,13875033581,0.01252476955720816,0.012603532971144027
2024-09-04,1541.899,1569.885,1540.172,1554.64,13745138843,-0.0010806951058555114,-0.0010801113652002536
2024-09-05,1554.876,1576.029,1554.876,1564.723,13712346630,0.0064648039469110685,0.0064857458961560255
2024-09-06,1564.325,1566.573,1537.377,1538.072,13927089557,-0.017179127489299617,-0.017032407652983972
2024-09-09,1528.649,1547.733,1526.235,1539.038,11787366444,0.0006278618780175549,0.0006280590245451023
2024-09-10,1540.211,1551.606,1522.876,1539.98,12668053938,0.0006118834182791133,0.0006120706571248746
2024-09-11,1539.846,1563.088,1535.619,1558.328,11282658764,0.011844022278571842,0.011914440447278407
2024-09-12,1566.403,1577.168,1551.026,1551.814,12533016087,-0.004188882388617365,-0.004180121258168912
2024-09-13,1552.276,1556.664,1535.168,1535.168,12595297080,-0.010784747913746173,-0.01072680102125656
2024-09-18,1533.382,1540.075,1522.544,1533.473,11423468414,-0.001104723669130614,-0.0011041136865801437
2024-09-19,1543.316,1565.215,1520.723,1546.474,13386709183,0.008442403209881988,0.008478140795436184
2024-09-20,1546.775,1546.775,1525.682,1536.599,13005681067,-0.00640596818144612,-0.006385493710207912
2024-09-23,1538.055,1548.409,1528.941,1530.506,12212558465,-0.003973132980599203,-0.0039652505305547425
2024-09-24,1545.904,1616.068,1532.523,1615.322,19589835818,0.053935917922729004,0.055416966676380186
2024-09-25,1652.828,1679.639,1639.681,1641.542,23754106140,0.016101726380266967,0.016232057756905505
2024-09-26,1638.526,1716.011,1625.662,1714.144,22617304308,0.04327778666281379,0.044227927156295754
2024-09-27,1751.328,1919.785,1751.328,1885.489,33188171307,0.0952733730540265,0.09995951331976771
2024-09-30,1994.262,2182.388,1966.338,2175.086,47832140201,0.14288100028586825,0.15359251631804782
2024-10-08,2576.217,2576.217,2336.442,2550.276,56839521878,0.15913338461859805,0.17249432895986638
2024-10-09,2426.752,2514.292,2278.817,2280.096,51701779133,-0.11198404126433026,-0.10594147456981118
2024-10-10,2291.218,2327.598,2181.078,2212.909,37074805462,-0.029909607770370883,-0.029466741751224435
2024-10-11,2173.71,2191.402,2066.577,2100.871,30804840178,-0.051955918928538125,-0.050629284801137375
2024-10-14,2119.385,2163.274,2062.446,2155.403,30482202800,0.025625692388449473,0.025956853133771496
2024-10-15,2139.647,2175.952,2085.818,2085.986,34056216175,-0.032736067885982933,-0.03220604221113166
2024-10-16,2037.744,2081.324,2026.52,2039.95,27926126959,-0.022316347394830238,-0.022069179754801715
2024-10-17,2057.96,2081.087,2031.987,2033.484,31179201120,-0.0031747196251696863,-0.003169685531508204
2024-10-18,2027.653,2273.0,2027.65,2195.101,39406378593,0.0764774810093014,0.0794778813110899
2024-10-21,2211.395,2266.602,2182.233,2210.335,42219073081,0.0069160286164544615,0.006939999571773603
2024-10-22,2205.399,2226.931,2179.998,2216.99,39349104358,0.0030063322716724628,0.00301085582049776
2024-10-23,2202.824,2252.521,2186.176,2205.302,36403964616,-0.005285959052398148,-0.005272012954501193
2024-10-24,2187.244,2203.021,2168.241,2175.095,28183098746,-0.013792119223989374,-0.013697443706122914
2024-10-25,2190.393,2277.168,2180.221,2238.897,32225560476,0.028910992130990465,0.029332971663306617
2024-10-28,2228.078,2236.472,2198.886,2229.118,34613942538,-0.004377342338696799,-0.004367775739571811
2024-10-29,2231.824,2239.261,2175.813,2177.306,37191939721,-0.023517658761049276,-0.023243273797080244
2024-10-30,2156.277,2179.944,2127.633,2151.515,32752214838,-0.011916087626651084,-0.011845372216858885
2024-10-31,2145.655,2204.859,2130.268,2164.462,37166478672,0.005999586575936355,0.0060176201420860664
2024-11-01,2149.938,2166.521,2120.725,2123.738,37280387113,-0.01899408812277059,-0.018814837128117823
2024-11-04,2122.98,2187.378,2122.98,2185.984,25473410944,0.028888326817431143,0.029309641773137773
2024-11-05,2184.905,2301.995,2172.524,2289.841,35083710675,0.04641631241830879,0.047510411787094586
2024-11-06,2290.671,2360.881,2247.038,2265.833,40303017712,-0.010539921097744376,-0.010484570762773426
2024-11-07,2244.959,2350.76,2240.246,2350.76,40590422345,0.03679621838404401,0.03748157962215237
2024-11-08,2396.868,2402.379,2317.509,2321.587,41376921103,-0.012487676581886653,-0.012410029096972974
2024-11-11,2298.619,2393.578,2296.323,2392.443,37752959789,0.030064016064138777,0.030520501708529713
2024-11-12,2416.211,2448.201,2362.566,2390.803,37875415778,-0.0006857268324749199,-0.000685491775561764
2024-11-13,2367.163,2427.156,2345.064,2417.252,29980905784,0.011002064990390359,0.011062810277551183
2024-11-14,2411.291,2419.686,2331.68,2334.964,27078868842,-0.03463488432454831,-0.03404196169865614
2024-11-15,2318.936,2338.557,2243.62,2243.62,28933089995,-0.03990584058584545,-0.039120089217649645
2024-11-18,2244.323,2254.922,2173.184,2190.95,28351839960,-0.023755393134191394,-0.023475454845294674
2024-11-19,2200.133,2261.587,2173.454,2256.607,24419950118,0.02952711800618868,0.029967365754581365
2024-11-20,2242.599,2283.748,2239.769,2267.855,28868125257,0.004972093111832443,0.004984474478719525
2024-11-21,2254.269,2281.16,2248.382,2265.866,28232062686,-0.000877425023555034,-0.0008770401987781007
2024-11-22,2257.951,2269.265,2175.571,2175.571,30157172820,-0.04066586699591035,-0.03985010587563431
2024-11-25,2184.103,2193.679,2140.476,2175.184,25157590775,-0.0001779001580279882,-0.00017788433473309162
2024-11-26,2163.374,2187.12,2148.137,2150.097,23317980536,-0.01160030126268019,-0.011533277184826662
2024-11-27,2136.707,2209.158,2119.535,2208.781,25800697149,0.02692782224006507,0.027293652332894602
2024-11-28,2204.49,2206.848,2165.526,2169.803,27639980338,-0.01780439961983138,-0.01764683778065823
2024-11-29,2162.522,2264.679,2162.522,2224.003,30288030089,0.024672345287123143,0.02497922622468507
2024-12-02,2212.359,2261.144,2210.856,2255.498,31135009017,0.01406206583628311,0.014161401760699022
2024-12-03,2252.754,2261.39,2224.692,2245.499,30648110660,-0.0044430229341312355,-0.004433167309392583
2024-12-04,2237.649,2246.039,2204.39,2213.406,28994212352,-0.014395262603843939,-0.014292146200020506
2024-12-05,2207.499,2237.088,2207.499,2221.457,27006383776,0.003630781309098552,0.0036373805799749803
2024-12-06,2219.908,2289.809,2213.324,2267.064,31585392646,0.020322315353683784,0.020530219581112785
2024-12-09,2265.188,2273.081,2229.514,2248.627,27528875410,-0.008165794536631132,-0.008132545000935076
2024-12-10,2358.288,2358.485,2258.019,2264.051,36836534310,0.006835878856236377,0.006859296806451143
2024-12-11,2260.7,2278.788,2251.354,2261.582,29492675354,-0.0010911181905175482,-0.001090523137508903
2024-12-12,2257.308,2302.644,2256.065,2292.145,30842059067,0.013423491978278967,0.013513991533360414
2024-12-13,2272.266,2276.127,2234.17,2235.259,32853797101,-0.025130955356304163,-0.024817801666124906
2024-12-16,2232.625,2234.186,2192.252,2201.532,27378793388,-0.015203623368463148,-0.015088631787188778
2024-12-17,2197.126,2233.172,2197.126,2201.181,24875348055,-0.00015944714122628767,-0.00015943443020594028
2024-12-18,2207.182,2216.003,2192.597,2202.137,21648147554,0.0004342180215104463,0.0004343123078021094
2024-12-19,2178.463,2220.433,2174.943,2213.543,22171926117,0.005166146717131781,0.005179514262736662
2024-12-20,2209.375,2234.132,2201.941,2209.662,23004927410,-0.0017548365928989895,-0.001753297767425499
2024-12-23,2205.69,2223.637,2185.353,2187.945,24553877043,-0.009876815524220817,-0.009828199969044826
2024-12-24,2190.469,2215.192,2187.78,2213.548,20096640612,0.01163391093673738,0.011701848081190125
2024-12-25,2215.612,2216.357,2187.0,2201.296,20386810044,-0.005550380241587938,-0.005535005339843524
2024-12-26,2200.319,2219.693,2193.588,2209.846,18443646699,0.003876552016326862,0.0038840755627593815
2024-12-27,2209.71,2235.556,2196.294,2204.896,20751352939,-0.0022424875901503327,-0.0022399750932869944
2024-12-30,2198.865,2218.735,2198.125,2206.285,18720146002,0.0006297633426992633,0.0006299616852676326
2024-12-31,2202.181,2207.311,2141.596,2141.596,19942841348,-0.029758760136459728,-0.029320328062784173
2025-01-02,2136.922,2137.655,2040.379,2060.442,19658739481,-0.03863082256692607,-0.03789416864805495
2025-01-03,2062.403,2067.409,2015.963,2015.967,20606491210,-0.02182154186538554,-0.021585174443153443
2025-01-06,2018.246,2033.268,2000.861,2014.19,16937561223,-0.0008818515582191822,-0.0008814628414056669
2025-01-07,1996.0,2028.751,1988.418,2028.358,16857052855,0.007009469279892322,0.00703409310938885
2025-01-08,2011.749,2029.023,1963.806,2008.444,19552783864,-0.009866305824308697,-0.00981779350588008
2025-01-09,1994.81,2025.306,1994.705,2010.66,17424480759,0.001102733457287286,0.001103341691379045
2025-01-10,2006.553,2024.427,1975.305,1975.305,17838400517,-0.01774020957249256,-0.017583778460803945
2025-01-13,1953.886,1998.499,1953.82,1982.459,15228846338,0.003615176544937704,0.0036217191775447244
2025-01-14,1989.387,2076.957,1979.139,2075.756,22702105762,0.04598743132269778,0.04706125069925782
2025-01-15,2064.476,2064.476,2032.574,2037.933,19544928930,-0.01838936578520567,-0.018221313102310566
2025-01-16,2051.095,2084.226,2029.816,2051.351,20389955076,0.006562541587229909,0.006584122245432145
2025-01-17,2041.71,2083.202,2041.581,2067.275,17088596065,0.0077327144284122795,0.007762689076613372
2025-01-20,2090.143,2118.738,2090.066,2104.728,17727429544,0.017954927725439163,0.018117086502763335
2025-01-21,2125.067,2125.067,2090.318,2112.39,18250885130,0.003633765254333454,0.003640375383422434
2025-01-22,2103.832,2110.897,2081.075,2101.035,16566266634,-0.00538992742948885,-0.005375427832928548
2025-01-23,2125.295,2151.477,2093.313,2093.313,21026825667,-0.0036821020690176454,-0.003675331443788288
2025-01-24,2084.134,2131.554,2084.134,2121.839,20005142639,0.013535187105314428,0.013627202429832508
2025-01-27,2119.169,2123.148,2063.82,2063.82,17752012165,-0.027724530980302475,-0.02734373343123575
2025-02-05,2082.991,2083.007,2054.371,2062.923,20436803597,-0.00043472540651379177,-0.000434630927115931
2025-02-06,2059.449,2120.788,2056.179,2120.745,24897390222,0.02764353293891375,0.02802916056488791
2025-02-07,2127.136,2200.102,2122.348,2174.351,30839799873,0.02496278716221756,0.025276966349089713
2025-02-10,2183.78,2188.128,2156.755,2183.877,27995065882,0.004371508406727287,0.0043810773881494125
2025-02-11,2182.909,2182.909,2150.473,2152.732,26647704858,-0.014364004454414214,-0.014261334315073593
2025-02-12,2144.727,2194.103,2142.049,2191.76,25884927458,0.017967140879341592,0.018129520999362825
2025-02-13,2186.138,2203.636,2175.424,2176.156,28459186902,-0.007144856439833092,-0.007119392634230115
2025-02-14,2176.323,2223.386,2176.212,2215.298,28699625124,0.017826914093347135,0.017986761978461052
2025-02-17,2243.658,2245.371,2208.769,2226.615,32635546066,0.005095563324598373,0.005108567786365592
2025-02-18,2223.48,2231.275,2173.54,2182.574,29421059021,-0.019977580790580873,-0.01977935116757934
2025-02-19,2174.956,2228.482,2174.007,2226.982,26063135587,0.020142391392361958,0.02034661825899131
2025-02-20,2222.373,2233.983,2204.641,2225.584,28037885701,-0.0006279525316141843,-0.0006277554106859373
2025-02-21,2228.917,2284.038,2228.917,2281.512,33303997251,0.02481902798046587,0.025129583965377345
2025-02-24,2277.154,2283.79,2245.614,2266.244,31429001053,-0.006714545531141702,-0.006692053340065729
2025-02-25,2227.29,2265.911,2224.458,2240.589,29271132403,-0.01138505780674759,-0.01132049329198448
2025-02-26,2246.954,2268.569,2232.309,2268.215,29722503298,0.012254400819501576,0.012329793639083375
2025-02-27,2268.503,2279.387,2225.532,2256.508,30727330595,-0.005174692958495264,-0.005161327299220031
2025-02-28,2238.34,2240.776,2163.687,2170.392,28146450381,-0.038910689192887205,-0.038163392285779585
2025-03-03,2176.817,2232.198,2161.359,2196.525,24792094383,0.011968769713322835,0.012040682051905893
2025-03-04,2170.989,2193.532,2161.056,2190.078,22587616612,-0.002939406480092721,-0.00293509065455666
2025-03-05,2190.577,2200.87,2173.904,2190.362,23326067714,0.0001296673395350112,0.00012967574670863513
2025-03-06,2204.247,2243.279,2202.007,2234.689,30691077462,0.020035241523093994,0.02023729410937536
2025-03-07,2221.909,2226.004,2195.128,2205.307,28706509815,-0.013235340262853335,-0.013148138286804167
2025-03-10,2211.097,2217.774,2182.581,2199.877,23158429894,-0.0024652785219014817,-0.0024622422184302772
2025-03-11,2172.179,2204.03,2171.267,2204.03,22092783100,0.0018860531028863647,0.0018878328197440286
2025-03-12,2211.146,2214.973,2191.099,2191.268,26604450431,-0.005807131104261565,-0.005790302309859774
2025-03-13,2189.469,2200.91,2154.949,2166.004,25042274557,-0.01159637640985256,-0.011529397590801405
2025-03-14,2165.532,2233.83,2161.89,2226.716,26586008830,0.027643859024471418,0.028029495790404813
2025-03-17,2230.854,2233.333,2212.018,2215.127,24550517179,-0.005218116127085004,-0.005204525408718519
2025-03-18,2225.204,2242.217,2215.373,2228.644,23840841482,0.006083590575994613,0.006102133195974746
2025-03-19,2221.602,2237.95,2208.256,2222.347,22968095475,-0.0028294841311238272,-0.0028254849136961635
2025-03-20,2220.496,2221.606,2198.375,2200.032,23583954503,-0.010091938928387556,-0.010041186187395579
2025-03-21,2193.361,2201.417,2149.091,2152.279,26088641653,-0.0219446249767703,-0.021705593373187337
2025-03-24,2154.67,2160.464,2125.129,2152.555,24385877842,0.00012822794113720448,0.00012823616269064253
2025-03-25,2154.204,2165.015,2136.607,2145.479,19869731524,-0.0032926712040808326,-0.003287256307039743
2025-03-26,2143.119,2157.78,2139.902,2139.902,18420319141,-0.002602803880676241,-0.0025994195235654605
2025-03-27,2130.489,2165.16,2117.755,2145.095,19171687867,0.0024238068508966037,0.0024267466454070963
2025-03-28,2140.066,2152.398,2128.209,2128.209,17955464086,-0.00790305950113357,-0.007871912432782735
2025-03-31,2117.885,2123.872,2087.129,2103.699,18606140083,-0.011583557137620382,-0.011516726035835645
2025-04-01,2108.455,2127.538,2100.297,2101.878,17136825804,-0.000865992996349263,-0.0008656181326320844
2025-04-02,2103.387,2121.555,2097.824,2104.625,15132911479,0.001306073187391732,0.0013069264724212548
2025-04-03,2078.146,2097.67,2057.634,2065.403,16397924585,-0.018811939238568165,-0.018636099067529943
2025-04-07,1925.641,1939.269,1756.64,1807.206,30407557575,-0.1335433585379926,-0.125010470111644
2025-04-08,1837.544,1877.441,1812.128,1840.312,25668214136,0.018153116244462808,0.01831888561680306
2025-04-09,1805.464,1872.929,1777.248,1858.356,27945229735,0.009757103449373972,0.009804859176052894
2025-04-10,1920.64,1944.102,1897.335,1900.528,25668684963,0.02243951639054398,0.022693176119107372
2025-04-11,1885.855,1943.435,1884.599,1926.37,20237823723,0.013505660617755488,0.013597274020693106
2025-04-14,1954.049,1956.156,1928.633,1932.913,19193506347,0.0033907885319530706,0.0033965437584679847
2025-04-15,1933.886,1940.747,1918.436,1930.399,16842254976,-0.0013014741521564233,-0.0013006276019665863
2025-04-16,1918.029,1919.093,1879.776,1907.109,17049971365,-0.012138234476825716,-0.012064863274380055
2025-04-17,1893.017,1923.53,1892.474,1908.776,15001282078,0.0008737161135865534,0.0008740979146970584
2025-04-18,1904.994,1917.593,1898.78,1913.97,14686095279,0.002717419988773173,0.002721115521150619
2025-04-21,1910.904,1947.562,1901.813,1944.318,16743253700,0.01573165398063825,0.015856047900437265
2025-04-22,1933.832,1939.688,1923.374,1928.432,17145814898,-0.008204035428100553,-0.00817047417140615
2025-04-23,1950.435,1962.678,1935.681,1949.162,19999589043,0.01069229914040104,0.010749666049930662
2025-04-24,1946.23,1958.216,1930.902,1935.858,18154588432,-0.006848897562755418,-0.00682549731628268
2025-04-25,1941.815,1960.634,1937.706,1947.186,16997550933,0.005834614357351775,0.0058516688724068455
2025-04-28,1951.16,1951.16,1930.064,1934.457,16239196038,-0.006558586468765171,-0.006537125883197548
2025-04-29,1929.272,1941.175,1923.856,1931.942,15966456284,-0.0013009523097409215,-0.0013001064381374938
2025-04-30,1936.122,1954.623,1931.836,1948.03,16629885574,0.00829289087667373,0.008327372146782919
2025-05-06,1966.968,1988.051,1964.458,1986.409,20452047955,0.019509880498624455,0.01970144196957957
2025-05-07,2024.301,2035.474,1982.374,1996.51,23653504827,0.005072170262874209,0.005085055494613577
2025-05-08,1994.052,2036.101,1991.655,2029.452,20799499536,0.01636514959758628,0.01649979213727959
2025-05-09,2028.427,2028.427,2004.477,2011.767,19203420690,-0.008752365508950533,-0.008714175058094464
2025-05-12,2042.902,2066.313,2038.336,2064.714,19483071725,0.025978277669237215,0.026318654198025815
2025-05-13,2091.349,2091.349,2058.741,2062.261,19752887576,-0.0011887643074528498,-0.0011880580070653401
2025-05-14,2062.274,2103.369,2051.823,2083.142,19329189521,0.010074377138295176,0.010125294518976924
2025-05-15,2076.042,2076.042,2043.097,2043.247,17673170258,-0.019337121698738358,-0.019151358860797663
2025-05-16,2035.865,2050.888,2035.865,2039.445,16327575503,-0.001862497146031039,-0.001860763774521712
2025-05-19,2038.048,2038.048,2017.167,2032.756,16591258693,-0.0032852042499644796,-0.003279813870930459
2025-05-20,2041.496,2059.516,2025.855,2048.459,18531715006,0.00769529539171554,0.007724980273087212
2025-05-21,2052.001,2077.481,2050.207,2065.39,17558827935,0.008231267406657139,0.008265237429697203
2025-05-22,2065.413,2065.413,2043.894,2045.566,16978025799,-0.00964454674986115,-0.009598187267295666
2025-05-23,2043.202,2060.093,2021.499,2021.499,17839165926,-0.011835208400027497,-0.011765447802710827
2025-05-26,2016.37,2023.485,1991.785,2005.259,14778711915,-0.00806608594314806,-0.008033642361435778
2025-05-27,2001.622,2001.622,1983.898,1991.643,15097227436,-0.00681330323957674,-0.006790145312899676
2025-05-28,1996.488,2001.951,1981.668,1985.383,16073660505,-0.003148083603145224,-0.0031431335836793473
2025-05-29,1988.319,2016.214,1986.629,2012.548,19615377832,0.013589738327299372,0.013682498540583898
2025-05-30,2002.732,2004.504,1988.186,1993.188,19207084090,-0.009666214020436215,-0.009619646338869914
2025-06-03,1986.543,2012.24,1985.567,2002.7,18511574738,0.004760903191847632,0.004772254298139433
2025-06-04,2009.374,2030.922,2009.374,2024.933,18504149321,0.011040343462140889,0.011101512957507387
2025-06-05,2026.631,2053.563,2014.435,2048.615,20848380812,0.01162734147572042,0.011695201767169427
2025-06-06,2047.866,2051.912,2034.098,2039.435,17810899136,-0.004491146356011555,-0.00448107623931282
2025-06-09,2046.427,2075.58,2045.644,2061.291,20282746568,0.010659676825696351,0.010716693594059246
2025-06-10,2057.97,2063.871,2023.168,2037.271,23768780842,-0.011721318358468125,-0.011652891319081204
2025-06-11,2044.284,2076.913,2044.284,2061.867,20845583085,0.012000715851238297,0.012073013359538365
2025-06-12,2057.196,2076.838,2051.24,2067.154,21402132576,0.0025608990070207227,0.0025641809098257973
2025-06-13,2054.967,2065.867,2036.963,2043.824,24178096873,-0.011350219077572277,-0.011286048354404166
2025-06-16,2038.699,2062.423,2038.699,2057.323,20370262370,0.00658306017810073,0.006604776145108238
2025-06-17,2061.469,2063.084,2045.054,2049.943,21685353341,-0.003593635251400329,-0.0035871858721259198
2025-06-18,2046.694,2059.376,2039.248,2054.729,21130444823,0.0023319778871018215,0.002334699062364054
2025-06-19,2049.176,2057.765,2021.176,2026.817,22178848260,-0.013677383582287206,-0.013584273157190019
2025-06-20,2026.881,2036.019,2007.507,2009.893,19030801593,-0.00838509536735188,-0.008350038508656676
2025-06-23,1996.962,2021.763,1996.962,2017.634,20025034128,0.003844050968357493,0.0038514488084688825
2025-06-24,2024.702,2065.836,2024.702,2064.135,24784030051,0.022785714665591428,0.023047292026205035
2025-06-25,2073.259,2133.034,2072.866,2128.392,26753719715,0.03065551258392052,0.031130231307544998
2025-06-26,2128.859,2142.21,2113.137,2114.425,26941120880,-0.006583857117788305,-0.006562231017594344
2025-06-27,2125.849,2146.036,2112.745,2124.344,24228122325,0.004680140911307973,0.0046911098762074666
2025-06-30,2132.931,2154.0,2128.78,2153.014,23847288167,0.013405672081102438,0.013495930979163573
2025-07-01,2149.216,2152.918,2134.571,2147.919,24861511612,-0.0023692544772693225,-0.002366450009150034
2025-07-02,2140.14,2140.14,2118.552,2123.719,23427887136,-0.011330669362580537,-0.011266719089500055
2025-07-03,2130.739,2168.61,2130.739,2164.088,21933757577,0.01883022851598959,0.019008635323223055
2025-07-04,2168.346,2187.884,2153.621,2156.234,23229463094,-0.0036358441116526308,-0.0036292424337643903
2025-07-07,2148.934,2155.686,2126.323,2130.186,18887255443,-0.012153881627664731,-0.012080321523545101
2025-07-08,2129.489,2183.057,2129.489,2181.077,22827282051,0.023609491649812853,0.02389040205878734
2025-07-09,2179.317,2204.635,2179.109,2184.675,23366909133,0.001648284563391833,0.0016496437310558054
2025-07-10,2192.988,2199.71,2174.211,2189.577,22055990969,0.0022412984217954346,0.0022438120086512026
2025-07-11,2190.007,2223.305,2181.186,2207.097,23842646073,0.00796970288609078,0.008001545503994567
2025-07-14,2207.543,2208.076,2189.08,2197.068,20214601116,-0.0045543331528579145,-0.004543977904006957
2025-07-15,2211.405,2245.44,2209.902,2235.049,22484388681,0.01713940754185117,0.017287129938627244
2025-07-16,2241.21,2259.635,2227.823,2230.194,20510981734,-0.0021745745587340437,-0.0021722118843926497
2025-07-17,2228.524,2269.668,2228.524,2269.327,21348549257,0.01739473456092444,0.01754690399131209
2025-07-18,2279.667,2296.911,2263.971,2277.152,21196707708,0.0034422275904004707,0.003448158859432615
2025-07-21,2285.414,2297.136,2273.809,2296.883,22542405159,0.008627447051038573,0.0086647707311589
2025-07-22,2295.364,2313.459,2290.378,2310.856,24246464787,0.006065032256642233,0.006083461804541335
2025-07-23,2308.114,2333.31,2304.63,2310.671,23415958182,-8.006011870076435e-05,-8.00569139749463e-05
2025-07-24,2319.252,2345.367,2318.417,2345.367,23323197809,0.014903934307051614,0.015015551759640644
2025-07-25,2348.281,2350.062,2332.025,2340.056,22571518586,-0.0022670321440037,-0.002264464367410346
2025-07-28,2346.381,2366.507,2334.16,2362.6,21686423753,0.009587846825096946,0.009633957477940713
2025-07-29,2362.775,2406.594,2355.375,2406.594,23071609941,0.01844976234268092,0.01862101075086775
2025-07-30,2395.859,2395.885,2349.182,2367.684,25030490858,-0.016300207703852543,-0.01616807820513133
2025-07-31,2382.967,2394.216,2321.716,2328.313,25275364453,-0.016768291167712057,-0.01662848589592192
2025-08-01,2323.921,2348.015,2304.385,2322.627,22816838411,-0.0024450983383212943,-0.0024421115202295507
2025-08-04,2307.373,2334.43,2304.483,2334.323,21183884781,0.0050230406561135865,0.005035677274052075
2025-08-05,2349.436,2350.996,2323.739,2343.376,22517728715,0.003870711348881173,0.0038782122268428143
2025-08-06,2335.95,2359.823,2335.95,2358.955,25489331299,0.006626099693908927,0.006648100859614425
2025-08-07,2359.423,2372.683,2322.805,2342.861,25797855397,-0.006845892249033092,-0.0068225125108364315
2025-08-08,2338.249,2353.988,2330.01,2333.959,24349547340,-0.003806864814472455,-0.0037996278908565273
2025-08-11,2336.929,2384.86,2336.929,2379.816,24490980549,0.019457206469894572,0.019647731601112106
2025-08-12,2381.163,2409.398,2368.813,2409.398,24488379168,0.012353749997722652,0.012430372768315046
2025-08-13,2417.469,2497.857,2414.482,2496.504,27243425162,0.03551442943229066,0.03615259911396951
2025-08-14,2496.627,2513.37,2463.858,2469.656,29313157882,-0.010812483514699878,-0.010754238727436416
2025-08-15,2464.666,2541.894,2464.666,2534.219,28003965052,0.025806633103969467,0.026142507296562867
2025-08-18,2549.552,2633.861,2529.249,2606.202,36132657522,0.028008486339534677,0.028404411773410354
2025-08-19,2596.578,2634.597,2586.948,2601.743,32436301630,-0.0017123840937562917,-0.0017109188006149134
2025-08-20,2572.005,2608.0,2547.44,2607.653,28314502907,0.0022689780295142015,0.0022715541081497204
2025-08-21,2614.915,2626.374,2582.054,2595.465,29243337744,-0.004684891748393483,-0.004673934760491383
2025-08-22,2587.529,2683.9,2587.529,2682.553,29381103128,0.03300326169970713,0.03355391037829425
2025-08-25,2720.281,2782.014,2700.278,2762.99,35203654117,0.02954447366403734,0.029985241670900775
2025-08-26,2747.107,2773.24,2726.724,2742.127,30753111470,-0.007579530055495276,-0.007550877853339966
2025-08-27,2747.5,2822.271,2723.198,2723.198,36360851590,-0.006926971658235637,-0.006903035490332887
2025-08-28,2707.339,2827.172,2707.339,2827.172,34102659746,0.037469993775949284,0.038180844727412566
2025-08-29,2828.012,2933.992,2809.318,2890.125,28407515660,0.022022835041615174,0.02226712771631867
2025-09-01,2914.642,2958.141,2886.73,2956.375,27601432122,0.022664101878159926,0.022922883958306217
2025-09-02,2951.03,2979.735,2839.923,2872.222,30044750940,-0.02887790941351298,-0.028464927487209746
2025-09-03,2882.843,2926.776,2859.507,2899.373,24412887208,0.009408560471019456,0.009452960112414699
2025-09-04,2933.678,2956.411,2741.076,2776.248,25622951632,-0.04339413088977384,-0.04246607801065949
2025-09-05,2789.909,2962.467,2775.17,2958.181,24152196489,0.06347417657979282,0.06553196976638964
2025-09-08,2964.428,2964.428,2883.261,2933.246,24641781610,-0.008464892764253662,-0.008429166437077362
2025-09-09,2901.289,2924.575,2843.672,2867.969,21603226895,-0.022505545892685497,-0.02225418529506218
2025-09-10,2890.052,2926.161,2860.262,2904.269,20144417977,0.012577609773694931,0.01265704057470618
2025-09-11,2917.767,3053.749,2899.83,3053.749,24703471247,0.05018829259695767,0.051469061577973596
2025-09-12,3024.104,3056.526,3009.902,3020.423,24405179818,-0.010973128319943015,-0.010913143156166427
2025-09-15,3052.059,3106.879,3044.688,3066.18,22487125918,0.015035599337638317,0.015149202611687285
2025-09-16,3072.302,3089.781,3020.628,3087.04,24258725969,0.006780215858826821,0.006803253559804157
2025-09-17,3085.71,3152.308,3064.769,3147.345,24420771086,0.019346537290834576,0.019534894267647873
2025-09-18,3119.774,3168.679,3051.299,3095.851,31070737793,-0.01649641233651522,-0.016361091650263893
2025-09-19,3098.278,3128.379,3072.762,3091.003,22606373854,-0.0015671942451724874,-0.0015659668375512803
2025-09-22,3093.968,3107.887,3053.354,3107.887,19928929065,0.005447440348884669,0.005462304630568182
2025-09-23,3139.5,3157.023,3041.461,3114.553,24911904186,0.002142568686906543,0.0021448656273537203
2025-09-24,3089.904,3185.837,3085.701,3185.571,22145764294,0.022545908075773724,0.02280198795782251
2025-09-25,3167.752,3266.003,3161.076,3235.765,22694285845,0.015633825219325104,0.01575667282254889
2025-09-26,3222.187,3251.882,3150.843,3151.53,20924382005,-0.026377326837833337,-0.026032483817582497
2025-09-29,3165.065,3259.42,3164.804,3238.012,20082588120,0.027071512037673884,0.027441274555533246
2025-09-30,3239.326,3279.018,3218.693,3238.16,19665152997,4.5706012757662506e-05,4.570705729300961e-05
2025-10-09,3251.04,3322.444,3243.706,3261.822,23035968624,0.0072806677074162,0.0073072362082171605
2025-10-10,3230.457,3235.855,3097.635,3113.262,21970285025,-0.04661488385551671,-0.04554509718801336
2025-10-13,2975.026,3096.401,2975.026,3078.762,21088163085,-0.011143482973821506,-0.011081624354134068
2025-10-14,3120.995,3124.834,2943.583,2955.983,21671824234,-0.04069631607623059,-0.03987934111178448
2025-10-15,2964.517,3030.586,2927.515,3025.867,17983852649,0.023366409933268883,0.0236415432700392
2025-10-16,3008.372,3068.838,3001.105,3037.442,17347166734,0.003818051846353754,0.0038253498914524453
2025-10-17,3026.398,3042.286,2932.684,2935.37,17826886522,-0.034182203763641894,-0.03360459228521895
2025-10-20,3007.208,3042.199,2970.188,2993.455,15593761109,0.019594728629195757,0.01978796540129535
2025-10-21,3017.772,3101.932,2994.76,3083.716,17202850600,0.029707124563847387,0.03015278332228144
2025-10-22,3061.267,3089.764,3044.045,3059.319,15831341016,-0.007943021086584068,-0.007911558651964024
2025-10-23,3050.736,3066.46,3003.336,3062.163,16239949055,0.0009291868226100064,0.0009296186504250681
2025-10-24,3087.628,3171.569,3082.064,3171.569,18307380958,0.03510488912231757,0.03572833973893608
2025-10-27,3227.179,3241.951,3179.623,3234.455,20725640357,0.019634025777426345,0.01982804094755619
2025-10-28,3205.442,3282.328,3205.05,3229.575,20143239786,-0.0015098942694002915,-0.0015087549525345523
2025-10-29,3263.984,3324.271,3258.689,3324.271,20717836728,0.02889985231920633,0.029321505151606697
2025-10-30,3313.788,3331.859,3259.21,3263.022,21761020060,-0.01859664209895584,-0.01842479148059839
2025-10-31,3260.264,3281.662,3187.533,3187.533,21347524662,-0.0234064964780476,-0.023134689254317053
2025-11-03,3179.297,3199.399,3120.851,3196.871,20898199089,0.002925255563045681,0.0029295382981133766
2025-11-04,3190.404,3207.102,3111.02,3134.09,19143966340,-0.019833658119488007,-0.019638265041035385
2025-11-05,3068.948,3179.929,3068.948,3166.231,20000833382,0.010203060710477274,0.010255289414152102
2025-11-06,3185.128,3236.679,3177.603,3224.624,19582658733,0.0182744327772415,0.018442432027227174
2025-11-07,3201.259,3240.345,3178.802,3208.206,19944235624,-0.005104451896958295,-0.005091446320563131
2025-11-10,3221.933,3236.605,3138.303,3178.827,20533756116,-0.009199641587397167,-0.009157454352993533
2025-11-11,3197.123,3209.89,3130.575,3134.316,20310223048,-0.014101292357464601,-0.014002334823505769
2025-11-12,3122.577,3137.582,3078.644,3122.027,19984248383,-0.003928498103372036,-0.003920791649597466
2025-11-13,3119.086,3209.703,3107.623,3201.754,20638393403,0.025216314281829355,0.025536934818308765
2025-11-14,3145.924,3167.105,3111.507,3111.507,20998312484,-0.02859160989665277,-0.028186737644428583
2025-11-17,3097.335,3120.735,3082.234,3105.203,21307476760,-0.0020280830731245203,-0.0020260279022351613
2025-11-18,3089.382,3115.306,3052.636,3069.219,22428895470,-0.011655959829802498,-0.011588292295221847
2025-11-19,3065.165,3113.222,3061.963,3076.845,20997810906,0.0024815894899852253,0.0024846711818218292
2025-11-20,3131.838,3137.065,3039.377,3042.341,19450267734,-0.011277436471376134,-0.011214084557395587
2025-11-21,2979.371,2996.794,2920.039,2920.078,24648637338,-0.041016956606883426,-0.04018714535944523
2025-11-24,2946.456,2951.434,2892.274,2929.043,21908590872,0.003065420264068308,0.0030701234693046864
2025-11-25,2970.731,3027.83,2961.932,2980.934,22808738026,0.017560925713175912,0.017716025336603103
2025-11-26,2976.705,3081.491,2962.992,3044.695,21283321280,0.02116405771204466,0.02138960473462337
2025-11-27,3041.205,3113.442,3027.305,3031.296,19514288579,-0.00441048109523301,-0.004400769206767907
2025-11-28,3029.977,3067.76,3013.494,3052.587,18738179122,0.006999176978826682,0.00702372846465682
2025-12-01,3060.557,3093.962,3037.688,3092.499,21008205794,0.012990074096407511,0.013074811626990313
2025-12-02,3091.369,3094.177,3056.362,3071.149,19246524050,-0.006927743241858408,-0.00690380174738936
2025-12-03,3078.858,3105.304,3028.696,3036.786,19585191000,-0.01125203937268715,-0.01118897194502766
2025-12-04,3037.051,3075.458,3016.579,3067.484,17561563591,0.010057962308472668,0.010108713620255116
2025-12-05,3084.217,3115.814,3048.943,3109.297,18848488749,0.013538974007634152,0.013631040944304784
2025-12-08,3119.151,3214.478,3119.151,3190.269,21190777492,0.025708583637282345,0.026041899503328247
2025-12-09,3183.613,3235.536,3175.506,3209.603,19411787047,0.006042014220632552,0.006060304005712558
2025-12-10,3201.378,3220.235,3143.415,3209.004,18550766603,-0.000186644859777374,-0.0001866274427086978
2025-12-11,3210.546,3246.317,3163.675,3163.675,19403941107,-0.014226282070016083,-0.014125566686735147
2025-12-12,3172.731,3203.254,3137.625,3194.359,20278545302,0.009652115172160691,0.009698847068677852
2025-12-15,3157.32,3184.625,3135.663,3137.801,18067347997,-0.017864205612028172,-0.017705586629430226
2025-12-16,3130.428,3141.579,3058.792,3071.762,18155089402,-0.02127089778546498,-0.021046267752480086
2025-12-17,3072.621,3181.689,3072.621,3175.908,18686832441,0.03334223738509223,0.033904319410162476
2025-12-18,3138.657,3154.066,3107.065,3107.065,16921874026,-0.021915025016749468,-0.02167663546928933
2025-12-19,3134.804,3157.29,3112.032,3122.238,17736191710,0.004871501677323309,0.004883386733138817
2025-12-22,3153.749,3197.941,3153.749,3191.985,17522753517,0.022092927956904873,0.02233878391077182
2025-12-23,3196.309,3227.067,3184.534,3205.011,18388058045,0.004072542175627802,0.004080846244578273
2025-12-24,3207.409,3234.999,3193.967,3229.577,18267504994,0.007635646402237128,0.007664872289049995
2025-12-25,3232.971,3249.105,3200.492,3239.343,19356999681,0.0030193625580015038,0.0030239254242891977
2025-12-26,3232.409,3268.695,3219.131,3243.876,21093462998,0.001398379644024672,0.0013993578327458067
2025-12-29,3237.773,3250.088,3208.076,3222.611,19624276753,-0.006577010563873387,-0.0065554293690635035
2025-12-30,3208.323,3251.133,3207.729,3242.905,20695328504,0.006277632487982743,0.006297378119791697
2025-12-31,3247.737,3254.89,3198.248,3203.172,20619816729,-0.012327964190582463,-0.012252286144675884
2026-01-05,3229.933,3295.286,3229.933,3294.551,26314261047,0.028128322756129975,0.02852765945756275
2026-01-06,3279.811,3321.436,3265.729,3319.292,27815065515,0.00748161557674365,0.007509672790009914
2026-01-07,3331.341,3351.216,3298.553,3329.693,27164105082,0.0031286003755059966,0.00313349955351927
2026-01-08,3308.738,3328.955,3285.164,3302.307,28086491869,-0.008258792418892824,-0.008224782284733334
2026-01-09,3279.376,3330.012,3269.993,3327.813,33328063500,0.0076940163450984755,0.007723691346685824
2026-01-12,3323.636,3398.05,3282.389,3388.341,40685183170,0.01802508959924687,0.018188522011302943
2026-01-13,3390.688,3416.837,3307.631,3321.889,41954770103,-0.01980682404905565,-0.01961195759222578
2026-01-14,3333.171,3403.954,3308.627,3349.138,43995841831,0.00816940226676266,0.00820286288915728
2026-01-15,3318.109,3372.474,3309.062,3367.917,30757654761,0.0055914530775975635,0.005607114427652826
2026-01-16,3394.346,3407.862,3354.649,3361.017,29998155132,-0.0020508456223318206,-0.0020487440753439445
2026-01-19,3340.936,3383.789,3326.134,3337.608,25640521661,-0.006989223995253369,-0.00696485617299758
2026-01-20,3340.456,3347.944,3257.435,3277.979,26073148031,-0.01802730879758485,-0.017865788912298952
2026-01-21,3270.127,3329.502,3270.127,3295.523,23018590975,0.005337806744577733,0.005352078216486644
2026-01-22,3312.751,3337.272,3280.317,3328.647,23538932550,0.010001034420911381,0.010051211901722423
2026-01-23,3334.017,3349.503,3316.654,3349.503,29347937166,0.006246061500577937,0.006265608819439272
2026-01-26,3365.606,3367.992,3304.356,3319.149,31480672335,-0.009103551851604053,-0.00906223998008071
2026-01-27,3316.021,3366.683,3277.257,3342.599,26646005109,0.00704022333408183,0.007065063966697593
2026-01-28,3359.788,3361.14,3301.048,3323.562,25814224847,-0.005711548746488049,-0.005695268861146796
2026-01-29,3322.48,3356.485,3298.588,3304.51,29496322405,-0.005748897257625174,-0.005732403968994659
2026-01-30,3301.541,3369.245,3255.648,3346.355,26302631763,0.012583491668582525,0.012662996934492465
2026-02-02,3368.141,3390.299,3262.122,3264.111,23854360757,-0.024884249892235033,-0.024577189210349792
2026-02-03,3318.06,3332.477,3249.061,3324.892,23061644766,0.018449748500719565,0.018620996651155464
2026-02-04,3298.322,3318.898,3244.711,3311.515,23731292772,-0.004031403775311304,-0.00402328857598977
2026-02-05,3277.721,3288.375,3238.784,3260.278,20529520802,-0.015593320785534104,-0.015472374426810709
2026-02-06,3222.884,3288.032,3199.144,3236.464,20940122955,-0.007331092001708228,-0.007304285094706597
2026-02-09,3299.597,3340.329,3276.567,3332.77,23531193301,0.029322414229095983,0.02975654912274628
2026-02-10,3321.884,3348.483,3320.537,3320.537,24045837249,-0.003677273207111753,-0.003670520317933801
2026-02-11,3312.643,3324.182,3284.239,3284.735,22071512282,-0.010840537864924116,-0.010781990985192946
2026-02-12,3294.571,3334.354,3292.677,3328.063,22591739521,0.013104474096458318,0.013190714014981397
2026-02-13,3309.429,3323.369,3275.289,3275.958,20624958923,-0.015780107672430432,-0.0156562541033628
2026-02-24,3331.795,3343.244,3292.5,3308.265,22240405558,0.009813537384172122,0.009861848045670918
2026-02-25,3313.093,3363.182,3302.759,3354.819,23205479475,0.013973936858977964,0.014072028691776595
2026-02-26,3346.743,3351.573,3310.554,3344.982,25161974420,-0.0029365072391751568,-0.0029321999189821923
2026-02-27,3303.977,3326.585,3292.892,3310.305,24032083023,-0.010420982240807675,-0.010366871929355703
2026-03-02,3257.051,3319.908,3257.051,3294.161,27351491153,-0.0048888228523686905,-0.0048768920084402145
2026-03-03,3316.633,3331.264,3206.615,3209.482,28637119972,-0.02604195390285824,-0.025705786693485888
2026-03-04,3171.185,3217.111,3149.412,3164.371,21733186383,-0.014155253735205875,-0.01405553918046587
2026-03-05,3236.151,3264.796,3194.956,3216.939,24166948932,0.01647598664293959,0.016612464214847078
2026-03-06,3197.665,3248.898,3177.871,3229.302,22276622596,0.0038357284990961915,0.0038430943204084134
2026-03-09,3152.717,3220.015,3111.883,3208.582,25504546193,-0.006436919814817088,-0.006416247226180838
2026-03-10,3281.944,3308.747,3272.99,3306.141,23630427361,0.029952553221354705,0.03040564336520002
2026-03-11,3318.413,3388.103,3318.413,3349.529,23556722041,0.01303809072023654,0.013123457227020907
2026-03-12,3357.033,3358.771,3286.767,3317.522,22542505817,-0.00960162023550204,-0.009555671857147674
2026-03-13,3296.503,3342.854,3296.114,3310.278,22655297449,-0.0021859449242693785,-0.002183557486581944
2026-03-16,3323.979,3360.354,3284.048,3357.022,20821772507,0.01402209766919249,0.014120868398364239
2026-03-17,3385.712,3390.021,3279.875,3280.059,20725685437,-0.023192861407631327,-0.022925974271243876
2026-03-18,3307.822,3350.556,3274.26,3346.365,19370269368,0.02001327205128689,0.020214880281116843
2026-03-19,3311.445,3361.215,3295.453,3309.103,19915356248,-0.011197526406636626,-0.011135067453789338
2026-03-20,3362.072,3426.609,3348.7,3352.103,22540163023,0.012910754387569057,0.012994458014754962
2026-03-23,3300.558,3334.456,3214.819,3235.221,23966917084,-0.035490669150501475,-0.034868260313003496
2026-03-24,3266.932,3270.191,3155.271,3251.545,20522547863,0.005033027076692065,0.00504571403313725
2026-03-25,3287.171,3325.263,3278.726,3316.971,20629018561,0.019921749089219176,0.02012151146608754
2026-03-26,3299.031,3347.23,3263.996,3272.488,18545832832,-0.013501465212900854,-0.013410729246653097
2026-03-27,3236.37,3323.333,3228.411,3295.88,16968830294,0.007122651743575403,0.007148078159492144
2026-03-30,3254.431,3281.393,3224.599,3273.355,17219385707,-0.00685775079649531,-0.006834290083376882
2026-03-31,3247.279,3280.479,3184.952,3184.952,17816826549,-0.027378234554038983,-0.027006847714348026
2026-04-01,3255.264,3255.264,3206.802,3247.523,18012365918,0.019455333641671402,0.019645821977850808
2026-04-02,3229.6,3229.679,3155.13,3172.649,17467543341,-0.02332566629000965,-0.02305572585629112
2026-04-03,3197.771,3199.438,3149.153,3149.596,16182688712,-0.007292694974539771,-0.007266167798580914
2026-04-07,3162.823,3181.351,3133.779,3160.816,14670427390,0.003556031467805809,0.0035623616489224297
2026-04-08,3257.906,3348.392,3243.782,3347.61,22690229989,0.057416436274991156,0.05909676488602944
2026-04-09,3316.291,3340.298,3301.646,3323.299,19555590311,-0.0072886941275474015,-0.00726219601447009
2026-04-10,3355.073,3470.719,3354.765,3448.787,20539106713,0.037064610757342464,0.0377600691361204
2026-04-13,3434.32,3492.482,3434.32,3476.44,18001313969,0.007986206654130967,0.008018181464961582
2026-04-14,3507.11,3560.302,3493.368,3558.527,20096606164,0.02333791352426573,0.023612373577567958
2026-04-15,3596.079,3599.979,3491.451,3514.96,20315993310,-0.012318549798008505,-0.012242987056161114
2026-04-16,3531.261,3629.422,3518.358,3626.271,21219301035,0.031176702146199275,0.03166778569315154
2026-04-17,3643.153,3685.098,3620.328,3678.293,21364787944,0.014243938326238492,0.01434586659408521
2026-04-20,3657.348,3696.26,3642.807,3677.576,21559884372,-0.00019494637608907794,-0.00019492737527981863
2026-04-21,3662.259,3695.742,3619.485,3688.937,19671006859,0.0030845011764775165,0.00308926314507163
2026-04-22,3660.42,3755.751,3660.085,3752.759,20832548977,0.017152962126711913,0.017300918936810294
2026-04-23,3769.019,3785.23,3681.571,3720.247,23455411380,-0.00870123886628349,-0.008663492646343696
2026-04-24,3682.499,3699.939,3624.995,3667.785,22796018188,-0.014202126303063167,-0.014101751846046784
2026-04-27,3677.89,3686.943,3640.115,3648.788,21594188735,-0.005192879969737163,-0.005179420276815505
2026-04-28,3623.49,3636.934,3580.389,3596.712,21883402468,-0.014374962871771757,-0.014272136391590862
2026-04-29,3578.423,3692.206,3578.423,3687.168,21500240214,0.02483858892863111,0.02514963666815695
2026-04-30,3704.109,3718.399,3660.219,3677.148,20180814133,-0.0027212320012495184,-0.0027175328056654457
2026-05-06,3760.671,3815.07,3724.527,3778.159,24988027312,0.027099402240310155,0.02746993050048574
2026-05-07,3807.99,3840.055,3761.232,3833.057,25231311943,0.014425803192784414,0.014530357245420289
2026-05-08,3792.042,3840.156,3787.174,3796.128,24287398220,-0.00968105726204449,-0.009634346684643469
2026-05-11,3829.608,3937.874,3797.498,3928.974,26404616003,0.03439672321037612,0.034995131881748964
2026-05-12,3947.137,3954.991,3897.817,3934.882,24703507786,0.0015025710317040364,0.0015037004571676338
2026-05-13,3900.737,4041.989,3893.803,4038.333,24807207033,0.025951088931854827,0.02629075026900418
