date,open,high,low,close,volume,amount,outstanding_share,turnover,log_return,simple_return
2021-01-04,1753.04,1757.44,1738.87,1750.43,4351400.0,8686920261.0,1256197800.0,0.003463944929691805,,
2021-01-05,1744.3,1805.17,1737.69,1805.17,5211605.0,10592557370.0,1256197800.0,0.004148713681873985,0.03079329813707865,0.03127231594522484
2021-01-06,1809.86,1862.63,1784.64,1840.71,4741020.0,9882593867.0,1256197800.0,0.003774103091089636,0.019496596582191827,0.01968789643080715
2021-01-07,1838.09,1875.78,1818.8,1875.78,3793139.0,7991178754.0,1256197800.0,0.0030195395979836933,0.01887320616076682,0.019052430855485136
2021-01-08,1877.53,1885.31,1808.3,1831.95,5386164.0,11345202869.0,1256197800.0,0.004287671893709733,-0.023643599615293276,-0.023366279627674902
2021-01-11,1831.95,1884.98,1804.43,1840.48,5107990.0,10768565415.0,1256197800.0,0.004066230652529403,0.0046454338624926095,0.004656240617920693
2021-01-12,1830.2,1894.1,1827.57,1894.1,4105859.0,8800558288.0,1256197800.0,0.0032684812853517177,0.02871738451499617,0.029133704251064874
2021-01-13,1896.81,1904.99,1871.39,1896.81,3438993.0,7418330854.0,1256197800.0,0.0027376206199374014,0.0014297361117181495,0.0014307586716646448
2021-01-14,1889.8,1895.94,1854.84,1870.52,3615220.0,7722089684.0,1256197800.0,0.002877906648140922,-0.013957060715121372,-0.01386011250467889
2021-01-15,1853.86,1870.82,1778.48,1824.94,5950939.0,12372103227.0,1256197800.0,0.004737262714518366,-0.024669357295480587,-0.0243675555460513
2021-01-18,1806.58,1833.25,1788.36,1808.28,3914404.0,8076715790.0,1256197800.0,0.003116072962394935,-0.009170992545748824,-0.009129067257005796
2021-01-19,1817.14,1837.47,1759.07,1761.31,4634519.0,9479278513.0,1256197800.0,0.0036893226528497344,-0.026318266871449225,-0.025974959630145844
2021-01-20,1760.07,1801.7,1737.72,1788.68,4508242.0,9126453277.0,1256197800.0,0.0035887994709113487,0.015420067285216277,0.015539569979163392
2021-01-21,1795.14,1831.97,1789.0,1814.42,3831017.0,7953455967.0,1256197800.0,0.00304969249269502,0.014287939768539815,0.014390500257172922
2021-01-22,1813.54,1840.71,1805.74,1823.14,2924761.0,6090260364.0,1256197800.0,0.002328264704810023,0.004794431818896605,0.004805943497095511
2021-01-25,1825.81,1910.4,1825.81,1906.45,5595716.0,12029474558.0,1256197800.0,0.0044544863874144665,0.04468258466572994,0.04569588731529106
2021-01-26,1915.22,1916.97,1862.72,1877.43,3174746.0,6820173362.0,1256197800.0,0.0025272660085855904,-0.015339053563596217,-0.015222009494085809
2021-01-27,1877.43,1877.43,1827.57,1831.07,3712017.0,7809446387.0,1256197800.0,0.002954962188279585,-0.025003324902505675,-0.024693330776646816
2021-01-28,1823.18,1849.18,1805.67,1830.2,3512864.0,7337084455.0,1256197800.0,0.0027964258494959948,-0.0004752449376166368,-0.0004751320266291881
2021-01-29,1841.76,1884.09,1832.14,1854.9,3370133.0,7166179277.0,1256197800.0,0.002682804411852974,0.013405535751354947,0.01349579280952895
2021-02-01,1867.01,1893.31,1836.33,1848.88,2934059.0,6219639111.0,1256197800.0,0.0023356664054020792,-0.003250735897517565,-0.003245457976171262
2021-02-02,1851.43,1884.53,1842.56,1880.16,3458225.0,7372233582.0,1256197800.0,0.002752930310815701,0.01677682925051549,0.016918350568993157
2021-02-03,1884.54,1926.85,1875.78,1919.52,3871415.0,8384049314.0,1256197800.0,0.0030818514409116145,0.0207182751809869,0.020934388562675377
2021-02-04,1920.48,2042.32,1920.48,2034.3,6385101.0,14596930188.0,1256197800.0,0.005082878667674788,0.05807662459128782,0.05979619904976241
2021-02-05,2037.93,2072.64,2008.13,2027.42,3972906.0,9253566205.0,1256197800.0,0.0031626436537303283,-0.0033877306067298107,-0.0033819987219190217
2021-02-08,2048.45,2085.16,2027.42,2076.33,3578573.0,8420758625.0,1256197800.0,0.002848733694645859,0.023837863439446494,0.024124256444150616
2021-02-09,2076.33,2153.14,2059.85,2153.14,3329655.0,7972930045.0,1256197800.0,0.002650581779398117,0.036325329605421786,0.03699315619386123
2021-02-10,2178.18,2280.03,2178.18,2279.86,6137057.0,15675929714.0,1256197800.0,0.004885422502730064,0.05718679575839758,0.05885358128129159
2021-02-18,2268.44,2303.42,2160.65,2165.91,6591232.0,16704135269.0,1256197800.0,0.005246969864140822,-0.051273441103320216,-0.049981139192757595
2021-02-19,2148.52,2188.4,2087.55,2156.27,5938546.0,14525164525.0,1256197800.0,0.00472739722995853,-0.004460719352148423,-0.004450785120341916
2021-02-22,2151.88,2151.88,1996.93,2005.52,7893547.0,18498777223.0,1256197800.0,0.006283681598550801,-0.07247649836317382,-0.06991239501546653
2021-02-23,1985.46,2055.37,1985.34,2022.16,5745460.0,13316110795.0,1256197800.0,0.004573690544594171,0.008262868288715808,0.008297100003989089
2021-02-24,2023.02,2031.8,1893.74,1918.73,8211578.0,18195034445.0,1256197800.0,0.006536851123286476,-0.052502738196101184,-0.051148277089844596
2021-02-25,1936.26,1949.84,1859.31,1884.54,5972643.0,12982145755.0,1256197800.0,0.004754540248358976,-0.017979749557153646,-0.017819078244463826
2021-02-26,1840.71,1910.79,1812.05,1860.68,6652506.0,14097015494.0,1256197800.0,0.00529574721433201,-0.012741746978415236,-0.012660914599849193
2021-03-01,1909.96,1909.96,1858.25,1891.55,4491626.0,9686945529.0,1256197800.0,0.003575572254624232,0.0164545864779182,0.01659070877313673
2021-03-02,1910.84,1910.84,1781.99,1803.9,7076450.0,14796698646.0,1256197800.0,0.005633229098156357,-0.047445611057130854,-0.0463376595913404
2021-03-03,1788.12,1884.34,1781.99,1875.78,5421546.0,11366685429.0,1256197800.0,0.00431583784018727,0.03907358518686799,0.0398469981706302
2021-03-04,1836.33,1837.21,1761.91,1781.99,6508829.0,13297304316.0,1256197800.0,0.005181372710571536,-0.051293855557769774,-0.05000053311155894
2021-03-05,1753.06,1836.33,1742.54,1805.75,6377920.0,13100315985.0,1256197800.0,0.005077162211237753,0.013245300588225817,0.01333340815605033
2021-03-08,1818.77,1827.57,1718.0,1718.0,6309959.0,12724245990.0,1256197800.0,0.0050230616547807996,-0.04981519438675619,-0.04859476671743046
2021-03-09,1713.62,1753.06,1665.57,1697.83,8226581.0,16100769579.0,1256197800.0,0.0065487943061196255,-0.01180985847065763,-0.011740395809080373
2021-03-10,1732.9,1752.95,1724.14,1726.77,5117174.0,10136910284.0,1256197800.0,0.004073541603081935,0.016901646281048066,0.01704528721956855
2021-03-11,1731.15,1823.18,1719.3,1795.14,5676897.0,11521736384.0,1256197800.0,0.0045191107642442935,0.0388304019553507,0.03959415556211887
2021-03-12,1814.42,1820.55,1754.82,1775.85,4032251.0,8181594631.0,1256197800.0,0.003209885417726412,-0.010803831784186535,-0.010745680002673952
2021-03-15,1796.89,1814.24,1710.24,1731.54,6248487.0,12459955712.0,1256197800.0,0.004974126686099912,-0.02526799559290538,-0.02495143170875913
2021-03-16,1731.09,1770.58,1722.38,1762.27,3464850.0,6918600717.0,1256197800.0,0.0027582041617968127,0.017591564784270375,0.017747207687954125
2021-03-17,1753.06,1796.89,1732.03,1779.67,3137491.0,6352656523.0,1256197800.0,0.002497609054879733,0.009825203123129178,0.009873628899090381
2021-03-18,1783.74,1828.76,1783.74,1814.16,3386488.0,6997030294.0,1256197800.0,0.0026958238583127594,0.019194596811781928,0.019379997415251093
2021-03-19,1783.74,1790.75,1746.25,1761.83,3578077.0,7211521835.0,1256197800.0,0.0028483388523686316,-0.029269509081806255,-0.02884530581646616
2021-03-22,1753.15,1775.93,1714.1,1744.29,3691407.0,7323391311.0,1256197800.0,0.002938555536397214,-0.010005445521349188,-0.00995555757365918
2021-03-23,1752.08,1760.78,1726.77,1749.56,2744619.0,5459520703.0,1256197800.0,0.0021848621291965325,0.003016731683793239,0.0030212865979855064
2021-03-24,1736.41,1764.46,1736.41,1743.42,2935739.0,5857848160.0,1256197800.0,0.002337003774405591,-0.003515626384353432,-0.00350945380552814
2021-03-25,1726.77,1743.31,1706.43,1727.64,3157523.0,6216733244.0,1256197800.0,0.0025135555881406575,-0.009092386022051535,-0.009051175276181267
2021-03-26,1739.91,1772.35,1716.25,1764.46,5001642.0,9987629444.0,1256197800.0,0.003981572010395178,0.021088379220688402,0.021312310435044335
2021-03-29,1790.93,1837.52,1775.98,1782.95,5699220.0,11740129413.0,1256197800.0,0.00453688105487846,0.010424601298196556,0.010479126758328405
2021-03-30,1788.12,1828.44,1783.81,1802.19,3262697.0,6717493350.0,1256197800.0,0.00259727966407838,0.010733296166672623,0.01079110462996713
2021-03-31,1792.59,1793.4,1753.06,1760.95,3715441.0,7489086233.0,1256197800.0,0.0029576878736772188,-0.023149155877248973,-0.02288326979952171
2021-04-01,1771.47,1794.08,1754.13,1792.07,2658763.0,5379775870.0,1256197800.0,0.0021165162046932417,0.017517940137383725,0.01767227916749481
2021-04-02,1802.15,1897.69,1802.15,1895.06,5202757.0,10981752658.0,1256197800.0,0.0041416702051221554,0.05587912401246076,0.05746985329814125
2021-04-06,1894.18,1895.04,1842.73,1863.53,3274177.0,6967525037.0,1256197800.0,0.0026064183522690456,-0.0167779617557553,-0.016637995630745195
2021-04-07,1844.27,1855.88,1796.89,1806.53,4020097.0,8317799925.0,1256197800.0,0.0032002101898283854,-0.031064660380821785,-0.03058711155709859
2021-04-08,1794.28,1822.31,1791.63,1814.42,2854762.0,5893307514.0,1256197800.0,0.0022725417923833333,0.004357979252530342,0.004367489053600071
2021-04-09,1789.88,1800.39,1757.45,1770.59,2880886.0,5832453812.0,1256197800.0,0.002293337880387945,-0.02445303304237534,-0.0241564797566165
2021-04-12,1762.7,1779.36,1745.79,1760.85,3194307.0,6409917318.0,1256197800.0,0.0025428376008937445,-0.00551617736535448,-0.00550099119502534
2021-04-13,1770.59,1796.71,1760.95,1771.47,2899215.0,5883787293.0,1256197800.0,0.0023079287354268573,0.00601306336847518,0.006031178124201508
2021-04-14,1783.74,1795.14,1767.09,1794.26,2411465.0,4908790023.0,1256197800.0,0.0019196538952703148,0.012782970292876783,0.012865021705137591
2021-04-15,1780.15,1794.17,1744.3,1766.74,3436621.0,6903769490.0,1256197800.0,0.0027357323822729193,-0.01545664020941917,-0.015337799427061816
2021-04-16,1775.04,1812.67,1763.58,1801.25,3029370.0,6183895054.0,1256197800.0,0.0024115390108150167,0.019344827869158365,0.019533151454090625
2021-04-19,1801.27,1839.28,1781.99,1830.2,3175391.0,6610577917.0,1256197800.0,0.0025277794627565817,0.015944382167546678,0.016072172102706395
2021-04-20,1815.38,1866.13,1814.42,1836.16,2829037.0,5949669953.0,1256197800.0,0.0022520633295170555,0.003251183871666896,0.0032564747022183482
2021-04-21,1819.68,1838.79,1810.12,1823.18,2614975.0,5446145952.0,1256197800.0,0.0020816586368802748,-0.0070942052052016535,-0.007069100731962319
2021-04-22,1831.86,1839.84,1798.2,1801.71,2685002.0,5539295656.0,1256197800.0,0.002137403838790356,-0.011846015227899187,-0.011776127425706773
2021-04-23,1802.12,1858.14,1799.08,1848.55,3346277.0,7002695288.0,1256197800.0,0.0026638137720031035,0.02566533404964133,0.02599752457387705
2021-04-26,1868.76,1871.39,1817.57,1821.27,3404511.0,7160836874.0,1256197800.0,0.0027101711211403173,-0.014867488051595323,-0.0147575126450461
2021-04-27,1829.39,1836.55,1810.11,1835.84,2210785.0,4607779002.0,1256197800.0,0.0017599019835888902,0.007968082495615647,0.007999912149214472
2021-04-28,1761.83,1794.7,1755.69,1789.88,8134295.0,16463574637.0,1256197800.0,0.006475329760965988,-0.025353563932071665,-0.025034861425832222
2021-04-29,1794.29,1796.84,1765.33,1776.17,4128378.0,8370431228.0,1256197800.0,0.0032864076023696267,-0.00768921778953402,-0.007659731378639956
2021-04-30,1775.85,1784.62,1756.31,1759.0,3840137.0,7723747038.0,1256197800.0,0.0030569524958569422,-0.009713894954342273,-0.009666867473271168
2021-05-06,1753.06,1759.06,1711.86,1717.12,5354614.0,10584968907.0,1256197800.0,0.004262556422244968,-0.0240969969403535,-0.023808982376350207
2021-05-07,1722.38,1725.0,1666.29,1668.04,5249339.0,10101703446.0,1256197800.0,0.004178751944956439,-0.028999184350699814,-0.028582743197912763
2021-05-10,1665.41,1673.3,1635.62,1647.03,4600318.0,8677753608.0,1256197800.0,0.003662096844939547,-0.012675618498506402,-0.012595621208124519
2021-05-11,1644.37,1723.26,1642.01,1717.12,4249412.0,8209251914.0,1256197800.0,0.0033827570785428854,0.041674802849206216,0.042555387576425296
2021-05-12,1708.43,1752.19,1708.36,1739.04,3269887.0,6473203286.0,1256197800.0,0.0026030032849922204,0.01268476801767271,0.01276556093924719
2021-05-13,1723.04,1739.96,1711.86,1728.08,2507751.0,4934954969.0,1256197800.0,0.0019963026523370764,-0.006322271226220089,-0.006302327721041556
2021-05-14,1737.28,1779.8,1732.02,1761.7,3561129.0,7150302044.0,1256197800.0,0.0028348473464927257,0.019268286344437335,0.019455117818619527
2021-05-17,1775.06,1827.74,1775.06,1803.87,4452400.0,9178509985.0,1256197800.0,0.0035443462804981827,0.023655105008620225,0.023937106204234393
2021-05-18,1810.04,1820.55,1792.56,1805.05,1750428.0,3595891742.0,1256197800.0,0.0013934334226663985,0.0006539352726306902,0.0006541491349154605
2021-05-19,1804.78,1818.63,1788.12,1796.01,2240972.0,4606452358.0,1256197800.0,0.0017839324348442578,-0.005020754438970876,-0.005008171518794513
2021-05-20,1817.92,1818.01,1792.82,1804.67,2185716.0,4500663211.0,1256197800.0,0.0017399457314763646,0.004810211792226404,0.0048217994331880565
2021-05-21,1801.34,1823.08,1785.51,1789.96,2424823.0,4976601458.0,1256197800.0,0.001930287570954192,-0.008184476351199343,-0.008151074711720163
2021-05-24,1797.76,1823.24,1780.23,1815.55,3254808.0,6705879397.0,1256197800.0,0.0025909996021327214,0.014195178881171167,0.014296408858298415
2021-05-25,1827.57,1928.46,1827.57,1923.55,6775695.0,14636718750.0,1256197800.0,0.0053938121846734645,0.05778398503818938,0.059486106138635586
2021-05-26,1935.36,1965.01,1922.3,1945.9,3860420.0,8558038174.0,1256197800.0,0.003073098838415415,0.011552157828347731,0.011619141691143975
2021-05-27,1938.03,2033.55,1929.33,1967.81,4537338.0,10240368980.0,1256197800.0,0.0036119614283674118,0.011196654271900641,0.011259571406547098
2021-05-28,1964.28,1972.19,1933.2,1954.66,2580731.0,5741331986.0,1256197800.0,0.002054398598692021,-0.00670498398464936,-0.006682555734547457
2021-05-31,1941.95,1944.45,1903.82,1944.15,3173900.0,6960864260.0,1256197800.0,0.0025265925477659648,-0.005391401713866983,-0.00537689419131715
2021-06-01,1947.65,1971.27,1933.63,1964.26,3061634.0,6832594466.0,1256197800.0,0.0024372228641062737,0.010290720507132534,0.010343852069027548
2021-06-02,1972.19,1984.47,1935.54,1947.65,2286277.0,5088908384.0,1256197800.0,0.001819997615025277,-0.008492066442901347,-0.008456110698176311
2021-06-03,1945.9,1981.26,1937.2,1947.84,2345031.0,5242453019.0,1256197800.0,0.001866768911711197,9.754870383460457e-05,9.75534618641305e-05
2021-06-04,1941.52,2005.5,1940.67,1973.51,3142219.0,7058715115.0,1256197800.0,0.0025013727933610457,0.01309261692410324,0.013178700509282049
2021-06-07,1985.34,1997.61,1963.44,1990.6,2546627.0,5756592694.0,1256197800.0,0.002027250007920727,0.008622417582300201,0.008659697695983182
2021-06-08,1980.96,1998.48,1894.31,1920.48,4731363.0,10479943156.0,1256197800.0,0.0037664156074783766,-0.035860946034929064,-0.035225560132623235
2021-06-09,1921.36,1940.64,1893.4,1927.93,2550235.0,5591378817.0,1256197800.0,0.0020301221670663647,0.0038717336803975044,0.003879238523702533
2021-06-10,1923.99,1973.4,1919.67,1962.1,2556663.0,5707338424.0,1256197800.0,0.002035239195610755,0.01756843976862399,0.017723672539978086
2021-06-11,1962.55,1966.94,1909.79,1909.79,3397066.0,7513797036.0,1256197800.0,0.0027042445067170153,-0.027022039874044168,-0.026660210998420086
2021-06-15,1924.07,1936.15,1882.79,1922.23,2936130.0,6412821567.0,1256197800.0,0.002337315031120099,0.006492682032227748,0.006513805182768895
2021-06-16,1921.36,1923.99,1882.79,1891.55,2759315.0,5978924528.0,1256197800.0,0.0021965609237653495,-0.01608937161347601,-0.015960629061038567
2021-06-17,1889.49,1917.85,1879.6,1890.6,2106753.0,4558702643.0,1256197800.0,0.0016770870001523645,-0.0005023597794791002,-0.000502233617932446
2021-06-18,1881.91,1890.24,1810.04,1832.77,5402821.0,11329180836.0,1256197800.0,0.004300931748168959,-0.031065755384041438,-0.030588173066751212
2021-06-21,1827.57,1840.44,1796.89,1824.62,3548826.0,7367986471.0,1256197800.0,0.0028250535067009352,-0.004456737449356041,-0.004446820932250128
2021-06-22,1833.7,1838.96,1800.3,1818.78,3322818.0,6900830616.0,1256197800.0,0.00264513916518561,-0.0032057995287617658,-0.0032006664401353913
2021-06-23,1823.18,1825.81,1783.0,1786.37,3707901.0,7596735684.0,1256197800.0,0.0029516856342209803,-0.017980318795466133,-0.017819637339315464
2021-06-24,1788.13,1823.18,1771.47,1812.71,3147370.0,6452557073.0,1256197800.0,0.0025054732622521707,0.014637335252645656,0.01474498564127269
2021-06-25,1813.77,1866.01,1807.26,1850.97,3587543.0,7459680452.0,1256197800.0,0.0028558742898610393,0.0208868629004213,0.021106520072157187
2021-06-28,1858.05,1873.97,1834.16,1860.71,2745242.0,5750241214.0,1256197800.0,0.0021853580702020014,0.005248309313920174,0.005262105814789031
2021-06-29,1865.13,1871.32,1814.69,1824.43,3303063.0,6835635172.0,1256197800.0,0.0026294131385996697,-0.019690525835964756,-0.019497933584491922
2021-06-30,1827.08,1835.04,1810.54,1819.74,2191566.0,4511484217.0,1256197800.0,0.0017446026413993083,-0.002573975741751333,-0.002570665906611924
2021-07-01,1822.63,1866.9,1797.53,1862.47,3370124.0,6970730878.0,1256197800.0,0.0026827972473761697,0.023209930018508906,0.023481376460373404
2021-07-02,1835.93,1835.93,1779.75,1781.07,4627531.0,9388640194.0,1256197800.0,0.003683759834637507,-0.04468925646221855,-0.0437054019662062
2021-07-05,1769.57,1787.16,1756.3,1764.26,3442095.0,6872797768.0,1256197800.0,0.002740089976276029,-0.009482968283410997,-0.009438146732020591
2021-07-06,1765.15,1781.96,1734.19,1780.98,3528251.0,7015883091.0,1256197800.0,0.002808674716672804,0.009432435584533216,0.009477061204130832
2021-07-07,1778.42,1795.12,1768.69,1773.11,2812212.0,5658210730.0,1256197800.0,0.0022386697381574783,-0.004428707693475253,-0.004418915428584302
2021-07-08,1769.66,1773.11,1741.26,1756.3,3551669.0,7027713780.0,1256197800.0,0.002827316685318188,-0.009525743459177782,-0.009480517283191658
2021-07-09,1738.18,1757.1,1720.91,1744.89,3090790.0,6072340993.0,1256197800.0,0.0024604325847410336,-0.0065178070273761435,-0.006496612196093987
2021-07-12,1747.94,1768.49,1716.93,1735.06,3901024.0,7658786228.0,1256197800.0,0.0031054217735455355,-0.0056495214847371855,-0.005633592948552701
2021-07-13,1741.26,1774.44,1738.6,1754.44,2992471.0,5946287259.0,1256197800.0,0.002382165451969427,0.011107722745792081,0.011169642548384484
2021-07-14,1746.57,1747.01,1720.91,1735.95,3077069.0,6011814880.0,1256197800.0,0.0024495099418260407,-0.01059490369917171,-0.010538975399557726
2021-07-15,1729.77,1781.07,1725.86,1767.79,4219005.0,8391506229.0,1256197800.0,0.003358551495632296,0.01817536490015037,0.0183415420951063
2021-07-16,1751.87,1766.56,1725.33,1730.55,3540764.0,6958296859.0,1256197800.0,0.002818635727590034,-0.0212909018209384,-0.021065850581799883
2021-07-19,1730.54,1757.18,1717.37,1747.45,3005234.0,5900348210.0,1256197800.0,0.002392325476131227,0.009718305353926482,0.009765681430758955
2021-07-20,1747.45,1759.78,1735.43,1751.87,2347521.0,4639300956.0,1256197800.0,0.0018687510836271166,0.002526206434735556,0.00252939998283197
2021-07-21,1759.84,1774.88,1735.96,1742.14,2978013.0,5902656221.0,1256197800.0,0.002370656118009441,-0.005569546253108015,-0.00555406508473788
2021-07-22,1734.18,1746.48,1715.56,1716.49,3909047.0,7619076855.0,1256197800.0,0.003111808506590284,-0.014832734504516942,-0.014723271378878855
2021-07-23,1714.55,1714.55,1676.75,1681.09,4758547.0,9057761876.0,1256197800.0,0.0037880555116399663,-0.020839115537235386,-0.020623481639858166
2021-07-26,1662.51,1662.51,1574.92,1596.25,9861948.0,17894360803.0,1256197800.0,0.007850633077052038,-0.05178526418846108,-0.05046725636343086
2021-07-27,1595.27,1601.46,1506.79,1515.54,8657699.0,15230805685.0,1256197800.0,0.00689198707401016,-0.05188531726780887,-0.05056225528582614
2021-07-28,1506.79,1582.17,1488.31,1565.1,8536884.0,14792470948.0,1256197800.0,0.006795811933439145,0.03217790861751624,0.03270121540836923
2021-07-29,1601.47,1612.96,1534.52,1548.19,6386385.0,11299569857.0,1256197800.0,0.0050839007996989006,-0.010863213060512855,-0.010804421442719203
2021-07-30,1526.25,1526.25,1466.76,1485.55,7773589.0,13109725032.0,1256197800.0,0.006188188675382173,-0.04130143259894847,-0.04046015023995764
2021-08-02,1472.28,1553.66,1433.99,1552.8,9740065.0,16515259089.0,1256197800.0,0.007753607751900218,0.044274678817805224,0.045269428831072656
2021-08-03,1530.68,1565.18,1494.22,1547.75,5437475.0,9447823227.0,1256197800.0,0.004328518168078307,-0.003257489455458895,-0.0032521895929932265
2021-08-04,1534.27,1557.22,1520.06,1525.37,3817549.0,6614683378.0,1256197800.0,0.0030389712511835316,-0.014565259835197963,-0.014459699563883155
2021-08-05,1497.83,1543.95,1483.22,1503.25,4805969.0,8177369851.0,1256197800.0,0.003825805935976006,-0.014607572644464994,-0.014501399660410197
2021-08-06,1494.4,1498.83,1456.89,1478.48,4568610.0,7616109615.0,1256197800.0,0.003636855597104214,-0.016614897942178075,-0.016477631797771508
2021-08-09,1460.78,1512.1,1459.9,1498.65,4769775.0,8028155490.0,1256197800.0,0.003796993594480105,0.013550169869636974,0.013642389481088646
2021-08-10,1504.13,1595.16,1482.01,1591.73,8328505.0,14549496463.0,1256197800.0,0.006629931209877935,0.06025677218387582,0.062109231641810814
2021-08-11,1574.93,1579.35,1548.38,1548.82,3866259.0,6821292779.0,1256197800.0,0.003077746991755598,-0.02732812436893539,-0.02695808962575319
2021-08-12,1532.45,1547.49,1491.92,1495.29,4755097.0,8130692626.0,1256197800.0,0.0037853091288648968,-0.035173182715855233,-0.03456179543136062
2021-08-13,1495.29,1515.64,1485.55,1504.17,3790452.0,6418412544.0,1256197800.0,0.003017400603631052,0.0059210830908309475,0.005938647352687454
2021-08-16,1500.6,1516.17,1490.93,1503.43,2805697.0,4773049794.0,1256197800.0,0.0022334834530039777,-0.0004920867235886917,-0.0004919656687741858
2021-08-17,1504.13,1504.13,1441.21,1446.62,6120077.0,10140291982.0,1256197800.0,0.004871905523158853,-0.03851936347194318,-0.037786927226409084
2021-08-18,1437.47,1453.69,1415.66,1433.35,5997026.0,9701556273.0,1256197800.0,0.004773950408128402,-0.009215438988604774,-0.009173106966584132
2021-08-19,1435.32,1453.88,1415.66,1433.33,4129195.0,6682355678.0,1256197800.0,0.003287057977652882,-1.3953423472656823e-05,-1.3953326124083176e-05
2021-08-20,1375.99,1413.49,1349.74,1369.65,11454454.0,17825198286.0,1256197800.0,0.00911835222128235,-0.045445175698985096,-0.04442801029769827
2021-08-23,1360.69,1414.77,1359.71,1389.28,7159720.0,11218832883.0,1256197800.0,0.005699516429657814,0.014230394581876027,0.014332128646004305
2021-08-24,1393.54,1453.3,1385.37,1437.93,7259447.0,11703813764.0,1256197800.0,0.0057789044050228396,0.03441895206336465,0.03501813889208805
2021-08-25,1457.81,1487.21,1453.7,1473.18,5423890.0,9037626406.0,1256197800.0,0.00431770378836836,0.024218750213836238,0.024514406125472066
2021-08-26,1473.16,1473.16,1410.98,1411.23,5402037.0,8722233201.0,1256197800.0,0.0043003076426339866,-0.042961665059566556,-0.04205188775302415
2021-08-27,1405.92,1437.78,1401.59,1412.14,3609545.0,5791426192.0,1256197800.0,0.002873389047489177,0.000644619749810893,0.0006448275617723098
2021-08-30,1420.08,1427.16,1367.83,1403.27,5158770.0,8098190333.0,1256197800.0,0.0041066542227665105,-0.006301056931211413,-0.006281246901865378
2021-08-31,1406.63,1430.12,1375.93,1378.5,4367709.0,6888080927.0,1256197800.0,0.0034769277577145893,-0.01780927588471748,-0.017651627983210627
2021-09-01,1379.38,1446.61,1354.69,1435.13,7731610.0,12370243405.0,1256197800.0,0.006154771167406916,0.04025948596112716,0.04108088501994933
2021-09-02,1444.85,1453.7,1416.44,1432.29,4283679.0,6939707277.0,1256197800.0,0.0034100354259496393,-0.0019808754410926,-0.0019789148021435166
2021-09-03,1424.52,1468.56,1399.73,1467.17,5283518.0,8631165696.0,1256197800.0,0.004205960239701104,0.024060813199128006,0.02435261015576473
2021-09-06,1459.01,1511.35,1438.79,1478.18,5533806.0,9306030671.0,1256197800.0,0.004405202747529091,0.007476226107360873,0.007504242862108601
2021-09-07,1469.65,1490.4,1460.78,1476.71,3121122.0,5204051657.0,1256197800.0,0.002484578463678252,-0.000994960977410031,-0.0009944661678550348
2021-09-08,1468.74,1478.64,1440.5,1444.94,3306367.0,5428265636.0,1256197800.0,0.00263204329763991,-0.021748842119864165,-0.02151404134867374
2021-09-09,1438.66,1455.47,1436.9,1445.81,1995013.0,3257785762.0,1256197800.0,0.0015881360403592491,0.0006019199351499083,0.0006021011253061204
2021-09-10,1445.81,1476.53,1444.85,1471.03,3338811.0,5528034093.0,1256197800.0,0.002657870440467258,0.017293117554824988,0.017443509174787764
2021-09-13,1473.17,1489.98,1451.14,1463.43,2772002.0,4605031711.0,1256197800.0,0.0022066604479008003,-0.005179840238270117,-0.0051664479990209955
2021-09-14,1467.86,1489.09,1462.55,1466.09,3376061.0,5638962654.0,1256197800.0,0.0026875234139082235,0.0018159976590172988,0.0018176475813669324
2021-09-15,1459.9,1468.74,1424.5,1429.58,4157005.0,6781755393.0,1256197800.0,0.0033091962109788762,-0.025218298283716578,-0.024902973214468438
2021-09-16,1418.31,1454.59,1402.38,1449.34,4596802.0,7458455126.0,1256197800.0,0.003659297922667911,0.013727585558312327,0.013822241497502663
2021-09-17,1433.35,1509.09,1433.35,1491.75,5513025.0,9242101552.0,1256197800.0,0.004388659970587435,0.02884164702377312,0.029261594932866064
2021-09-22,1467.71,1493.52,1446.62,1449.0,3174300.0,5227723003.0,1256197800.0,0.002526910968957277,-0.02907626408150943,-0.02865761689291102
2021-09-23,1449.28,1465.1,1437.85,1446.62,3034181.0,4964210091.0,1256197800.0,0.0024153688216935264,-0.001643862479160596,-0.001642512077294711
2021-09-24,1440.43,1521.81,1440.43,1498.83,6953660.0,11756596091.0,1256197800.0,0.005535481752953237,0.03545500289050274,0.036091025977796454
2021-09-27,1548.37,1648.71,1548.37,1641.28,12686892.0,23270689702.0,1256197800.0,0.010099438161728988,0.09079162146887931,0.09504079848948854
2021-09-28,1635.08,1645.7,1588.19,1612.13,4922105.0,8973408813.0,1256197800.0,0.003918256344661645,-0.01792013922468616,-0.017760528368102824
2021-09-29,1600.58,1632.44,1580.14,1610.31,4329065.0,7870151768.0,1256197800.0,0.0034461650864218993,-0.0011295789485723517,-0.0011289412144183109
2021-09-30,1608.7,1637.05,1595.62,1619.16,4053929.0,7411735790.0,1256197800.0,0.003227142254189587,0.00548078920305084,0.005495836205451132
2021-10-08,1612.45,1661.63,1599.01,1627.65,4745196.0,8780381118.0,1256197800.0,0.0037774274083269372,0.005229760503630665,0.005243459571629749
2021-10-11,1627.57,1672.16,1620.05,1652.0,3767557.0,7040475327.0,1256197800.0,0.0029991749706933094,0.014849418346596366,0.014960218720240892
2021-10-12,1651.01,1660.74,1630.15,1655.42,3060642.0,5688160837.0,1256197800.0,0.002436433179551819,0.002068077969492599,0.0020702179176756985
2021-10-13,1654.55,1725.29,1647.47,1707.55,5014261.0,9625769127.0,1256197800.0,0.003991617402928106,0.03100484154266958,0.03149049787969216
2021-10-14,1706.69,1718.08,1677.55,1690.82,2662255.0,5097602232.0,1256197800.0,0.002119296021693399,-0.0098459762502765,-0.009797663318790062
2021-10-15,1672.33,1707.63,1672.33,1696.11,2856078.0,5452953879.0,1256197800.0,0.002273589398102751,0.0031237753963848647,0.0031286594670041357
2021-10-18,1670.47,1670.47,1581.11,1592.61,6965202.0,12651498607.0,1256197800.0,0.005544669796428556,-0.06296321389499937,-0.06102198560234895
2021-10-19,1592.61,1626.94,1592.51,1603.39,4031456.0,7330114082.0,1256197800.0,0.003209252555608679,0.00674595799829536,0.0067687632251463015
2021-10-20,1621.81,1636.68,1597.93,1628.89,2866339.0,5246404615.0,1256197800.0,0.002281757697712892,0.015778663389941272,0.015903803815665585
2021-10-21,1628.98,1645.7,1618.27,1631.54,2301870.0,4238584294.0,1256197800.0,0.0018324104691156123,0.001625552815753828,0.0016268747429231123
2021-10-22,1641.28,1699.68,1640.39,1681.98,3596260.0,6794850056.0,1256197800.0,0.002862813483672715,0.03044731680759405,0.030915576694411362
2021-10-25,1663.4,1667.83,1643.93,1657.23,3246133.0,6076219948.0,1256197800.0,0.002584093842546134,-0.014824136992345416,-0.014714800413798024
2021-10-26,1649.27,1662.5,1631.54,1646.63,2113026.0,3934223714.0,1256197800.0,0.001682080640485121,-0.006416758803970524,-0.006396215371432978
2021-10-27,1638.89,1644.2,1592.7,1609.42,3464729.0,6302270905.0,1256197800.0,0.0027581078393864407,-0.022856909433219386,-0.022597669178868407
2021-10-28,1614.91,1631.35,1594.38,1615.17,2949093.0,5383196101.0,1256197800.0,0.002347634265877555,0.0035663486486310347,0.003572715636688928
2021-10-29,1614.73,1635.08,1604.12,1615.69,2877586.0,5266898950.0,1256197800.0,0.0022907109055596182,0.0003218957209467632,0.00032194753493430817
2021-11-01,1574.92,1615.88,1557.22,1595.27,4168998.0,7486936394.0,1256197800.0,0.0033187432743473997,-0.01271910910608387,-0.012638563090692001
2021-11-02,1589.69,1631.74,1582.0,1596.72,3250024.0,5875341369.0,1256197800.0,0.0025871912846846252,0.0009085242120043802,0.0009089370451396128
2021-11-03,1592.61,1601.44,1558.27,1561.65,2782931.0,4958314535.0,1256197800.0,0.002215360510900433,-0.02220857051286984,-0.021963775740267533
2021-11-04,1573.09,1606.77,1565.56,1596.33,3113043.0,5592211731.0,1256197800.0,0.00247814715166672,0.021964289964842898,0.02220728076073364
2021-11-05,1596.34,1632.42,1596.34,1610.26,2707723.0,4956331383.0,1256197800.0,0.002155490958509878,0.008688412069806972,0.008726265872344818
2021-11-08,1610.31,1619.86,1594.43,1610.4,1770572.0,3220439334.0,1256197800.0,0.0014094691138608903,8.693870205966903e-05,8.694248133855886e-05
2021-11-09,1610.29,1617.27,1576.69,1583.77,2735192.0,4915170028.0,1256197800.0,0.002177357737770278,-0.016674514514246397,-0.016536264282166035
2021-11-10,1583.77,1588.19,1535.1,1551.9,3534877.0,6204803250.0,1256197800.0,0.002813949363706894,-0.020328094133756025,-0.020122871376525575
2021-11-11,1550.97,1565.72,1540.85,1565.72,2265187.0,3987243285.0,1256197800.0,0.0018032088577133315,0.008865795397491105,0.008905212964752884
2021-11-12,1573.15,1579.39,1563.11,1569.41,1760663.0,3124400972.0,1256197800.0,0.0014015810248991043,0.0023539704598602995,0.002356743223564939
2021-11-15,1569.33,1578.46,1548.37,1558.23,2494735.0,4410975373.0,1256197800.0,0.0019859412267717712,-0.007149190839296438,-0.007123696166075222
2021-11-16,1564.3,1608.54,1561.65,1599.69,3352624.0,6033536262.0,1256197800.0,0.0026688663202562527,0.026259298760282768,0.026607111915442516
2021-11-17,1597.04,1610.75,1583.77,1588.19,2450546.0,4411450908.0,1256197800.0,0.0019507644417145135,-0.007214857450845713,-0.007188892847989292
2021-11-18,1576.0,1598.81,1566.07,1585.53,1952089.0,3485674964.0,1256197800.0,0.001553966262319517,-0.001676266729802478,-0.0016748625794144045
2021-11-19,1587.47,1635.97,1582.17,1617.75,3115559.0,5699883800.0,1256197800.0,0.002480150020960075,0.020117558662106738,0.020321280581256707
2021-11-22,1635.97,1689.05,1635.08,1640.63,4257268.0,7994018410.0,1256197800.0,0.0033890108707402607,0.01404401945701661,0.014143099984546437
2021-11-23,1638.62,1696.13,1638.62,1677.93,4578220.0,8676297616.0,1256197800.0,0.003644505666225494,0.022480576433646426,0.022735168807104467
2021-11-24,1681.09,1739.49,1678.44,1717.37,5451235.0,10555736753.0,1256197800.0,0.004339471857059454,0.023233159991790764,0.02350515218155702
2021-11-25,1727.99,1757.36,1722.01,1730.67,3975288.0,7803035266.0,1256197800.0,0.0031645398519245934,0.007714565934193729,0.007744399867239071
2021-11-26,1738.45,1740.37,1703.21,1717.38,3265557.0,6337346211.0,1256197800.0,0.0025995563755962636,-0.007708743094103632,-0.007679106935464253
2021-11-29,1734.18,1760.72,1726.29,1756.3,4239934.0,8372476083.0,1256197800.0,0.0033752120884147385,0.022409449767770262,0.022662427651422457
2021-11-30,1756.65,1760.63,1705.42,1708.32,3692487.0,7192172533.0,1256197800.0,0.0029394152736137574,-0.02769889199769704,-0.027318795194442913
2021-12-01,1725.33,1734.13,1697.92,1710.28,2625440.0,5071457098.0,1256197800.0,0.002089989331297985,0.001146668352400404,0.0011473260279104558
2021-12-02,1716.48,1718.39,1698.43,1711.17,2042182.0,3939731543.0,1256197800.0,0.0016256850632917841,0.0005202472753209619,0.0005203826274060575
2021-12-03,1709.4,1759.5,1708.56,1744.69,3581839.0,7045848180.0,1256197800.0,0.0028513336036729247,0.019399542367307454,0.019588936224922193
2021-12-06,1754.53,1760.72,1725.33,1740.64,3106388.0,6122543819.0,1256197800.0,0.0024728494190962604,-0.00232402775224827,-0.002321329290590257
2021-12-07,1752.53,1758.84,1722.44,1730.52,3697989.0,7286659622.0,1256197800.0,0.0029437951571002594,-0.005830920310793353,-0.005813953488372214
2021-12-08,1738.5,1809.39,1725.33,1807.62,6104807.0,12285101988.0,1256197800.0,0.004859749794180503,0.0435891215087123,0.044553082310519354
2021-12-09,1818.18,1873.02,1809.39,1846.15,6423918.0,13404724467.0,1256197800.0,0.005113779056132721,0.021091326662350696,0.021315320697934403
2021-12-10,1822.66,1854.31,1819.12,1849.2,4314822.0,8944582265.0,1256197800.0,0.0034348269038522437,0.001650723581027691,0.0016520867751808055
2021-12-13,1905.83,1928.83,1873.97,1874.15,6580656.0,14139012290.0,1256197800.0,0.005238550807842523,0.013402110170486203,0.013492321003677255
2021-12-14,1874.15,1918.13,1858.05,1902.29,4044941.0,8673733691.0,1256197800.0,0.0032199873300207977,0.01490320028131542,0.015014806712376316
2021-12-15,1895.34,1915.52,1880.19,1889.02,3007827.0,6444715086.0,1256197800.0,0.0023943896415039097,-0.007000247507916946,-0.00697580284814614
2021-12-16,1871.32,1897.02,1845.87,1874.85,3721136.0,7865499278.0,1256197800.0,0.002962221395388529,-0.007529519853614275,-0.0075012440312967055
2021-12-17,1858.49,1865.13,1801.42,1814.43,4840318.0,9988869785.0,1256197800.0,0.0038531495597269793,-0.03275728741606532,-0.03222657812625007
2021-12-20,1814.43,1845.36,1805.85,1821.74,3225769.0,6654596508.0,1256197800.0,0.0025678830196964202,0.004020719519658655,0.0040288134565675815
2021-12-21,1809.39,1830.74,1780.92,1803.37,2628589.0,5354186590.0,1256197800.0,0.002092496102126592,-0.010134951625032862,-0.010083766069801436
2021-12-22,1804.96,1825.31,1804.96,1812.04,1743079.0,3570928372.0,1256197800.0,0.0013875832293290117,0.004796145731560841,0.00480766564820323
2021-12-23,1816.46,1875.74,1791.69,1875.74,3909854.0,8126298013.0,1256197800.0,0.0031124509213437566,0.03454996579631242,0.0351537493653562
2021-12-24,1901.3,1961.53,1901.3,1941.3,5612959.0,12295953400.0,1256197800.0,0.004468212728918965,0.03435460352055575,0.03495153912589166
2021-12-27,1918.21,1918.21,1868.67,1886.2,3755590.0,8020677686.0,1256197800.0,0.002989648604702221,-0.02879362862154533,-0.028383042291248106
2021-12-28,1887.25,1907.15,1872.74,1891.83,2765070.0,5901940633.0,1256197800.0,0.0022011422086553566,0.0029803914566484124,0.002984837238892979
2021-12-29,1902.29,1906.05,1805.85,1805.85,5404902.0,11195625154.0,1256197800.0,0.004302588334416761,-0.04651321951728793,-0.04544805822933351
2021-12-30,1805.85,1848.3,1794.34,1835.93,3526136.0,7272866657.0,1256197800.0,0.00280699106462374,0.016519770042806137,0.016656975939308483
2021-12-31,1831.5,1834.14,1794.34,1813.81,2966491.0,6061415344.0,1256197800.0,0.0023614839955936875,-0.012121559806660187,-0.012048389644485402
2022-01-04,1818.23,1830.58,1781.96,1814.9,3384262.0,6913653122.0,1256197800.0,0.002694051844383106,0.0006007644770633647,0.0006009449721857685
2022-01-05,1809.39,1827.08,1785.5,1790.8,2839551.0,5774992117.0,1256197800.0,0.0022604330305307013,-0.013367922395544518,-0.013278968538211533
2022-01-06,1789.04,1801.42,1715.16,1753.84,5179475.0,10226933847.0,1256197800.0,0.004123136499681818,-0.020854777663900315,-0.02063882063882061
2022-01-07,1747.45,1759.73,1715.88,1718.25,2981669.0,5831695311.0,1256197800.0,0.002373566487698036,-0.020501338701195415,-0.02029261506180724
2022-01-10,1705.87,1749.22,1696.62,1739.49,2962670.0,5792738145.0,1256197800.0,0.0023584422771636758,0.012285635795373118,0.012361414229594025
2022-01-11,1723.56,1738.6,1708.67,1716.97,2227664.0,4332180604.0,1256197800.0,0.0017733385618092948,-0.013030857387724026,-0.012946323347647892
2022-01-12,1723.56,1750.81,1723.56,1740.37,2747410.0,5384359628.0,1256197800.0,0.0021870839130589148,0.013536624871909986,0.013628659790211772
2022-01-13,1738.44,1741.25,1650.62,1661.09,5674735.0,10781720544.0,1256197800.0,0.00451738969770525,-0.04662372090952083,-0.04555353172026633
2022-01-14,1661.09,1674.9,1648.35,1651.89,2932164.0,5506186026.0,1256197800.0,0.0023341578850082367,-0.005553926464188841,-0.005538531927830381
2022-01-17,1652.78,1661.89,1623.88,1647.12,2735382.0,5074077665.0,1256197800.0,0.0021775089878361513,-0.002891778639074971,-0.002887601474674595
2022-01-18,1647.19,1688.92,1638.62,1674.25,3121577.0,5906705861.0,1256197800.0,0.00248494066778337,0.01633699552167034,0.0164711739278256
2022-01-19,1697.9,1697.9,1671.25,1691.71,2637094.0,5026993463.0,1256197800.0,0.0020992665327068715,0.010374547887187724,0.010428550097058453
2022-01-20,1695.25,1751.87,1695.25,1742.6,3401391.0,6665294954.0,1256197800.0,0.0027076874358480806,0.029638399119839676,0.030081988047596653
2022-01-21,1734.18,1763.81,1726.22,1756.29,3081258.0,6091427695.0,1256197800.0,0.002452844607752059,0.007825378826216145,0.007856077126133343
2022-01-24,1729.75,1755.41,1708.91,1725.51,2398580.0,4685441775.0,1256197800.0,0.0019093967526451646,-0.017680970680521213,-0.017525579488581022
2022-01-25,1719.14,1739.49,1708.52,1719.14,2551012.0,4971078498.0,1256197800.0,0.002030740700230489,-0.0036984931770653873,-0.003691662175240862
2022-01-26,1718.29,1742.14,1697.9,1729.75,2390513.0,4655706528.0,1256197800.0,0.0019029749932693721,0.006152723613104705,0.006171690496410864
2022-01-27,1770.46,1779.14,1727.1,1738.6,4266516.0,8450329058.0,1256197800.0,0.0033963727686834033,0.005103302266043386,0.005116346292816765
2022-01-28,1729.75,1741.26,1663.4,1669.59,4102011.0,7889492895.0,1256197800.0,0.0032654180734912924,-0.04050210435846324,-0.039692856321177916
2022-02-07,1681.97,1693.09,1636.85,1652.74,3515042.0,6601799703.0,1256197800.0,0.0027981596528826908,-0.010143570612975772,-0.010092298109116604
2022-02-08,1653.56,1657.09,1583.77,1627.12,4171306.0,7585130459.0,1256197800.0,0.003320580564621272,-0.015622935796285375,-0.015501530791292129
2022-02-09,1627.2,1688.17,1616.48,1677.53,3388479.0,6346699784.0,1256197800.0,0.0026974087997925166,0.03051089256427364,0.030981120015733277
2022-02-10,1681.09,1686.31,1643.39,1657.2,2303183.0,4315456868.0,1256197800.0,0.0018334556866760952,-0.012193042238267005,-0.012119008303875245
2022-02-11,1643.05,1681.79,1628.89,1636.83,3374649.0,6296909575.0,1256197800.0,0.002686399387102891,-0.012367986728100355,-0.012291817523533699
2022-02-14,1628.0,1660.74,1625.62,1653.37,2019587.0,3762313349.0,1256197800.0,0.0016076982462475257,0.010054184749156647,0.010104897881881403
2022-02-15,1653.49,1690.82,1644.82,1672.79,2710586.0,5131842112.0,1256197800.0,0.0021577700581866966,0.011677261871295919,0.011745707252460269
2022-02-16,1681.09,1687.29,1670.47,1674.5,1458685.0,2769034316.0,1256197800.0,0.0011611905386237741,0.0010217221386605857,0.0010222442745353444
2022-02-17,1681.63,1691.25,1664.28,1669.58,1821366.0,3450265032.0,1256197800.0,0.001449903828839694,-0.0029425154601216974,-0.002938190504628291
2022-02-18,1661.3,1688.15,1650.71,1687.29,1938549.0,3670339742.0,1256197800.0,0.0015431877049935925,0.010551593784250635,0.0106074581631308
2022-02-21,1681.09,1687.2,1653.62,1660.73,2081573.0,3920377358.0,1256197800.0,0.0016570423861592498,-0.01586642683732098,-0.015741218166408832
2022-02-22,1645.71,1646.58,1592.63,1599.58,5229881.0,9473992638.0,1256197800.0,0.004163262346105048,-0.037516169952350076,-0.03682115696109545
2022-02-23,1602.71,1622.7,1592.68,1616.51,2811161.0,5118197820.0,1256197800.0,0.0022378330864773048,0.010528409582399867,0.01058402830743077
2022-02-24,1599.69,1604.99,1546.69,1560.86,6535925.0,11578557075.0,1256197800.0,0.005202942562071037,-0.03503255295637864,-0.03442601654180921
2022-02-25,1570.49,1599.94,1570.49,1591.78,3897913.0,6999524161.0,1256197800.0,0.0031029452527301035,0.019615935505566284,0.019809592147918442
2022-02-28,1581.16,1589.96,1563.42,1584.12,2892303.0,5158148387.0,1256197800.0,0.002302426417240979,-0.004823838819635995,-0.004812222794607357
2022-03-01,1594.38,1648.86,1594.38,1644.36,4737930.0,8721229267.0,1256197800.0,0.0037716432873867475,0.037322202665441395,0.038027422164987446
2022-03-02,1628.0,1637.73,1614.73,1632.32,2007448.0,3690612341.0,1256197800.0,0.001598034959144173,-0.007348935011548541,-0.007321997616093756
2022-03-03,1633.14,1637.07,1587.3,1592.61,3154693.0,5703580558.0,1256197800.0,0.0025113027582121224,-0.024628135890367275,-0.024327337776906544
2022-03-04,1567.84,1586.32,1552.89,1575.36,3104703.0,5509157654.0,1256197800.0,0.002471508069827857,-0.0108903622743588,-0.010831276960461156
2022-03-07,1557.4,1564.3,1507.5,1510.33,4915581.0,8487507372.0,1256197800.0,0.00391306289503134,-0.042155647591560985,-0.041279453585212234
2022-03-08,1557.2,1580.81,1532.45,1551.21,5721546.0,10087484369.0,1256197800.0,0.004554653733671561,0.02670710155135847,0.02706693239225877
2022-03-09,1560.85,1597.04,1522.81,1574.19,5643442.0,10018590069.0,1256197800.0,0.004492478811855904,0.014705582725558664,0.014814241785444882
2022-03-10,1599.69,1611.19,1584.65,1587.68,3646178.0,6587438866.0,1256197800.0,0.002902550856242544,0.00853297691073962,0.008569486529580228
2022-03-11,1562.53,1572.26,1520.13,1565.19,4772677.0,8335618341.0,1256197800.0,0.0037993037402230764,-0.014266608809960779,-0.014165322986999906
2022-03-14,1530.68,1548.37,1504.13,1504.13,4900661.0,8416841920.0,1256197800.0,0.003901185784595388,-0.03979256441136325,-0.03901123825222497
2022-03-15,1459.9,1490.86,1418.31,1418.31,8905587.0,14567142622.0,1256197800.0,0.0070893190546902725,-0.058748635974407826,-0.05705623849002428
2022-03-16,1445.74,1489.89,1409.46,1481.97,7759281.0,12753010156.0,1256197800.0,0.006176798749368929,0.04390626176596246,0.04488440467880794
2022-03-17,1521.83,1552.8,1514.45,1521.96,6835196.0,11843531813.0,1256197800.0,0.005441178132934161,0.026626694131176798,0.026984351909957738
2022-03-18,1520.06,1543.95,1497.3,1511.03,3834868.0,6564085394.0,1256197800.0,0.00305275809271438,-0.007207440390636144,-0.007181529080921956
2022-03-21,1525.37,1526.83,1499.72,1507.94,2787716.0,4763083283.0,1256197800.0,0.0022191696244015075,-0.00204705649876491,-0.002044962707557052
2022-03-22,1525.26,1525.26,1492.04,1499.71,2105404.0,3578291198.0,1256197800.0,0.0016760131246846635,-0.005472724912267246,-0.005457776834622119
2022-03-23,1508.56,1566.07,1501.48,1550.31,5806739.0,10096341448.0,1256197800.0,0.0046224718750502505,0.03318315485028833,0.03373985637223198
2022-03-24,1537.76,1539.53,1519.49,1522.65,2581532.0,4457504430.0,1256197800.0,0.0020550362371276245,-0.018002673017408988,-0.01784159297172816
2022-03-25,1514.75,1534.22,1490.86,1495.29,2970866.0,5054831352.0,1256197800.0,0.002364966727373667,-0.01813206995232708,-0.017968673037139227
2022-03-28,1437.78,1472.99,1419.2,1469.45,5754164.0,9392008017.0,1256197800.0,0.0045806193897171285,-0.01743198684475189,-0.017280928783045324
2022-03-29,1470.07,1496.61,1470.07,1474.94,2593498.0,4343365464.0,1256197800.0,0.0020645618070657345,0.003729129878976778,0.003736091735002889
2022-03-30,1502.36,1530.77,1499.71,1530.77,4243343.0,7276379091.0,1256197800.0,0.003377925833017698,0.03715356578303641,0.037852387215751016
2022-03-31,1521.83,1538.29,1511.92,1520.95,2517386.0,4338022922.0,1256197800.0,0.0020039726227828133,-0.006435737154319554,-0.006415072153230006
2022-04-01,1530.62,1586.42,1523.33,1574.93,4486191.0,7936957252.0,1256197800.0,0.003571245706687275,0.03487568721844081,0.03549097603471507
2022-04-06,1551.03,1582.64,1551.03,1561.65,2781977.0,4910792426.0,1256197800.0,0.002214601076359153,-0.008467872238733243,-0.008432120792670084
2022-04-07,1555.45,1579.34,1548.46,1561.65,2019571.0,3568182341.0,1256197800.0,0.0016076855093998732,0.0,0.0
2022-04-08,1564.3,1582.61,1563.01,1578.46,2294132.0,4081618543.0,1256197800.0,0.001826250611169674,0.010706733574952665,0.010764255755130847
2022-04-11,1566.07,1566.07,1509.47,1521.83,4386359.0,7568782591.0,1256197800.0,0.0034917741457595295,-0.03653613011853629,-0.035876740620604974
2022-04-12,1529.79,1581.97,1511.21,1576.69,4162956.0,7284546261.0,1256197800.0,0.003313933522252626,0.03541415481740806,0.0360487045202158
2022-04-13,1563.42,1588.19,1549.33,1565.18,3114766.0,5534915753.0,1256197800.0,0.002479518750948298,-0.007326879527831842,-0.007300103381133849
2022-04-14,1582.0,1624.38,1575.09,1600.58,3764986.0,6834657201.0,1256197800.0,0.0029971283184861493,0.022365230205757314,0.022617206966610848
2022-04-15,1594.56,1608.54,1588.98,1597.91,2104113.0,3800797635.0,1256197800.0,0.0016749854202897027,-0.0016695382009555004,-0.0016681452973296151
2022-04-18,1575.92,1590.84,1564.3,1584.49,1979315.0,3525102977.0,1256197800.0,0.0015756396007061944,-0.00843393636776657,-0.008398470502093414
2022-04-19,1592.61,1621.8,1570.94,1584.03,2420476.0,4359851980.0,1256197800.0,0.0019268271286576046,-0.00029035638293706256,-0.00029031423360204034
2022-04-20,1594.11,1610.31,1564.9,1589.96,2415572.0,4342043328.0,1256197800.0,0.0019229232848521148,0.003736626076161542,0.0037436159668693403
2022-04-21,1583.94,1597.92,1566.07,1574.9,2895261.0,5160788004.0,1256197800.0,0.0023047811419507343,-0.009517080484589435,-0.009471936400915704
2022-04-22,1559.88,1581.89,1557.38,1568.72,2789975.0,4955360846.0,1256197800.0,0.002220967908079444,-0.003931777989273577,-0.003924058670391806
2022-04-25,1548.37,1571.82,1505.9,1511.21,5365802.0,9352986852.0,1256197800.0,0.004271462662965976,-0.03734934576804694,-0.03666046203274009
2022-04-26,1507.08,1547.47,1504.13,1532.87,4456396.0,7692845226.0,1256197800.0,0.0035475273081993935,0.014231140809083165,0.014332885568517861
2022-04-27,1563.52,1601.46,1563.52,1588.12,5740244.0,10289893014.0,1256197800.0,0.0045695383322594575,0.0354091314703906,0.036043500101117454
2022-04-28,1586.42,1632.43,1580.67,1623.58,4401006.0,8038681950.0,1256197800.0,0.0035034339337324106,0.022082660881182825,0.02232828753494709
2022-04-29,1624.47,1635.97,1602.33,1617.72,3488527.0,6384066537.0,1256197800.0,0.002777052308163571,-0.0036158370928980332,-0.0036093078259155087
2022-05-05,1619.16,1654.55,1618.25,1625.35,3366094.0,6235017580.0,1256197800.0,0.0026795891538736972,0.004705426696313353,0.00471651460079614
2022-05-06,1605.88,1609.42,1575.8,1586.42,2859618.0,5138176680.0,1256197800.0,0.0022764074256458656,-0.02424327190030251,-0.023951764235395356
2022-05-09,1574.92,1574.92,1537.76,1550.14,3035182.0,5324616273.0,1256197800.0,0.0024161656707247857,-0.02313465587188457,-0.022869101498972477
2022-05-10,1521.83,1579.31,1508.57,1562.7,4011919.0,7018451097.0,1256197800.0,0.0031937000685720034,0.008069845004156306,0.008102493968286772
2022-05-11,1552.8,1582.42,1550.14,1564.3,3031267.0,5372950033.0,1256197800.0,0.0024130491233148154,0.0010233451484689127,0.0010238689447750193
2022-05-12,1551.03,1573.15,1548.37,1559.58,2203823.0,3888480084.0,1256197800.0,0.001754359862754098,-0.0030218853424823777,-0.003017324042702829
2022-05-13,1574.92,1590.79,1562.53,1573.36,2073052.0,3690141231.0,1256197800.0,0.0016502592187313176,0.008796905695156454,0.008835712178919986
2022-05-16,1589.96,1589.96,1541.89,1555.45,2776531.0,4881208653.0,1256197800.0,0.0022102657718394347,-0.011448567104479501,-0.01138328163929414
2022-05-17,1565.96,1570.49,1552.8,1564.3,2014474.0,3557048801.0,1256197800.0,0.001603628027369575,0.005673546751805425,0.005689671799157692
2022-05-18,1569.31,1569.54,1542.2,1558.11,2485044.0,4362486907.0,1256197800.0,0.0019782266773592503,-0.003964891291716732,-0.003957041488205637
2022-05-19,1543.95,1554.57,1538.64,1553.68,1977626.0,3459059182.0,1256197800.0,0.001574295067225878,-0.0028472377588117936,-0.002843188221627435
2022-05-20,1557.21,1593.63,1550.14,1592.62,4194960.0,7493460272.0,1256197800.0,0.00333941040176953,0.024754148308422153,0.025063076051696553
2022-05-23,1592.61,1596.05,1567.84,1575.8,2215713.0,3950856594.0,1256197800.0,0.0017638249326658588,-0.010617379014029815,-0.010561213597719443
2022-05-24,1580.23,1581.11,1553.24,1557.22,2734222.0,4824599922.0,1256197800.0,0.0021765855663813454,-0.011860899592391227,-0.011790836400558447
2022-05-25,1561.88,1567.84,1545.72,1553.25,2238869.0,3929477102.0,1256197800.0,0.001782258335430933,-0.0025526702753939645,-0.002549414983110898
2022-05-26,1558.11,1558.11,1530.68,1542.0,2805344.0,4888109192.0,1256197800.0,0.0022332024463026443,-0.007269234820528325,-0.007242877836793782
2022-05-27,1557.21,1574.92,1551.04,1552.94,2511958.0,4436904896.0,1256197800.0,0.001999651647216704,0.007069633378872453,0.007094682230869065
2022-05-30,1562.53,1584.25,1562.53,1573.51,3446569.0,6135631304.0,1256197800.0,0.002743651517300858,0.013158884241097013,0.013245843368063115
2022-05-31,1570.29,1605.8,1563.4,1596.18,4075082.0,7329201058.0,1256197800.0,0.0032439811628391644,0.014304481861990404,0.014407280538414113
2022-06-01,1594.38,1605.69,1574.03,1582.22,2176001.0,3897858999.0,1256197800.0,0.0017322120767923651,-0.008784350470855351,-0.008745880790387073
2022-06-02,1581.97,1588.9,1574.92,1580.23,1691473.0,3019718032.0,1256197800.0,0.0013465021193318442,-0.001258518087342786,-0.0012577264855708759
2022-06-06,1583.77,1588.19,1555.45,1582.0,3674126.0,6535329352.0,1256197800.0,0.0029247989448795406,0.0011194632805624494,0.001120090113464478
2022-06-07,1578.58,1614.73,1566.34,1608.45,3504859.0,6356031009.0,1256197800.0,0.002790053445404856,0.01658111300666576,0.016719342604298415
2022-06-08,1614.73,1665.17,1614.73,1650.65,4435381.0,8236953846.0,1256197800.0,0.003530798254860819,0.025898167380550063,0.026236438807547557
2022-06-09,1656.32,1670.78,1635.97,1639.51,2632902.0,4897066622.0,1256197800.0,0.0020959294786219176,-0.006771733028157811,-0.006748856511071488
2022-06-10,1632.44,1687.29,1623.58,1681.62,4734462.0,8882462598.0,1256197800.0,0.0037688825756580693,0.025360197800127438,0.025684503296716565
2022-06-13,1672.24,1674.01,1635.15,1642.16,3675518.0,6847248995.0,1256197800.0,0.0029259070506253075,-0.023745166077860702,-0.023465467822694652
2022-06-14,1622.7,1659.34,1620.93,1655.43,2941623.0,5467949348.0,1256197800.0,0.0023416877501297962,0.008048345386316491,0.008080820382910359
2022-06-15,1654.55,1685.52,1648.35,1659.06,3366362.0,6354869100.0,1256197800.0,0.0026798024960718765,0.002190383106497329,0.0021927837480291146
2022-06-16,1676.3,1687.84,1659.26,1660.74,2688670.0,5087605391.0,1256197800.0,0.0021403237611146908,0.001012109249599824,0.0010126216050052594
2022-06-17,1661.71,1727.1,1661.71,1726.22,5054161.0,9749530916.0,1256197800.0,0.004023379916761516,0.03867076071007425,0.03942820670303604
2022-06-20,1725.33,1743.03,1707.64,1718.27,3497478.0,6802792459.0,1256197800.0,0.002784177778372164,-0.004616076177692996,-0.0046054384725006114
2022-06-21,1724.45,1740.36,1705.87,1721.56,2371702.0,4617805127.0,1256197800.0,0.0018880004406949288,0.001912885813085019,0.0019147165462936044
2022-06-22,1729.75,1732.41,1709.4,1712.94,1964665.0,3813775294.0,1256197800.0,0.0015639774245743783,-0.0050196640558199945,-0.0050070865958781186
2022-06-23,1718.87,1738.64,1716.48,1731.61,2684352.0,5239860443.0,1256197800.0,0.0021368864043544737,0.010840419115941913,0.010899389353976163
2022-06-24,1743.03,1787.27,1738.6,1777.54,3963465.0,7921199792.0,1256197800.0,0.0031551281175623775,0.026178774383444292,0.026524448345759177
2022-06-27,1787.21,1813.76,1769.84,1778.9,4011517.0,8124448900.0,1256197800.0,0.0031933800552747344,0.0007648097908541374,0.0007651023324370954
2022-06-28,1787.04,1805.85,1770.45,1801.42,2524571.0,5112298787.0,1256197800.0,0.002009692263431762,0.01258004703263893,0.012659508685142429
2022-06-29,1794.34,1806.73,1779.31,1796.11,3036012.0,6142508408.0,1256197800.0,0.0024168263946967587,-0.002952027561216042,-0.0029476746122504283
2022-06-30,1788.67,1857.53,1788.66,1828.91,3898243.0,7984019438.0,1256197800.0,0.0031032079502129363,0.01809694576044585,0.018261687758544864
2022-07-01,1837.86,1849.28,1802.27,1814.65,2159645.0,4385555299.0,1256197800.0,0.0017191918342796015,-0.007827549325241101,-0.0077969938378597
2022-07-04,1806.56,1810.39,1789.57,1804.77,2507589.0,5042804258.0,1256197800.0,0.0019961736917545945,-0.005459451812689586,-0.0054445760890530215
2022-07-05,1811.28,1837.36,1797.61,1818.19,2632940.0,5345189852.0,1256197800.0,0.0020959597286350925,0.007408340902470556,0.007435850551593903
2022-07-06,1817.29,1823.55,1776.15,1790.46,3275166.0,6566374982.0,1256197800.0,0.0026072056486645652,-0.015368930667144731,-0.015251431368558888
2022-07-07,1793.14,1797.03,1775.26,1779.72,2093177.0,4179088240.0,1256197800.0,0.0016662797849192222,-0.0060165215186165355,-0.005998458496699222
2022-07-08,1793.14,1801.98,1785.23,1787.77,1564389.0,3134903462.0,1256197800.0,0.0012453365226399854,0.004512984570596679,0.004523183422111332
2022-07-11,1779.9,1783.99,1744.4,1756.11,2394921.0,4709248310.0,1256197800.0,0.0019064839947976345,-0.017867897510337016,-0.01770921315381735
2022-07-12,1757.37,1764.34,1726.12,1742.53,2344686.0,4562731381.0,1256197800.0,0.0018664942734336902,-0.00776305547290157,-0.007733000780133281
2022-07-13,1739.48,1763.63,1735.61,1751.9,1985377.0,3893406034.0,1256197800.0,0.0015804652738605337,0.0053628331125468165,0.005377238842372956
2022-07-14,1752.89,1767.92,1735.9,1746.63,2052724.0,4014985518.0,1256197800.0,0.0016340770537888222,-0.003012696181552421,-0.003008162566356498
2022-07-15,1739.58,1788.38,1739.04,1743.5,3341623.0,6588730699.0,1256197800.0,0.0026601089414421838,-0.0017936299445180381,-0.001792022351614353
2022-07-18,1746.06,1752.0,1718.91,1745.44,2422072.0,4701936868.0,1256197800.0,0.001928097629210941,0.0011120857337409973,0.001112704330370029
2022-07-19,1739.48,1745.43,1722.49,1737.78,2195603.0,4250852886.0,1256197800.0,0.0017478163072726285,-0.004398236314803405,-0.0043885782381520855
2022-07-20,1751.78,1761.84,1739.48,1744.04,1870461.0,3659970961.0,1256197800.0,0.001488986049808398,0.003595824451076979,0.003602297183763259
2022-07-21,1737.78,1749.23,1730.1,1734.11,1406137.0,2735503093.0,1256197800.0,0.0011193595467210657,-0.005709947517721581,-0.0056936767505332275
2022-07-22,1743.25,1754.68,1730.54,1741.27,2511357.0,4894378605.0,1256197800.0,0.0019991732193767576,0.0041204185614889255,0.004128919157377675
2022-07-25,1743.51,1746.01,1726.96,1739.17,1691244.0,3285451347.0,1256197800.0,0.0013463198231998177,-0.0012067441213412522,-0.0012060162984487421
2022-07-26,1746.63,1757.34,1741.29,1744.14,2068510.0,4041100077.0,1256197800.0,0.0016466435461039654,0.0028536095682527574,0.0028576849876664756
2022-07-27,1736.8,1742.16,1714.44,1716.76,2148987.0,4149807166.0,1256197800.0,0.001710707501637083,-0.015822804032624482,-0.015698281101287792
2022-07-28,1718.11,1733.22,1692.67,1697.45,3486986.0,6669448409.0,1256197800.0,0.0027758255905240403,-0.011311668525734397,-0.01124793215126163
2022-07-29,1694.85,1716.22,1679.65,1697.84,3703236.0,7028415881.0,1256197800.0,0.0029479720470772996,0.0002297300093454524,0.0002297563993047813
2022-08-01,1690.3,1706.39,1682.4,1690.56,2103741.0,3988198590.0,1256197800.0,0.0016746892885817822,-0.0042970199514345,-0.004287800970645073
2022-08-02,1681.35,1688.48,1661.68,1681.33,2822088.0,5284516568.0,1256197800.0,0.002246531557370981,-0.005474688114745163,-0.0054597293204619035
2022-08-03,1690.28,1702.81,1678.67,1685.82,2459842.0,4642442196.0,1256197800.0,0.0019581645502006135,0.0026669454353367428,0.002670504897908099
2022-08-04,1690.29,1719.89,1681.46,1713.55,3035714.0,5797110733.0,1256197800.0,0.002416589170909231,0.016315149633244097,0.016448968454520596
2022-08-05,1724.1,1730.54,1703.62,1720.66,2008584.0,3857406327.0,1256197800.0,0.0015989392753275001,0.004140696205896077,0.004149280732981264
2022-08-08,1712.78,1728.64,1705.95,1709.55,1679901.0,3220702892.0,1256197800.0,0.0013372901942671767,-0.006477760165829238,-0.006456824706798647
2022-08-09,1709.55,1716.22,1703.71,1708.18,1387461.0,2651800008.0,1256197800.0,0.0011044924612986903,-0.0008017017572345964,-0.0008013804802432523
2022-08-10,1708.16,1715.33,1667.56,1677.77,2792662.0,5259452686.0,1256197800.0,0.002223106902432085,-0.017962945518156914,-0.01780257349927994
2022-08-11,1686.71,1705.5,1679.57,1705.41,2606149.0,4940834195.0,1256197800.0,0.002074632673293967,0.016340020323280413,0.01647424855611912
2022-08-12,1705.41,1726.06,1699.23,1724.28,2025983.0,3882570566.0,1256197800.0,0.0016127898010966108,0.011004021011372878,0.011064787939556897
2022-08-15,1717.53,1734.56,1713.14,1717.02,1932314.0,3717178491.0,1256197800.0,0.0015382243146740107,-0.00421934197583429,-0.004210453058667962
2022-08-16,1720.65,1729.45,1713.54,1715.19,1483584.0,2854189586.0,1256197800.0,0.001181011461729992,-0.0010663684176748234,-0.0010658000489218722
2022-08-17,1726.06,1726.06,1694.76,1715.33,1836063.0,3508295541.0,1256197800.0,0.0014616034194614893,8.162027918690029e-05,8.162361021213371e-05
2022-08-18,1706.39,1710.93,1682.31,1695.21,2316777.0,4384060205.0,1256197800.0,0.0018442772308628467,-0.01179885496913613,-0.011729521433193502
2022-08-19,1697.45,1706.7,1688.5,1694.77,1354417.0,2572000762.0,1256197800.0,0.001078187686684374,-0.00025958855360297406,-0.0002595548634093392
2022-08-22,1685.83,1705.5,1682.58,1693.85,1542667.0,2925285473.0,1256197800.0,0.0012280446598457663,-0.0005429939164640629,-0.0005428465219470269
2022-08-23,1697.98,1697.98,1669.72,1672.41,2375636.0,4452538978.0,1256197800.0,0.0018911321131114861,-0.012738344580298211,-0.01265755527348933
2022-08-24,1672.4,1677.08,1655.41,1658.27,1872761.0,3486382969.0,1256197800.0,0.0014908169716584443,-0.008490809654775333,-0.008454864536806217
2022-08-25,1662.57,1688.5,1658.27,1685.82,2192534.0,4107597895.0,1256197800.0,0.0017453732206822842,0.016477202056026208,0.01661369981969152
2022-08-26,1699.23,1709.97,1686.71,1697.45,2314195.0,4397161135.0,1256197800.0,0.0018422218220729251,0.006875032621497468,0.006898719910785278
2022-08-29,1684.03,1699.21,1675.98,1680.29,1356962.0,2555981192.0,1256197800.0,0.0010802136415140992,-0.0101607273700699,-0.010109281569413042
2022-08-30,1683.45,1685.82,1658.27,1672.4,1823539.0,3400091358.0,1256197800.0,0.0014516336519614984,-0.004706677065560605,-0.004695618018318193
2022-08-31,1663.55,1722.09,1663.47,1720.7,4469151.0,8518225337.0,1256197800.0,0.003557680963937367,0.028471464276702108,0.028880650562066457
2022-09-01,1710.1,1713.54,1682.14,1682.14,2684508.0,5088658955.0,1256197800.0,0.0021370105886190853,-0.022664392445049586,-0.022409484512117106
2022-09-02,1690.24,1692.94,1668.98,1676.88,1939132.0,3635162804.0,1256197800.0,0.0015436518038799303,-0.0031318684017573872,-0.003126969217782105
2022-09-05,1665.82,1671.51,1627.69,1641.1,3682187.0,6764549173.0,1256197800.0,0.0029312159279374634,-0.021568175226722275,-0.021337245360431356
2022-09-06,1641.43,1652.91,1632.16,1650.05,2083004.0,3832086313.0,1256197800.0,0.0016581815379711699,0.005438841780219583,0.005453659131070543
2022-09-07,1641.13,1643.48,1619.65,1625.91,2830616.0,5151537330.0,1256197800.0,0.002253320297169761,-0.014737931443449703,-0.014629859701221104
2022-09-08,1627.69,1638.42,1623.22,1623.22,1659057.0,3026766448.0,1256197800.0,0.0013206972659878882,-0.001655828246092561,-0.0016544581188381313
2022-09-09,1632.16,1656.31,1624.11,1649.86,2708986.0,4991679523.0,1256197800.0,0.002156496373421447,0.016278605033681615,0.016411823412722848
2022-09-13,1681.35,1688.84,1661.88,1680.45,2869309.0,5387987148.0,1256197800.0,0.0022841219750583865,0.018371178862900628,0.018540967112361084
2022-09-14,1667.05,1681.35,1666.14,1671.51,1604157.0,3002693247.0,1256197800.0,0.001276993957480263,-0.0053342051802705015,-0.005320003570472243
2022-09-15,1672.4,1693.08,1672.37,1681.35,2081021.0,3917954256.0,1256197800.0,0.0016566029649152387,0.005869632642642841,0.005886892689843215
2022-09-16,1674.01,1686.36,1659.09,1662.57,2412127.0,4501527357.0,1256197800.0,0.001920180882341937,-0.011232444228449268,-0.011169595860469284
2022-09-19,1658.99,1689.03,1657.09,1673.87,1858351.0,3479680771.0,1256197800.0,0.0014793458482414154,0.006773712823628486,0.006796706304095457
2022-09-20,1672.39,1685.46,1662.16,1679.56,1411630.0,2645281859.0,1256197800.0,0.001123732265730763,0.0033935436019643106,0.003399308190002781
2022-09-21,1678.37,1684.03,1652.73,1652.73,2099454.0,3904096421.0,1256197800.0,0.0016712766094638916,-0.016103388235603866,-0.01597442187239506
2022-09-22,1645.57,1646.49,1624.87,1628.41,2270429.0,4147900996.0,1256197800.0,0.0018073817674254802,-0.014824387489488444,-0.014715047224894584
2022-09-23,1628.41,1658.99,1628.41,1640.59,2828769.0,5191904760.0,1256197800.0,0.002251849987318876,0.007451854611830733,0.007479688776168114
2022-09-26,1627.69,1688.5,1627.67,1666.14,3513492.0,6566771227.0,1256197800.0,0.0027969257707663553,0.015453640590511242,0.015573665571532391
2022-09-27,1671.39,1696.55,1655.51,1688.5,2882019.0,5422668135.0,1256197800.0,0.0022942398084123375,0.01333098701601454,0.013420240796091498
2022-09-28,1681.8,1698.7,1675.99,1684.03,2144597.0,4042506330.0,1256197800.0,0.0017072128290624294,-0.0026508304551899897,-0.0026473201066035124
2022-09-29,1697.43,1701.18,1673.42,1681.66,2158966.0,4075515187.0,1256197800.0,0.0017186513143073487,-0.0014083295798004158,-0.0014073383490792457
2022-09-30,1698.0,1701.01,1668.83,1674.64,2128908.0,4000917951.0,1256197800.0,0.0016947235538861793,-0.00418318400436668,-0.0041744466776875155
2022-10-10,1690.29,1691.19,1592.09,1597.28,4858413.0,8865386496.0,1256197800.0,0.0038675541383689734,-0.047296034198150316,-0.046195003105145016
2022-10-11,1599.96,1615.17,1574.03,1591.91,3204719.0,5712249507.0,1256197800.0,0.002551126104503606,-0.003367629445134135,-0.003361965341079798
2022-10-12,1586.24,1591.02,1527.52,1574.03,4819500.0,8372252823.0,1256197800.0,0.0038365773288251263,-0.011295343626808396,-0.01123179074193903
2022-10-13,1538.67,1551.67,1517.69,1520.36,6396927.0,10919727537.0,1256197800.0,0.005092292790195939,-0.03469206061325103,-0.034097190015438095
2022-10-14,1529.31,1569.56,1522.1,1554.0,4651970.0,8045032623.0,1256197800.0,0.0037032145733737155,0.021885103024671615,0.022126338498776654
2022-10-17,1543.62,1545.4,1518.4,1536.91,3354951.0,5740146639.0,1256197800.0,0.0026707187355367126,-0.011058344731290859,-0.010997425997425925
2022-10-18,1542.73,1547.2,1521.26,1525.58,2808277.0,4800689502.0,1256197800.0,0.0022355372696879427,-0.007399241592248806,-0.007371934596040242
2022-10-19,1522.14,1522.14,1473.86,1473.86,6012093.0,9997656284.0,1256197800.0,0.004785944538352161,-0.03448985601284171,-0.033901860276091766
2022-10-20,1449.72,1492.13,1440.77,1469.84,4277807.0,7020555512.0,1256197800.0,0.0034053610028611735,-0.002731258279732529,-0.002727531787279691
2022-10-21,1466.71,1473.68,1439.88,1452.4,3890740.0,6317945876.0,1256197800.0,0.003097235164716894,-0.011936190771297817,-0.011865237032602116
2022-10-24,1404.1,1421.1,1330.78,1342.65,13209804.0,20217576174.0,1256197800.0,0.010515703816707847,-0.07857208755512346,-0.07556458275957034
2022-10-25,1323.1,1354.92,1316.46,1323.39,8136156.0,12136909034.0,1256197800.0,0.006476811215558569,-0.01444864673004087,-0.014344765947938765
2022-10-26,1331.48,1354.91,1305.73,1309.38,8178083.0,12120993864.0,1256197800.0,0.006510187328778955,-0.010642883536053027,-0.010586448439235618
2022-10-27,1323.61,1330.75,1237.62,1252.96,10710590.0,15258551283.0,1256197800.0,0.008526197068646355,-0.04404499071633605,-0.04308909560249896
2022-10-28,1243.81,1257.43,1215.14,1216.29,9314275.0,12823821843.0,1256197800.0,0.007414656354277965,-0.029703510067876415,-0.029266696462776243
2022-10-31,1207.35,1235.98,1192.15,1207.35,7184665.0,9758303071.0,1256197800.0,0.005719373971201033,-0.007377366726898593,-0.007350220753274295
2022-11-01,1215.4,1314.13,1215.4,1307.53,11876648.0,16859775304.0,1256197800.0,0.009454441012394704,0.07971198601867258,0.08297511077980713
2022-11-02,1305.73,1346.87,1284.26,1316.42,7977715.0,11717204099.0,1256197800.0,0.006350683785626754,0.006776069677719043,0.006799079179827583
2022-11-03,1291.03,1307.96,1277.2,1287.39,4515970.0,6509550787.0,1256197800.0,0.003594951368327504,-0.0222990179094964,-0.02205223257015232
2022-11-04,1286.02,1366.34,1286.02,1356.32,8000795.0,11996968945.0,1256197800.0,0.006369056688365479,0.05215823686534726,0.053542438577276474
2022-11-07,1336.18,1358.03,1329.51,1347.86,4269835.0,6414049133.0,1256197800.0,0.0033990148685183177,-0.006257000348178998,-0.006237466084699772
2022-11-08,1348.66,1357.59,1313.74,1327.98,3932491.0,5842320995.0,1256197800.0,0.0031304711726131028,-0.01485915882990696,-0.01474930630777671
2022-11-09,1327.15,1331.56,1296.78,1305.64,3609016.0,5276777530.0,1256197800.0,0.0028729679354636667,-0.016965648686575463,-0.01682254250817028
2022-11-10,1291.42,1328.09,1283.5,1319.14,3771967.0,5518325849.0,1256197800.0,0.003002685564327529,0.010286667105242842,0.010339756747648643
2022-11-11,1366.54,1381.25,1337.01,1366.68,7394715.0,11252112275.0,1256197800.0,0.00588658489928895,0.03540443197358378,0.0360386312294374
2022-11-14,1380.4,1398.32,1366.54,1371.01,5737015.0,8858049581.0,1256197800.0,0.004566967877192588,0.0031632534074779173,0.003168261773055736
2022-11-15,1370.12,1430.01,1360.28,1420.2,5631760.0,8858377894.0,1256197800.0,0.004483179320963625,0.035250012266255126,0.03587865879898766
2022-11-16,1413.94,1429.15,1402.32,1417.74,2684776.0,4250886805.0,1256197800.0,0.0021372239308172646,-0.0017336523084621192,-0.001732150401351995
2022-11-17,1422.44,1427.63,1388.79,1401.42,3057988.0,4793001162.0,1256197800.0,0.0024343204549474614,-0.011578046162091127,-0.011511278513690715
2022-11-18,1409.47,1416.63,1391.58,1401.54,2360871.0,3703793426.0,1256197800.0,0.0018793783908871676,8.56237692108408e-05,8.562743503004455e-05
2022-11-21,1378.48,1378.48,1340.19,1359.37,3909600.0,5917086070.0,1256197800.0,0.0031122487238872732,-0.030550274937286126,-0.030088331406881053
2022-11-22,1357.1,1394.93,1355.91,1377.23,2990062.0,4582790131.0,1256197800.0,0.0023802477603447484,0.013052878446242921,0.01313843912989121
2022-11-23,1366.54,1392.48,1360.32,1385.32,2217746.0,3428793052.0,1256197800.0,0.001765443308370704,0.005856924310007727,0.005874109625843227
2022-11-24,1394.27,1403.1,1354.0,1359.38,2768738.0,4241974248.0,1256197800.0,0.002204062130979691,-0.01890244643441097,-0.01872491554297917
2022-11-25,1359.84,1370.12,1350.44,1361.19,1862104.0,2833988373.0,1256197800.0,0.001482333435068904,0.0013306037095537349,0.001331489355441473
2022-11-28,1327.89,1354.92,1297.68,1350.34,4772321.0,7040991068.0,1256197800.0,0.0037990203453628084,-0.00800290456578523,-0.007970966580712613
2022-11-29,1403.71,1430.93,1387.11,1430.04,7342013.0,11587859176.0,1256197800.0,0.005844631315227586,0.057346003315742244,0.059022172193669675
2022-11-30,1419.42,1434.51,1417.52,1430.04,3149730.0,5019450678.0,1256197800.0,0.002507351947280914,0.0,0.0
2022-12-01,1484.59,1502.48,1458.47,1458.48,5135768.0,8480772923.0,1256197800.0,0.004088343412160091,0.019692381604493825,0.019887555592850603
2022-12-02,1462.24,1478.33,1449.89,1461.23,2388390.0,3910860618.0,1256197800.0,0.0019012849727964817,0.0018837492855121596,0.0018855246558060479
2022-12-05,1491.75,1501.59,1474.76,1488.98,3612746.0,6018521304.0,1256197800.0,0.002875937213072655,0.01881277497963474,0.01899085017416824
2022-12-06,1480.12,1544.43,1477.44,1509.64,4414748.0,7477917194.0,1256197800.0,0.0035143732937599477,0.013779890028263964,0.013875270319279043
2022-12-07,1500.52,1538.25,1493.56,1506.06,3552626.0,6012253045.0,1256197800.0,0.002828078508018403,-0.0023742425849482274,-0.0023714263003100644
2022-12-08,1504.27,1515.9,1489.07,1508.76,1972956.0,3323420877.0,1256197800.0,0.001570577499817306,0.001791152189418277,0.0017927572606668551
2022-12-09,1513.21,1547.2,1504.27,1547.2,3921526.0,6716944493.0,1256197800.0,0.003121742451706252,0.025158724305939906,0.025477875871576794
2022-12-12,1534.55,1579.39,1533.78,1555.26,3475517.0,6063957619.0,1256197800.0,0.0027666956589161356,0.005195888509859969,0.005209410548086879
2022-12-13,1553.46,1574.65,1547.2,1565.08,2138546.0,3735089152.0,1256197800.0,0.0017023959124908513,0.006294206669735125,0.006314056813651714
2022-12-14,1558.82,1592.63,1558.82,1583.75,2909840.0,5141262368.0,1256197800.0,0.0023163867983210925,0.011858511756724255,0.011929102665678482
2022-12-15,1614.27,1624.11,1591.91,1598.17,3063444.0,5497063390.0,1256197800.0,0.0024386637199969624,0.009063772011326243,0.009104972375690634
2022-12-16,1585.88,1601.75,1558.82,1598.06,3330266.0,5901587128.0,1256197800.0,0.002651068167767847,-6.883109165656265e-05,-6.88287228518547e-05
2022-12-19,1608.73,1608.73,1574.18,1585.65,2498710.0,4447236356.0,1256197800.0,0.001989105537360438,-0.007795975672236999,-0.0077656658698671555
2022-12-20,1578.79,1578.79,1504.67,1533.78,4619840.0,7944120661.0,1256197800.0,0.003677637391181548,-0.033259141146752214,-0.03271213697852626
2022-12-21,1541.83,1555.25,1536.15,1555.25,2281614.0,3948926227.0,1256197800.0,0.001816285619987553,0.013901027659099618,0.013998096206757182
2022-12-22,1571.08,1594.6,1560.61,1581.18,2317534.0,4093861570.0,1256197800.0,0.0018448798429674053,0.01653509932610664,0.01667256068156253
2022-12-23,1567.23,1593.7,1560.61,1583.87,1731921.0,3063608409.0,1256197800.0,0.0013787008701973526,0.0016998155780800772,0.001701261083494554
2022-12-26,1583.87,1583.87,1551.69,1557.98,2138380.0,3749121030.0,1256197800.0,0.0017022637676964566,-0.016481108921492016,-0.01634603850063443
2022-12-27,1574.15,1582.44,1562.83,1569.62,1790505.0,3109270166.0,1256197800.0,0.001425336837876965,0.007443441451992605,0.007471212724168286
2022-12-28,1581.29,1582.3,1546.99,1569.62,2143790.0,3699948995.0,1256197800.0,0.0017065704143089569,0.0,0.0
2022-12-29,1555.13,1564.18,1540.68,1556.94,2241780.0,3844499655.0,1256197800.0,0.0017845756456507087,-0.008111195383807335,-0.008078388399739955
2022-12-30,1572.34,1587.73,1564.19,1564.19,2533312.0,4409544297.0,1256197800.0,0.002016650562514916,0.00464576165669861,0.0046565699384690795
2023-01-03,1567.99,1574.54,1545.18,1566.91,2603380.0,4487760231.0,1256197800.0,0.002072428402597107,0.001737409015498237,0.0017389191850094576
2023-01-04,1566.91,1574.78,1554.22,1562.39,2041575.0,3523582306.0,1256197800.0,0.0016252018591339677,-0.002888826985845583,-0.0028846583403002724
2023-01-05,1573.25,1631.21,1569.62,1631.21,4794285.0,8541587089.0,1256197800.0,0.0038165048529777714,0.043105370565199586,0.04404790097222833
2023-01-06,1635.85,1641.08,1618.53,1633.72,2490375.0,4480838898.0,1256197800.0,0.001982470435786466,0.0015375524096894466,0.0015387350494417973
2023-01-09,1662.01,1675.57,1637.39,1667.62,3097723.0,5684181147.0,1256197800.0,0.0024659516200394556,0.02053783711123458,0.020750189750997627
2023-01-10,1665.68,1688.73,1657.93,1679.62,2273173.0,4204783734.0,1256197800.0,0.0018095661367978832,0.0071701171177060985,0.007195883954378202
2023-01-11,1681.03,1684.65,1663.67,1671.02,2272031.0,4201487773.0,1256197800.0,0.0018086570442966863,-0.005133358931513676,-0.005120205760826835
2023-01-12,1673.78,1681.03,1660.19,1661.1,1719317.0,3162637136.0,1256197800.0,0.0013686674184590995,-0.005954184907645654,-0.005936493877990778
2023-01-13,1670.32,1710.01,1666.53,1709.1,3193965.0,5969876222.0,1256197800.0,0.0025425653507751725,0.028486882657428936,0.028896514357955594
2023-01-16,1708.2,1752.58,1703.67,1732.56,3684826.0,7059982640.0,1256197800.0,0.002933316711747147,0.013633167344555552,0.01372652273126218
2023-01-17,1732.8,1741.71,1716.35,1728.12,2129923.0,4068321409.0,1256197800.0,0.0016955315476591345,-0.002565971101724074,-0.002562681811885348
2023-01-18,1733.56,1743.79,1711.82,1714.54,2106293.0,4008665438.0,1256197800.0,0.0016767208157823553,-0.00788928934943467,-0.00785825058445011
2023-01-19,1714.09,1714.1,1690.08,1702.95,2343889.0,4401994437.0,1256197800.0,0.0018658598192100003,-0.006782781769204327,-0.006759830625123864
2023-01-20,1711.09,1719.29,1682.84,1684.66,2560875.0,4807356071.0,1256197800.0,0.002038592170755274,-0.010798278268027595,-0.010740186147567443
2023-01-30,1729.03,1729.03,1702.76,1710.01,3592255.0,6799756571.0,1256197800.0,0.0028596252914946992,0.014935455422198096,0.015047546685978075
2023-01-31,1717.71,1720.83,1660.26,1671.75,3299068.0,6128311548.0,1256197800.0,0.002626232906951437,-0.022628236498735355,-0.022374138162934765
2023-02-01,1680.1,1683.74,1640.63,1671.04,3397389.0,6244678925.0,1256197800.0,0.0027045016318290004,-0.0004247948633784304,-0.00042470465081501096
2023-02-02,1674.12,1683.74,1653.85,1663.01,2975886.0,5465509510.0,1256197800.0,0.0023689629133246373,-0.00481697366675693,-0.004805390654921471
2023-02-03,1648.42,1653.85,1626.39,1646.61,3494490.0,6324635031.0,1256197800.0,0.0027817991720730604,-0.009910584437698766,-0.009861636430328224
2023-02-06,1612.19,1625.78,1594.08,1625.78,4266095.0,7595739044.0,1256197800.0,0.003396037630379547,-0.01273092836556522,-0.01265023290275169
2023-02-07,1637.62,1638.28,1619.19,1627.59,2432171.0,4373671735.0,1256197800.0,0.0019361369682386006,0.0011126924922431058,0.0011133117641992651
2023-02-08,1630.31,1635.71,1607.66,1615.81,1667577.0,2980574806.0,1256197800.0,0.001327479637362842,-0.007264014181711076,-0.007237694996897193
2023-02-09,1610.38,1657.25,1607.67,1646.61,2975366.0,5401399088.0,1256197800.0,0.0023685489657759313,0.01888225005503319,0.019061647099597012
2023-02-10,1639.45,1647.05,1631.26,1639.36,1798451.0,3253859317.0,1256197800.0,0.0014316622748423854,-0.004412707215416312,-0.004402985527842018
2023-02-13,1639.36,1697.78,1639.36,1681.34,3814670.0,7058382498.0,1256197800.0,0.003036679414659061,0.02528517276506026,0.025607554167480062
2023-02-14,1681.44,1682.29,1662.01,1669.97,1956576.0,3601769574.0,1256197800.0,0.0015575381520330637,-0.006785432338308972,-0.006762463273341401
2023-02-15,1669.96,1680.39,1662.74,1667.44,1817691.0,3351422211.0,1256197800.0,0.0014469783341445113,-0.001516146044172828,-0.001514997275400165
2023-02-16,1667.75,1709.1,1655.67,1686.3,3324595.0,6196915130.0,1256197800.0,0.0026465537513280153,0.011247263542723651,0.01131075181115948
2023-02-17,1675.74,1696.42,1648.47,1649.13,2644283.0,4880328952.0,1256197800.0,0.0021049893575677335,-0.022288903565932827,-0.022042341220423367
2023-02-20,1649.33,1701.68,1645.88,1698.24,2966869.0,5488800056.0,1256197800.0,0.002361784903619478,0.02934454452932389,0.02977933819650347
2023-02-21,1697.33,1697.33,1676.5,1690.99,1875052.0,3491633510.0,1256197800.0,0.0014926407290316859,-0.004278264418991817,-0.004269125683060149
2023-02-22,1680.13,1688.18,1659.11,1662.91,2186916.0,4031016045.0,1256197800.0,0.0017409009950503018,-0.01674507655403623,-0.016605657041141586
2023-02-23,1666.53,1674.51,1635.06,1646.61,2188097.0,3983991208.0,1256197800.0,0.0017418411336176517,-0.009850450700248814,-0.00980209391969511
2023-02-24,1639.46,1639.54,1614.17,1619.44,2463461.0,4415621498.0,1256197800.0,0.001961045465929012,-0.01663821851293168,-0.01650056783330589
2023-02-27,1610.83,1643.89,1607.68,1639.73,2206489.0,3978128676.0,1256197800.0,0.0017564821399941952,0.012451183664892618,0.012529022378106047
2023-02-28,1647.51,1650.24,1615.18,1642.75,2395181.0,4314877096.0,1256197800.0,0.0019066909685719875,0.001840072659763159,0.0018417666323113924
2023-03-01,1642.08,1673.78,1633.23,1665.2,2445810.0,4475592195.0,1256197800.0,0.0019469943348093747,0.013573569542843167,0.013666108659260434
2023-03-02,1656.57,1665.62,1649.42,1655.67,1314419.0,2405292304.0,1256197800.0,0.001046347159659092,-0.005739475595907706,-0.0057230362719192795
2023-03-03,1666.33,1667.99,1632.55,1646.65,1619806.0,2946842659.0,1256197800.0,0.001289451390537382,-0.005462839719766244,-0.005447945544703958
2023-03-06,1646.77,1647.06,1627.38,1636.77,2064586.0,3730079522.0,1256197800.0,0.001643519834217191,-0.006018133421500593,-0.0060000607293596575
2023-03-07,1635.72,1645.34,1619.44,1619.71,2278539.0,4101302456.0,1256197800.0,0.0018138377570793389,-0.010477666727517487,-0.010422967185371168
2023-03-08,1612.21,1617.57,1595.09,1603.51,2276370.0,4035787172.0,1256197800.0,0.0018121111181694475,-0.010052144384397721,-0.010001790443968428
2023-03-09,1601.32,1616.72,1575.96,1603.15,2761150.0,4881442710.0,1256197800.0,0.002198021680980495,-0.00022453269227984407,-0.00022450748670099774
2023-03-10,1586.44,1613.1,1585.02,1585.02,2116082.0,3725139075.0,1256197800.0,0.0016845133783867476,-0.011373418251150014,-0.01130898543492509
2023-03-13,1585.93,1607.66,1584.11,1595.89,2056043.0,3626476291.0,1256197800.0,0.0016367191536237366,0.006834548800437545,0.006857957628294997
2023-03-14,1597.5,1612.08,1574.6,1599.51,2370492.0,4177289027.0,1256197800.0,0.0018870372165912088,0.002265757995026263,0.0022683267643759386
2023-03-15,1610.72,1616.61,1585.13,1585.85,1921253.0,3392698490.0,1256197800.0,0.001529419172681245,-0.00857679115530452,-0.008540115410344495
2023-03-16,1575.96,1603.13,1575.07,1586.82,1764624.0,3096791142.0,1256197800.0,0.0014047341907460751,0.0006114723751435847,0.0006116593624869715
2023-03-17,1603.13,1608.47,1572.34,1577.77,2702291.0,4744249369.0,1256197800.0,0.0021511667987318558,-0.005719555880085991,-0.005703230360091238
2023-03-20,1585.93,1589.55,1565.09,1566.54,2049093.0,3557872017.0,1256197800.0,0.001631186585424684,-0.007143091965930992,-0.007117640720764151
2023-03-21,1571.43,1617.49,1561.44,1607.66,3114182.0,5491052284.0,1256197800.0,0.002479053856008982,0.02591033989807734,0.026248930764614986
2023-03-22,1612.19,1623.97,1599.1,1606.17,1533026.0,2727648674.0,1256197800.0,0.0012203699130821596,-0.0009272426399373757,-0.000926812883321082
2023-03-23,1599.51,1622.25,1598.61,1607.54,1735566.0,3082821551.0,1256197800.0,0.0013816024833031868,0.0008525972057151776,0.0008529607700304975
2023-03-24,1602.3,1615.45,1599.51,1610.94,1276996.0,2269649179.0,1256197800.0,0.0010165564690528832,0.0021127993741005824,0.002115032907423764
2023-03-27,1610.92,1610.92,1590.45,1601.13,1529555.0,2700755933.0,1256197800.0,0.0012176068131945462,-0.006108229584840252,-0.006089612276062417
2023-03-28,1603.13,1621.25,1598.62,1613.82,1726135.0,3073113077.0,1256197800.0,0.001374094907665019,0.007894409496341126,0.007925652507916103
2023-03-29,1629.4,1630.31,1616.78,1621.25,1539299.0,2761909333.0,1256197800.0,0.001225363553414916,0.004593417183610171,0.004603983096008291
2023-03-30,1623.97,1634.83,1611.29,1630.31,1925701.0,3453573052.0,1256197800.0,0.0015329600163286386,0.005572724136540863,0.00558828064764838
2023-03-31,1652.95,1673.78,1647.51,1648.42,2744633.0,5024790356.0,1256197800.0,0.0021848732739382284,0.011047072601296115,0.01110831682318092
2023-04-03,1652.95,1655.46,1630.38,1632.18,2141743.0,3875811673.0,1256197800.0,0.0017049408938624156,-0.00990070880874061,-0.009851858142948977
2023-04-04,1641.17,1644.05,1618.53,1643.52,2006626.0,3614275263.0,1256197800.0,0.001597380603596026,0.006923738621682496,0.006947763114362404
2023-04-06,1634.83,1644.71,1619.64,1627.55,1487422.0,2676251956.0,1256197800.0,0.0011840667130606343,-0.009764466604412547,-0.009716948987538943
2023-04-07,1625.78,1635.75,1619.75,1622.15,1352468.0,2428160574.0,1256197800.0,0.0010766361794297046,-0.0033233867558255525,-0.003317870418727442
2023-04-10,1622.05,1622.05,1579.59,1604.67,2941822.0,5171150567.0,1256197800.0,0.0023418461646724743,-0.010834301873829055,-0.010775822211262831
2023-04-11,1623.97,1623.97,1579.59,1580.94,2920919.0,5138854627.0,1256197800.0,0.002325206269267467,-0.01489852112217438,-0.014788087270279915
2023-04-12,1582.54,1585.02,1533.23,1534.39,5110492.0,8732657376.0,1256197800.0,0.0040682223770810615,-0.02988669892267648,-0.029444507697951816
2023-04-13,1530.68,1561.1,1525.25,1560.57,2954268.0,5049310126.0,1256197800.0,0.0023517538400401592,0.016918231219750446,0.017062154993189305
2023-04-14,1563.28,1569.62,1544.08,1551.89,2123162.0,3646526766.0,1256197800.0,0.0016901494334729769,-0.005577596179603184,-0.0055620702691964174
2023-04-17,1575.96,1587.74,1565.09,1587.74,3046723.0,5303401395.0,1256197800.0,0.002425352918147126,0.0228380784998361,0.023100864107636454
2023-04-18,1587.74,1602.23,1581.41,1592.27,1831389.0,3220107647.0,1256197800.0,0.001457882667841004,0.002849049571667095,0.002853111970473776
2023-04-19,1595.89,1599.06,1585.02,1593.17,1460056.0,2568632845.0,1256197800.0,0.0011622819272569973,0.000565071088419522,0.0005652307711632165
2023-04-20,1594.18,1598.61,1566.0,1577.67,1988537.0,3468366835.0,1256197800.0,0.0015829808012719016,-0.00977666704183111,-0.009729030800228466
2023-04-21,1581.4,1583.28,1559.01,1562.8,1851787.0,3210937222.0,1256197800.0,0.0014741205564919792,-0.009469990879837908,-0.009425291727674479
2023-04-24,1558.75,1559.66,1540.64,1544.26,2023091.0,3456728718.0,1256197800.0,0.0016104876158834222,-0.01193425299045181,-0.011863322242129493
2023-04-25,1545.17,1572.32,1541.54,1567.25,2058251.0,3534989917.0,1256197800.0,0.001638476838599781,0.01477765996361402,0.014887389429241171
2023-04-26,1579.59,1594.98,1557.85,1579.5,2789160.0,4861477657.0,1256197800.0,0.002220319124902145,0.007785850088062318,0.007816238634551054
2023-04-27,1583.21,1603.13,1566.91,1592.19,2560504.0,4489906864.0,1256197800.0,0.002038296835100332,0.00800208577460193,0.008034188034188094
2023-04-28,1596.8,1614.7,1588.62,1594.55,2622464.0,4636084177.0,1256197800.0,0.002087620277634621,0.001481137734136162,0.0014822351603764883
2023-05-04,1602.23,1610.08,1572.34,1584.93,2746642.0,4818999650.0,1256197800.0,0.002186472544371595,-0.0060513224526115295,-0.006033050076824087
2023-05-05,1599.51,1599.51,1572.69,1585.02,2071421.0,3621305973.0,1256197800.0,0.0016489608563237414,5.6783230034440635e-05,5.6784842232815436e-05
2023-05-08,1601.61,1602.23,1555.28,1558.32,3317126.0,5742915994.0,1256197800.0,0.0026406080316332347,-0.01698870765996041,-0.016845213309611307
2023-05-09,1553.32,1575.94,1546.14,1559.66,2937796.0,5057346564.0,1256197800.0,0.002338641255381915,0.0008595309030203779,0.0008599004055651616
2023-05-10,1553.49,1572.34,1553.32,1562.38,2077260.0,3588550877.0,1256197800.0,0.0016536090096639239,0.0017424508899246405,0.0017439698395804726
2023-05-11,1567.81,1571.43,1553.32,1555.19,1524612.0,2623835905.0,1256197800.0,0.0012136719233229035,-0.004612575016936127,-0.004601953430023453
2023-05-12,1553.32,1566.8,1544.27,1545.53,1946045.0,3335038590.0,1256197800.0,0.0015491549181187868,-0.006230831066784681,-0.006211459693027943
2023-05-15,1541.54,1555.13,1531.76,1554.5,2574018.0,4384647977.0,1256197800.0,0.0020490546950488213,0.005787056921243483,0.005803834283385045
2023-05-16,1552.4,1557.84,1537.02,1542.71,2222377.0,3785811907.0,1256197800.0,0.0017691298297131232,-0.007613340360223653,-0.007584432293341936
2023-05-17,1546.98,1551.51,1538.84,1540.64,1677691.0,2858697942.0,1256197800.0,0.0013355309171851758,-0.0013426956466107143,-0.0013417946341178766
2023-05-18,1544.25,1544.62,1530.68,1531.58,1921928.0,3260170684.0,1256197800.0,0.0015299565084415847,-0.005898032213843329,-0.005880672967078726
2023-05-19,1513.47,1543.66,1499.47,1539.28,2674116.0,4504022549.0,1256197800.0,0.0021287380060687894,0.005014892334630261,0.005027487953616516
2023-05-22,1530.69,1586.83,1530.68,1581.4,4128432.0,7165754129.0,1256197800.0,0.003286450589230454,0.026995756024065898,0.027363442648510983
2023-05-23,1588.63,1588.64,1561.97,1561.97,1689421.0,2934118394.0,1256197800.0,0.0013448686186204116,-0.012362685567602227,-0.012286581510054462
2023-05-24,1569.02,1570.12,1548.89,1549.61,1847927.0,3182416491.0,1256197800.0,0.0014710477919958147,-0.007944558718995687,-0.007913084118132963
2023-05-25,1545.16,1548.79,1530.68,1540.64,2246560.0,3814504093.0,1256197800.0,0.0017883807788868918,-0.005805371858254915,-0.005788553248881834
2023-05-26,1541.54,1544.26,1517.1,1531.18,1829110.0,3090691546.0,1256197800.0,0.0014560684631035018,-0.006159234529580893,-0.0061403053276560815
2023-05-29,1537.02,1538.24,1519.81,1529.77,1777141.0,2998147159.0,1256197800.0,0.001414698385875218,-0.0009212826735032209,-0.0009208584229156713
2023-05-30,1529.77,1538.73,1502.2,1511.01,2645340.0,4424706688.0,1256197800.0,0.0021058307855657764,-0.01233909590436344,-0.012263281408316229
2023-05-31,1504.42,1508.69,1473.32,1475.34,3695697.0,6053737281.0,1256197800.0,0.002941970603674039,-0.02388982969902642,-0.023606726626561048
2023-06-01,1465.46,1517.08,1465.46,1481.69,2864525.0,4708722933.0,1256197800.0,0.0022803136576102904,0.004294856501892319,0.004304092615939448
2023-06-02,1489.92,1515.41,1481.87,1513.11,2505802.0,4163116244.0,1256197800.0,0.0019947511450824065,0.020983807196810034,0.02120551532371806
2023-06-05,1509.08,1524.23,1506.22,1508.03,1620050.0,2704294313.0,1256197800.0,0.0012896456274640825,-0.0033629721149779357,-0.003357323657896649
2023-06-06,1512.56,1525.24,1495.85,1509.84,1991392.0,3326778183.0,1256197800.0,0.0015852535325248938,0.0011995216606592862,0.0012002413745084706
2023-06-07,1515.27,1520.53,1494.45,1495.26,1788964.0,2971782064.0,1256197800.0,0.0014241101202374339,-0.009703580182739202,-0.009656652360514939
2023-06-08,1499.73,1517.09,1494.46,1510.75,1470272.0,2441569677.0,1256197800.0,0.0011704144044831157,0.010306111494523762,0.01035940237818167
2023-06-09,1514.36,1519.78,1508.94,1508.94,1758041.0,2938014322.0,1256197800.0,0.0013994937739900517,-0.0011987986957375796,-0.0011980804236305653
2023-06-12,1508.96,1546.98,1504.88,1536.11,2702944.0,4562308599.0,1256197800.0,0.002151686621326673,0.017845829180818562,0.018006017469216706
2023-06-13,1534.19,1543.91,1526.15,1538.83,1466254.0,2485398902.0,1256197800.0,0.0011672158636163827,0.0017691406722954994,0.0017707065249232823
2023-06-14,1556.94,1570.75,1545.36,1564.08,3150580.0,5438040356.0,1256197800.0,0.002508028592312453,0.0162754042931903,0.016408570147449675
2023-06-15,1567.21,1590.14,1560.57,1589.55,2522257.0,4395900802.0,1256197800.0,0.00200785019684002,0.016153165596719532,0.01628433328218515
2023-06-16,1591.36,1630.31,1585.11,1628.21,3791789.0,6742301361.0,1256197800.0,0.003018464926463014,0.02403029458368966,0.024321348809411614
2023-06-19,1621.25,1628.45,1574.15,1579.59,3169992.0,5584248725.0,1256197800.0,0.0025234815727268427,-0.030315932196826267,-0.029861013014291893
2023-06-20,1575.96,1598.61,1571.43,1579.1,2094674.0,3659824529.0,1256197800.0,0.0016674714762277088,-0.00031025520322014444,-0.0003102070790521605
2023-06-21,1575.96,1591.0,1571.43,1572.19,1772061.0,3088635934.0,1256197800.0,0.0014106544367455507,-0.004385512647099077,-0.004375910328668131
2023-06-26,1557.95,1566.91,1535.2,1547.88,2399268.0,4098619510.0,1256197800.0,0.001909944437094222,-0.015583299060453193,-0.015462507712172169
2023-06-27,1548.78,1557.58,1539.81,1549.74,1517446.0,2598138744.0,1256197800.0,0.001207967407680542,0.001200922142510663,0.0012016435382586899
2023-06-28,1551.67,1570.53,1549.7,1565.44,1857356.0,3199294221.0,1256197800.0,0.001478553775528026,0.010079759711142167,0.01013073160659217
2023-06-29,1567.81,1571.42,1551.52,1552.15,1423116.0,2446524134.0,1256197800.0,0.0011328757302392983,-0.00852586806125899,-0.008489625919869126
2023-06-30,1563.37,1571.64,1550.94,1555.09,2045869.0,3472586730.0,1256197800.0,0.001628620110622706,0.0018923551945437822,0.0018941468285924579
2023-07-03,1562.45,1586.62,1556.01,1585.53,1913909.0,3286737792.0,1256197800.0,0.0015235729596087496,0.019385314523285402,0.01957442977576873
2023-07-04,1585.63,1595.04,1580.0,1591.51,1247238.0,2155553635.0,1256197800.0,0.0009928675245251982,0.003764514807596875,0.003771609493355532
2023-07-05,1590.96,1592.77,1563.37,1577.52,1474539.0,2523960725.0,1256197800.0,0.0011738111625414405,-0.008829257459434636,-0.00879039402831272
2023-07-06,1571.8,1593.72,1563.37,1566.11,1514062.0,2589459002.0,1256197800.0,0.0012052735644020392,-0.007259155883132529,-0.0072328718494852895
2023-07-07,1564.29,1571.64,1554.17,1554.2,1516742.0,2571458553.0,1256197800.0,0.0012074069863838323,-0.0076338939651563464,-0.00760482980122712
2023-07-10,1567.97,1577.13,1563.37,1564.2,1347741.0,2298241728.0,1256197800.0,0.0010728732370013704,0.0064135673923688685,0.006434178355424036
2023-07-11,1572.57,1577.32,1565.3,1572.57,1258270.0,2151079270.0,1256197800.0,0.0010016495809815939,0.0053367125196555065,0.005350978135788109
2023-07-12,1575.36,1584.52,1573.79,1576.06,1328467.0,2280785351.0,1256197800.0,0.001057530111897983,0.0022168380719636005,0.0022192970742160867
2023-07-13,1583.59,1605.13,1580.85,1598.69,2580654.0,4479772500.0,1256197800.0,0.002054337302612694,0.01425648210989916,0.014358590408994676
2023-07-14,1614.87,1617.17,1601.26,1612.11,1855030.0,3245530255.0,1256197800.0,0.0014767021563005444,0.008359336082823354,0.008394372892805979
2023-07-17,1610.27,1610.27,1587.83,1590.93,1433648.0,2482069846.0,1256197800.0,0.0011412597602065535,-0.013225129067841124,-0.013138061298546555
2023-07-18,1594.25,1595.11,1582.68,1584.34,1473765.0,2544005063.0,1256197800.0,0.001173195017536251,-0.004150834078250121,-0.004142231273531971
2023-07-19,1577.17,1589.12,1576.06,1584.52,1248322.0,2147704435.0,1256197800.0,0.0009937304459536548,0.0001136055238752931,0.000113611977227146
2023-07-20,1589.11,1608.41,1583.6,1585.44,1669265.0,2897176490.0,1256197800.0,0.0013288233747901803,0.0005804489809531077,0.0005806174740616843
2023-07-21,1592.69,1630.04,1587.28,1628.94,3937740.0,6931535726.0,1256197800.0,0.0031346496546960996,0.027067525200602738,0.027437178322736955
2023-07-24,1609.83,1628.8,1609.83,1628.8,1971337.0,3476648177.0,1256197800.0,0.001569288690045469,-8.594915498871813e-05,-8.594546146578619e-05
2023-07-25,1655.33,1681.89,1655.33,1681.59,4308646.0,7837450019.0,1256197800.0,0.0034299104806583803,0.031896227031388946,0.03241036345776038
2023-07-26,1681.59,1688.43,1669.2,1681.59,1961145.0,3580171484.0,1256197800.0,0.0015611753180908294,0.0,0.0
2023-07-27,1688.44,1705.72,1681.73,1690.31,2034043.0,3749635290.0,1256197800.0,0.0016192059881015553,0.005172169660605519,0.005185568420364106
2023-07-28,1684.76,1747.3,1681.09,1744.54,3901792.0,7330314112.0,1256197800.0,0.0031060331422328555,0.03157896652183645,0.0320828723725235
2023-07-31,1754.65,1779.48,1723.39,1729.44,4537861.0,8615279839.0,1256197800.0,0.0036123777640750523,-0.00869325390214204,-0.008655576828275557
2023-08-01,1727.07,1753.69,1726.96,1737.18,1923062.0,3635857283.0,1256197800.0,0.0015308592325189551,0.00446545214731664,0.004475437135720295
2023-08-02,1732.03,1738.1,1716.77,1728.9,1850872.0,3478674239.0,1256197800.0,0.0014733921680168522,-0.004777740704478894,-0.0047663454564293994
2023-08-03,1719.71,1738.1,1701.78,1727.5,2154347.0,4031087705.0,1256197800.0,0.001714974345600669,-0.0008100914689048722,-0.0008097634333970039
2023-08-04,1736.1,1753.29,1730.74,1741.29,2457364.0,4655813751.0,1256197800.0,0.001956191930920433,0.007950941191209537,0.00798263386396525
2023-08-07,1729.78,1745.46,1720.66,1736.2,2389245.0,4491893140.0,1256197800.0,0.0019019655980929118,-0.0029274008753272796,-0.0029231202154723634
2023-08-08,1728.93,1741.51,1714.26,1738.1,1773618.0,3333559505.0,1256197800.0,0.0014118938912327343,0.001093745611726149,0.0010943439695887403
2023-08-09,1738.1,1751.9,1731.63,1738.36,1852346.0,3506306394.0,1256197800.0,0.0014745655501068383,0.00014957744400057038,0.0001495886312639083
2023-08-10,1730.74,1737.18,1712.63,1724.31,1843619.0,3454219140.0,1256197800.0,0.0014676183957653803,-0.00811516956931424,-0.008082330472399257
2023-08-11,1733.5,1733.87,1686.49,1686.6,2678649.0,4959166751.0,1256197800.0,0.002132346514219337,-0.022112302303578524,-0.021869617412182296
2023-08-14,1664.53,1678.31,1651.66,1658.09,2373119.0,4285362053.0,1256197800.0,0.001889128447765153,-0.017048330650737853,-0.01690383019091668
2023-08-15,1663.61,1671.89,1656.26,1667.27,1481799.0,2682125119.0,1256197800.0,0.0011795905071637603,0.005521220752132017,0.005536490781562042
2023-08-16,1662.31,1676.81,1660.85,1673.73,1318431.0,2396261791.0,1256197800.0,0.0010495409242079552,0.003867110476221569,0.003874597395742807
2023-08-17,1660.93,1686.6,1656.76,1681.13,1729037.0,3141408018.0,1256197800.0,0.0013764050534079903,0.004411517619958616,0.004421262688725225
2023-08-18,1684.75,1687.51,1657.72,1657.72,1702334.0,3084761577.0,1256197800.0,0.0013551480507289536,-0.014023022070864144,-0.01392515748335943
2023-08-21,1648.9,1668.2,1646.2,1647.06,1891181.0,3405415645.0,1256197800.0,0.0015054802675183796,-0.006451283880667624,-0.006430519026132342
2023-08-22,1656.24,1657.69,1628.68,1644.3,2665036.0,4763131152.0,1256197800.0,0.002121509845025998,-0.001677118666403743,-0.0016757130887763427
2023-08-23,1652.58,1655.33,1627.82,1631.42,1991222.0,3556178584.0,1256197800.0,0.001585118203518586,-0.007863960519749469,-0.007833120476798516
2023-08-24,1636.59,1681.08,1632.34,1670.32,2605509.0,4703417600.0,1256197800.0,0.002074123199387867,0.023564423620689112,0.02384425837613846
2023-08-25,1663.42,1690.07,1660.86,1678.31,1883086.0,3433296756.0,1256197800.0,0.0014990362186591952,0.004772109885558429,0.00478351453613679
2023-08-28,1745.99,1745.99,1684.65,1687.49,4105213.0,7633221012.0,1256197800.0,0.003267967035127748,0.005454883096522423,0.005469788060608716
2023-08-29,1681.08,1718.86,1681.08,1702.54,2895028.0,5371260173.0,1256197800.0,0.0023045956616067945,0.008879035804965518,0.008918571369311845
2023-08-30,1717.78,1717.87,1695.49,1706.83,1981181.0,3672570260.0,1256197800.0,0.0015771250355636668,0.002516595303025504,0.002519764587028739
2023-08-31,1710.51,1710.51,1693.05,1698.56,1482022.0,2738445519.0,1256197800.0,0.001179768026977917,-0.004857015647458773,-0.0048452394204461235
2023-09-01,1703.92,1715.54,1697.66,1702.28,1314519.0,2438622738.0,1256197800.0,0.00104642676495692,0.002187695677340784,0.0021900904295404366
2023-09-04,1712.9,1728.85,1704.56,1716.03,2387100.0,4453823216.0,1256197800.0,0.0019002580644544992,0.00804495447149911,0.008077402072514506
2023-09-05,1717.87,1717.87,1707.57,1709.32,1565874.0,2915625961.0,1256197800.0,0.0012465186613127327,-0.0039178528226120335,-0.003910188050325503
2023-09-06,1708.67,1716.64,1700.41,1711.43,1112143.0,2067605990.0,1256197800.0,0.0008853247474243308,0.0012336477483589903,0.0012344090047504697
2023-09-07,1703.71,1707.65,1684.02,1690.28,1698157.0,3128587116.0,1256197800.0,0.0013518229374386741,-0.012435082671322206,-0.01235808651244874
2023-09-08,1687.47,1687.47,1669.08,1672.35,1221178.0,2224338144.0,1256197800.0,0.0009721223839111962,-0.01066437278530774,-0.010607709965212875
2023-09-11,1662.69,1692.12,1662.69,1675.72,1592600.0,2902617736.0,1256197800.0,0.0012677939732102699,0.0020131007643797716,0.0020151284121148194
2023-09-12,1679.8,1680.15,1670.07,1673.69,1216801.0,2214514112.0,1256197800.0,0.0009686380600252603,-0.0012121539307274887,-0.0012114195689016949
2023-09-13,1682.85,1682.85,1655.38,1673.64,1950143.0,3540583633.0,1256197800.0,0.0015524171432237822,-2.987455673864048e-05,-2.987411049837352e-05
2023-09-14,1676.05,1680.15,1660.85,1672.52,1750459.0,3180447848.0,1256197800.0,0.0013934581003087253,-0.0006694240812308294,-0.0006692000669200615
2023-09-15,1672.81,1673.52,1638.14,1638.77,2843146.0,5105749077.0,1256197800.0,0.0022632948409876215,-0.02038551064983274,-0.020179130892306274
2023-09-18,1633.55,1682.46,1630.5,1682.19,3255892.0,5905121000.0,1256197800.0,0.002591862523561178,0.02615055548676537,0.026495481367122986
2023-09-19,1675.75,1682.0,1662.69,1680.11,1498950.0,2727858953.0,1256197800.0,0.0011932436117942573,-0.0012372484699971764,-0.0012364833936714392
2023-09-20,1675.57,1682.92,1671.93,1677.41,1250178.0,2281583949.0,1256197800.0,0.0009952079202813443,-0.001608330304518013,-0.001607037634440478
2023-09-21,1671.9,1675.57,1653.85,1653.85,1948919.0,3521486755.0,1256197800.0,0.0015514427743783662,-0.014145033906881821,-0.014045462945851184
2023-09-22,1660.51,1701.28,1648.35,1700.4,3439046.0,6287832575.0,1256197800.0,0.0027376628107452505,0.02775761425172707,0.02814644617105544
2023-09-25,1699.02,1699.48,1679.79,1685.11,1397913.0,2565773541.0,1256197800.0,0.001112812807027683,-0.00903267392983409,-0.008992001881910294
2023-09-26,1681.08,1687.41,1667.38,1670.05,1576196.0,2870852363.0,1256197800.0,0.0012547355201545489,-0.008977277472436818,-0.008937102028947597
2023-09-27,1669.13,1686.14,1657.91,1668.21,2087994.0,3791876119.0,1256197800.0,0.0016621538423327918,-0.0011023708077466665,-0.0011017634202568072
2023-09-28,1678.31,1678.31,1653.31,1654.0,2053784.0,3704812960.0,1256197800.0,0.0016349208699457999,-0.008554598690981408,-0.008518112228076857
2023-10-09,1652.52,1652.52,1623.06,1634.18,2976268.0,5279950406.0,1256197800.0,0.0023692670055623405,-0.012055447112031104,-0.011983071342200668
2023-10-10,1639.6,1654.4,1625.91,1627.75,2028392.0,3615557182.0,1256197800.0,0.0016147074927212895,-0.003942456354634416,-0.0039346950764298505
2023-10-11,1641.22,1641.22,1625.91,1635.56,2194486.0,3896568648.0,1256197800.0,0.0017469271160958887,0.004786560217288738,0.004798034096144876
2023-10-12,1653.4,1653.71,1634.37,1642.46,1486507.0,2657095942.0,1256197800.0,0.001183338324585507,0.004209864607719993,0.004218738536036604
2023-10-13,1628.55,1635.11,1598.49,1610.27,2502788.0,4387687934.0,1256197800.0,0.0019923518414058676,-0.01979325116050301,-0.01959865080428147
2023-10-16,1610.25,1614.87,1584.02,1590.87,2078965.0,3603604610.0,1256197800.0,0.001654966279991893,-0.012120830398695936,-0.012047669024449426
2023-10-17,1599.24,1599.64,1578.09,1587.28,1494523.0,2577312288.0,1256197800.0,0.0011897194852594074,-0.002259176896566295,-0.0022566268771174736
2023-10-18,1580.66,1602.0,1579.17,1589.12,2031750.0,3511987514.0,1256197800.0,0.0016173806386223571,0.001158544393532246,0.0011592157653343982
2023-10-19,1563.37,1563.4,1495.35,1499.0,7349237.0,12146921769.0,1256197800.0,0.005850382001942688,-0.05838218477714907,-0.056710632299637465
2023-10-20,1499.0,1521.99,1486.35,1512.79,4537601.0,7421390806.0,1256197800.0,0.0036121707903006995,0.009157408960679625,0.009199466310873872
2023-10-23,1498.97,1526.59,1491.27,1511.85,2523423.0,4138279588.0,1256197800.0,0.0020087783946126955,-0.0006215615942810615,-0.0006213684648893603
2023-10-24,1515.55,1520.48,1490.91,1510.91,2986146.0,4894807617.0,1256197800.0,0.0023771304168817998,-0.0006219481733911181,-0.0006217548037171783
2023-10-25,1535.88,1561.53,1533.04,1542.68,3617898.0,6075417064.0,1256197800.0,0.0028800384780167583,0.020809045354852174,0.02102706316061176
2023-10-26,1533.02,1552.34,1528.43,1537.83,2238635.0,3741418874.0,1256197800.0,0.001782072059034015,-0.0031488318540562332,-0.0031438794824592
2023-10-27,1530.26,1555.9,1527.14,1541.95,3426239.0,5754795486.0,1256197800.0,0.002727467760252406,0.002675517379628012,0.002679099770455773
2023-10-30,1534.86,1553.14,1534.86,1545.9,2408642.0,4050573178.0,1256197800.0,0.0019174066377126277,0.0025584158262592638,0.0025616913648303097
2023-10-31,1544.98,1554.17,1533.81,1549.19,1985877.0,3335804699.0,1256197800.0,0.0015808633003496742,0.0021259486729876542,0.002128210104146433
2023-11-01,1701.32,1701.32,1631.23,1637.85,9314308.0,16747292689.0,1256197800.0,0.007414682624026248,0.05565219245290898,0.057229907241848954
2023-11-02,1650.74,1650.74,1633.32,1636.48,2790764.0,4982090753.0,1256197800.0,0.0022215959938793077,-0.000836812465418113,-0.0008364624355099437
2023-11-03,1636.94,1669.03,1631.42,1665.67,3017600.0,5433116881.0,1256197800.0,0.0024021694672606494,0.01767985121204685,0.01783706491982806
2023-11-06,1673.73,1677.21,1656.36,1666.37,2552392.0,4624102375.0,1256197800.0,0.002031839253340517,0.0004201630294335956,0.0004202513102833372
2023-11-07,1659.93,1664.53,1640.69,1647.21,1958159.0,3511590028.0,1256197800.0,0.0015587983038976823,-0.011564660300887653,-0.011498046652304028
2023-11-08,1640.67,1658.83,1639.58,1653.81,1454567.0,2610041959.0,1256197800.0,0.001157912392459213,0.003998769346797992,0.00400677509242886
2023-11-09,1646.24,1654.41,1639.7,1649.92,1280048.0,2291996819.0,1256197800.0,0.0010189860227425968,-0.0023549150794446305,-0.002352144442227311
2023-11-10,1637.45,1644.3,1630.6,1633.12,1646557.0,2928380668.0,1256197800.0,0.001310746603759376,-0.01023450621552513,-0.01018231186966656
2023-11-13,1629.84,1641.43,1615.77,1622.23,1836995.0,3244573621.0,1256197800.0,0.0014623453408372472,-0.006690549785925093,-0.006668217889683525
2023-11-14,1622.23,1632.33,1618.56,1623.4,1281675.0,2263963957.0,1256197800.0,0.0010202812009382598,0.00072096945781297,0.0007212294187630697
2023-11-15,1636.02,1639.6,1624.99,1630.44,1843486.0,3271230275.0,1256197800.0,0.001467512520719269,0.004327201697156724,0.004336577553283316
2023-11-16,1631.42,1633.26,1618.6,1618.6,1255757.0,2215937273.0,1256197800.0,0.0009996490998471737,-0.007288338962631258,-0.007261843428767789
2023-11-17,1611.19,1617.63,1598.23,1612.5,2171363.0,3793781119.0,1256197800.0,0.001728519983079098,-0.003775808391673685,-0.003768688990485547
2023-11-20,1613.95,1627.29,1597.08,1620.85,1860804.0,3265514010.0,1256197800.0,0.0014812985661971387,0.0051649333121464025,0.005178294573643383
2023-11-21,1640.09,1653.5,1627.84,1646.14,3009845.0,5383107810.0,1256197800.0,0.002395996076414081,0.015482450316004481,0.015602924391522999
2023-11-22,1639.98,1650.14,1637.44,1638.33,1266457.0,2263460167.0,1256197800.0,0.00100816686671478,-0.004755722974986831,-0.004744432429805601
2023-11-23,1635.38,1644.3,1628.66,1642.46,1154964.0,2055272193.0,1256197800.0,0.0009194125320073002,0.0025176876188881536,0.0025208596558692342
2023-11-24,1645.22,1645.22,1632.34,1634.18,1308540.0,2329345658.0,1256197800.0,0.0010416671641997782,-0.005053968470374315,-0.005041218659815105
2023-11-27,1630.78,1630.78,1613.95,1621.31,1626074.0,2865075217.0,1256197800.0,0.0012944410506052471,-0.007906685044638095,-0.00787550942980586
2023-11-28,1619.47,1631.31,1616.71,1626.86,1451976.0,2562905659.0,1256197800.0,0.001155849819192487,0.003417312148738638,0.003423157816827116
2023-11-29,1625.91,1633.26,1616.71,1632.08,1714933.0,3034175614.0,1256197800.0,0.0013651775222023156,0.003203498354767298,0.0032086350392781515
2023-11-30,1633.93,1650.52,1628.74,1647.52,2135342.0,3817513545.0,1256197800.0,0.0016998453587484391,0.009415851977967016,0.009460320572520997
2023-12-01,1645.5,1645.86,1607.51,1618.81,3305131.0,5830850111.0,1256197800.0,0.0026310593761587546,-0.017579815510440966,-0.01742619209478491
2023-12-04,1618.81,1620.23,1605.01,1610.01,1844047.0,3233102118.0,1256197800.0,0.0014679591064400844,-0.005450921258655761,-0.005436091944082344
2023-12-05,1608.23,1608.32,1570.75,1571.65,2990301.0,5168983317.0,1256197800.0,0.0023804380170065575,-0.02411436724999394,-0.023825938969323057
2023-12-06,1565.79,1581.28,1564.41,1566.13,2385129.0,4078003022.0,1256197800.0,0.0018986890440343073,-0.00351841473554515,-0.003512232367257284
2023-12-07,1567.05,1571.72,1551.69,1563.37,2504150.0,4249170906.0,1256197800.0,0.0019934360655622864,-0.001763860498851244,-0.001762305811139675
2023-12-08,1563.37,1571.5,1556.22,1567.9,2628801.0,4474160126.0,1256197800.0,0.0020926648653579872,0.0028933967114515013,0.0028975866237679337
2023-12-11,1554.17,1567.05,1523.83,1561.53,3683098.0,6172810248.0,1256197800.0,0.0029319411322006775,-0.004071034531955675,-0.004062759104534797
2023-12-12,1551.97,1572.56,1548.66,1572.56,2101066.0,3564305866.0,1256197800.0,0.0016725598468648806,0.00703875481509364,0.0070635850736135986
2023-12-13,1568.17,1568.63,1523.9,1526.59,3878870.0,6480807500.0,1256197800.0,0.0030877860158646992,-0.02966837481101603,-0.029232588899628653
2023-12-14,1532.07,1535.66,1503.61,1504.42,4067215.0,6703240107.0,1256197800.0,0.003237718614059028,-0.014629047994101363,-0.014522563360168661
2023-12-15,1515.76,1542.93,1511.88,1512.79,3709251.0,6140791726.0,1256197800.0,0.0029527603057416594,0.005548186218852003,0.005563605907924485
2023-12-18,1508.19,1529.65,1503.6,1528.43,1989734.0,3292194757.0,1256197800.0,0.0015839336766869038,0.010285436686370275,0.01033851360730842
2023-12-19,1531.18,1544.86,1512.87,1540.38,2220676.0,3706057587.0,1256197800.0,0.0017677757435970672,0.00778807446620533,0.007818480401457828
2023-12-20,1542.34,1544.2,1528.39,1534.7,2309203.0,3816133219.0,1256197800.0,0.0018382479256053466,-0.0036942170348037706,-0.0036874018099430916
2023-12-21,1525.6,1555.66,1525.6,1553.5,2901168.0,4827827888.0,1256197800.0,0.00230948342689344,0.012175527652052764,0.01224995113051408
2023-12-22,1553.22,1561.97,1542.35,1554.11,2166684.0,3613238325.0,1256197800.0,0.0017247952511937213,0.0003925846601307015,0.0003926617315737069
2023-12-25,1554.43,1561.5,1551.64,1555.36,1247106.0,2086014390.0,1256197800.0,0.0009927624455320651,0.000803995579525818,0.0008043188706077231
2023-12-26,1555.83,1558.06,1541.87,1553.5,1477126.0,2457177339.0,1256197800.0,0.0011758705515962533,-0.0011965802396565195,-0.0011958646229811576
2023-12-27,1551.64,1560.15,1545.13,1550.77,1605550.0,2679221365.0,1256197800.0,0.0012781028592790086,-0.0017588680777107513,-0.0017573221757322122
2023-12-28,1554.42,1607.45,1550.77,1604.66,3833806.0,6537401380.0,1256197800.0,0.0030519126844514455,0.0341603143616549,0.034750478794405515
2023-12-29,1600.01,1627.53,1600.01,1605.6,2753868.0,4768857531.0,1256197800.0,0.0021922248231926534,0.0005856223650821946,0.0005857938753379699
2024-01-02,1595.36,1598.33,1561.04,1567.47,3215644.0,5440082548.0,1256197800.0,0.0025598229832913258,-0.024034663914181742,-0.023748131539611306
2024-01-03,1563.84,1576.96,1559.39,1575.83,2022929.0,3411400667.0,1256197800.0,0.0016103586553009406,0.005319263011400288,0.005333435408652054
2024-01-04,1574.9,1574.9,1546.93,1552.57,2155107.0,3603970147.0,1256197800.0,0.0017155793458641625,-0.014870495221344093,-0.014760475431994546
2024-01-05,1545.44,1561.56,1536.86,1547.33,2024286.0,3373155627.0,1256197800.0,0.0016114388991924679,-0.003380757437910553,-0.0033750491121172788
2024-01-08,1545.13,1546.06,1525.6,1529.31,2558620.0,4211918629.0,1256197800.0,0.002036797071289251,-0.011714211648008899,-0.01164586739738771
2024-01-09,1526.53,1537.06,1521.01,1526.53,2441204.0,4009826496.0,1256197800.0,0.0019433277147914126,-0.0018194674897404894,-0.0018178132621901044
2024-01-10,1526.62,1543.7,1523.73,1526.99,1735067.0,2856120718.0,1256197800.0,0.0013812052528670246,0.0003012916263722687,0.0003013370192528342
2024-01-11,1525.69,1542.28,1523.79,1531.71,1644055.0,2708764500.0,1256197800.0,0.0013087548792077171,0.0030862809340899133,0.0030910484024126994
2024-01-12,1525.57,1536.07,1525.04,1528.44,1160324.0,1908084612.0,1256197800.0,0.0009236793759708861,-0.0021371509531364907,-0.0021348688720449482
2024-01-15,1520.94,1539.52,1520.43,1525.6,1785403.0,2931202343.0,1256197800.0,0.0014212753755817754,-0.0018598321034595244,-0.0018581036874198986
2024-01-16,1524.2,1532.11,1511.59,1525.07,2590314.0,4236042960.0,1256197800.0,0.0020620271743828876,-0.00034746465880086674,-0.0003474042999475069
2024-01-17,1516.29,1521.39,1466.99,1466.99,5163276.0,8251735591.0,1256197800.0,0.004110241237486645,-0.03882762814024332,-0.038083497806657984
2024-01-18,1464.2,1500.29,1447.04,1498.5,6043981.0,9566349514.0,1256197800.0,0.004811329075723584,0.021251925269552885,0.02147935568749615
2024-01-19,1496.64,1523.74,1489.2,1520.94,4637843.0,7550144389.0,1256197800.0,0.0036919687329495404,0.01486395699273757,0.01497497497497502
2024-01-22,1515.36,1528.39,1505.95,1527.46,4694589.0,7678297836.0,1256197800.0,0.003737141555255072,0.004277660374042647,0.004286822622851627
2024-01-23,1518.16,1525.55,1496.76,1506.06,3483490.0,5659457115.0,1256197800.0,0.0027730425893119698,-0.014109255919826147,-0.014010186846136752
2024-01-24,1515.36,1519.86,1491.7,1512.57,3321635.0,5373603703.0,1256197800.0,0.0026441974345123038,0.004313221622128438,0.004322536950719158
2024-01-25,1513.33,1526.53,1508.85,1523.73,3120580.0,5094508165.0,1256197800.0,0.0024841470029640235,0.0073510853708258495,0.007378170927626604
2024-01-26,1516.63,1529.41,1509.78,1523.1,2695475.0,4402111882.0,1256197800.0,0.0021457409016318926,-0.00041354457516806775,-0.00041345907739565035
2024-01-29,1525.87,1544.74,1525.87,1534.9,3142068.0,5189014946.0,1256197800.0,0.002501252589361325,0.007717500697904889,0.007747357363272478
2024-01-30,1534.88,1534.88,1497.69,1500.48,3086633.0,5010784454.0,1256197800.0,0.0024571233925103197,-0.0226801754181416,-0.022424913675158087
2024-01-31,1500.48,1506.96,1486.65,1492.95,2964912.0,4770104891.0,1256197800.0,0.002360227027940982,-0.005031028541038651,-0.005018394113883495
2024-02-01,1493.5,1510.61,1489.32,1497.72,2648515.0,4272298576.0,1256197800.0,0.0021083582537718185,0.0031899233581800246,0.00319501657791621
2024-02-02,1502.34,1514.23,1470.71,1484.66,3938202.0,6336691194.0,1256197800.0,0.0031350174311720654,-0.008758161924997232,-0.00871992094650531
2024-02-05,1484.66,1523.21,1483.97,1516.3,5313036.0,8590683071.0,1256197800.0,0.004229458131514002,0.021087367013528535,0.021311276655934686
2024-02-06,1516.3,1567.9,1512.66,1559.08,5247204.0,8740646588.0,1256197800.0,0.004177052371847809,0.027822746879794025,0.02821341423201207
2024-02-07,1563.76,1594.98,1545.7,1591.63,5260107.0,8899606867.0,1256197800.0,0.004187323843426569,0.020662744645470354,0.020877697103420134
2024-02-08,1600.02,1604.67,1567.46,1586.99,4675654.0,7953438044.0,1256197800.0,0.003722068292111322,-0.0029195080228294756,-0.002915250403674241
2024-02-19,1616.64,1616.69,1570.25,1577.16,3697744.0,6288277980.0,1256197800.0,0.0029436001241205803,-0.006213379027411925,-0.006194115904952113
2024-02-20,1578.95,1578.95,1541.0,1553.5,3447007.0,5755266893.0,1256197800.0,0.0027440001885053454,-0.01511531144881495,-0.015001648532805834
2024-02-21,1549.8,1610.25,1546.06,1597.84,4615407.0,7868784082.0,1256197800.0,0.0036741084883288285,0.02814226732381453,0.028542001931123107
2024-02-22,1588.39,1602.81,1581.9,1598.51,2279361.0,3905984695.0,1256197800.0,0.001814492112627486,0.00041922818828510344,0.00041931607670364635
2024-02-23,1591.74,1604.09,1581.43,1594.52,2730589.0,4670706950.0,1256197800.0,0.002173693505911251,-0.0024991948567887334,-0.0024960744693496295
2024-02-26,1588.85,1589.54,1567.47,1576.74,2731832.0,4625594409.0,1256197800.0,0.002174682999763254,-0.011213326124269507,-0.011150691117076006
2024-02-27,1565.6,1574.82,1560.94,1571.64,2207985.0,3718478358.0,1256197800.0,0.0017576730352497035,-0.0032397642348316325,-0.003234521861562367
2024-02-28,1571.1,1578.22,1557.23,1564.25,3186731.0,5371312847.0,1256197800.0,0.002536806703530288,-0.00471318425083922,-0.004702094627268449
2024-02-29,1564.25,1578.15,1562.06,1576.76,2475833.0,4184917973.0,1256197800.0,0.0019708942333763043,0.007965632804681988,0.007997442863992399
2024-03-01,1572.11,1576.73,1559.72,1567.51,2686796.0,4526845398.0,1256197800.0,0.0021388319578333924,-0.005883735611100782,-0.005866460336386048
2024-03-04,1561.87,1563.73,1553.55,1559.36,2648477.0,4434401015.0,1256197800.0,0.0021083280037586436,-0.0052128924169121404,-0.005199328871905218
2024-03-05,1554.26,1578.62,1550.41,1576.85,3623837.0,6102136582.0,1256197800.0,0.0028847662366547687,0.011153705472607633,0.011216139954853377
2024-03-06,1573.04,1576.76,1560.96,1563.32,2214248.0,3725582802.0,1256197800.0,0.0017626587150526773,-0.008617421176552398,-0.008580397628182745
2024-03-07,1562.8,1571.92,1560.94,1566.18,2159912.0,3633934774.0,1256197800.0,0.0017194043804248025,0.0018277685229008966,0.0018294399099354486
2024-03-08,1563.33,1569.02,1553.55,1554.83,2215623.0,3710678522.0,1256197800.0,0.0017637532878978135,-0.007273318595992784,-0.0072469320256931535
2024-03-11,1558.15,1580.37,1556.46,1576.28,2989509.0,5048394347.0,1256197800.0,0.002379807543047759,0.013701425733786188,0.013795720432458802
2024-03-12,1575.77,1627.08,1572.57,1623.27,5422654.0,9393309052.0,1256197800.0,0.004316719866887205,0.02937499266183785,0.029810693531606036
2024-03-13,1618.59,1626.06,1600.11,1606.94,2649954.0,4588879420.0,1256197800.0,0.0021095037740075646,-0.010110883885393385,-0.010059940736907524
2024-03-14,1599.08,1613.82,1592.11,1596.88,1940479.0,3338768308.0,1256197800.0,0.0015447240872416747,-0.006280023885707919,-0.006260345750307983
2024-03-15,1593.04,1611.55,1592.57,1597.68,1783358.0,3066692399.0,1256197800.0,0.001419647447241191,0.0005008514579305512,0.0005009769049646451
2024-03-18,1595.36,1599.87,1580.48,1589.09,2605501.0,4446059130.0,1256197800.0,0.002074116830964041,-0.005391051631946198,-0.00537654599168802
2024-03-19,1584.2,1599.96,1575.0,1588.87,2394753.0,4093701261.0,1256197800.0,0.0019063502578972834,-0.0001384535993853575,-0.00013844401512819182
2024-03-20,1584.54,1594.14,1581.62,1590.34,1524925.0,2604543856.0,1256197800.0,0.0012139210879051055,0.0009247581032774121,0.0009251858238874533
2024-03-21,1588.94,1599.08,1585.6,1589.78,1659597.0,2839332631.0,1256197800.0,0.00132112713459616,-0.00035218797138991675,-0.00035212596048639355
2024-03-22,1586.09,1589.77,1570.25,1582.67,2545614.0,4318592818.0,1256197800.0,0.0020264436062537284,-0.004482347651925345,-0.004472316924354236
2024-03-25,1580.05,1580.27,1563.34,1571.19,2447285.0,4131446237.0,1256197800.0,0.0019481685129523391,-0.007280000191359548,-0.007253565177832377
2024-03-26,1569.74,1593.32,1569.74,1590.05,2806907.0,4782899074.0,1256197800.0,0.0022344466771076973,0.011932168242896779,0.012003640552701977
2024-03-27,1586.06,1592.57,1580.48,1582.34,1811258.0,3087792980.0,1256197800.0,0.0014418573253352298,-0.004860698199117053,-0.004848904122511932
2024-03-28,1576.76,1598.15,1575.08,1582.94,2464218.0,4201857059.0,1256197800.0,0.001961648078033571,0.0003791133847155237,0.00037918525727720365
2024-03-29,1582.94,1591.63,1579.64,1584.11,1345655.0,2290584417.0,1256197800.0,0.0010712126704886763,0.0007388579613376578,0.0007391309841180416
2024-04-01,1590.7,1613.04,1589.5,1601.25,2713137.0,4679371035.0,1256197800.0,0.002159800789334291,0.01076183880328152,0.010819955684895577
2024-04-02,1601.88,1604.66,1586.11,1594.42,2544925.0,4360973684.0,1256197800.0,0.002025895125751693,-0.004274540487370082,-0.0042654176424667956
2024-04-03,1613.04,1618.1,1590.73,1595.47,2904580.0,5002390042.0,1256197800.0,0.0023121995596553347,0.0006583299348399407,0.0006585466815518526
2024-04-08,1576.76,1577.69,1546.62,1550.4,5916659.0,9907355766.0,1256197800.0,0.004709974018422895,-0.028655401521911372,-0.028248729214588764
2024-04-09,1544.82,1556.29,1542.76,1546.27,2558982.0,4256226333.0,1256197800.0,0.0020370852424673883,-0.0026673829944572347,-0.00266382868937054
2024-04-10,1546.31,1548.84,1530.25,1533.02,2763050.0,4562853880.0,1256197800.0,0.002199534181639229,-0.008605933040916725,-0.008569007999896572
2024-04-11,1525.7,1534.9,1520.66,1533.04,2276624.0,3736417595.0,1256197800.0,0.0018123133156259308,1.3046059111232466e-05,1.304614421204775e-05
2024-04-12,1535.83,1547.92,1520.04,1520.04,2674433.0,4403968129.0,1256197800.0,0.0021289903548629046,-0.008516041876697855,-0.008479883108072794
2024-04-15,1520.95,1558.72,1520.93,1556.27,3581771.0,5960815532.0,1256197800.0,0.002851279472070402,0.023555282252520016,0.023834899081603078
2024-04-16,1549.31,1562.4,1543.27,1553.5,2626623.0,4382796962.0,1256197800.0,0.0020909310619712917,-0.0017814827029596358,-0.0017798968045390495
2024-04-17,1551.64,1558.34,1542.34,1550.71,2481911.0,4130322018.0,1256197800.0,0.001975732643378296,-0.001797559283204464,-0.0017959446411328628
2024-04-18,1543.28,1565.58,1542.51,1554.23,2656841.0,4445487745.0,1256197800.0,0.0021149861908689857,0.0022673555740189144,0.002269927968479024
2024-04-19,1544.93,1552.11,1526.79,1531.77,2349992.0,3879233242.0,1256197800.0,0.001870718130536449,-0.014556316642401868,-0.014450885647555367
2024-04-22,1538.62,1561.76,1530.25,1558.21,2995139.0,5001684635.0,1256197800.0,0.0023842893213154807,0.017113797056054203,0.0172610770546493
2024-04-23,1558.15,1576.76,1558.15,1574.23,2497995.0,4217855279.0,1256197800.0,0.001988536359480967,0.010228537288138995,0.010281027589349234
2024-04-24,1578.6,1581.33,1565.9,1575.46,1708643.0,2893555635.0,1256197800.0,0.0013601703489689284,0.0007810292838499322,0.0007813343666427386
2024-04-25,1572.41,1577.32,1564.9,1574.94,1447648.0,2447183879.0,1256197800.0,0.0011524045019024871,-0.00033011681356143185,-0.00033006233100174587
2024-04-26,1575.83,1594.43,1575.81,1590.18,3099592.0,5290248521.0,1256197800.0,0.0024674394430558625,0.00963004105796017,0.009676559107013594
2024-04-29,1578.57,1607.46,1575.66,1585.13,4133223.0,7072096590.0,1256197800.0,0.003290264479049398,-0.0031807944784985054,-0.003175741111069108
2024-04-30,1586.07,1609.21,1586.06,1586.06,3075989.0,5273902374.0,1256197800.0,0.002448650204609497,0.0005865306251982005,0.0005867026679198251
2024-05-06,1613.01,1641.88,1606.53,1637.41,5990949.0,10504351712.0,1256197800.0,0.004769112794179388,0.031862771666233414,0.032375824369822226
2024-05-07,1642.61,1653.78,1634.14,1646.53,2492452.0,4413196426.0,1256197800.0,0.0019841238378223557,0.0055543179511978735,0.005569771773715759
2024-05-08,1646.24,1646.5,1633.2,1640.92,1476909.0,2603293863.0,1256197800.0,0.0011756978080999664,-0.0034129829780837895,-0.0034071653720247896
2024-05-09,1635.36,1641.86,1627.92,1633.5,2238734.0,3929804849.0,1256197800.0,0.001782150868278865,-0.004532108098878496,-0.00452185359432522
2024-05-10,1638.25,1644.55,1613.03,1617.67,2620661.0,4571398242.0,1256197800.0,0.00208618499411478,-0.009738109725057953,-0.009690847872666053
2024-05-13,1611.2,1611.79,1582.54,1586.99,3766212.0,6435415674.0,1256197800.0,0.002998104279437522,-0.01914770200673832,-0.018965549215847477
2024-05-14,1586.98,1593.75,1581.42,1583.25,2127417.0,3623282672.0,1256197800.0,0.0016935366388955624,-0.0023594439127894162,-0.00235666261287093
2024-05-15,1583.81,1588.85,1580.1,1581.41,1573876.0,2677203002.0,1256197800.0,0.001252888677244937,-0.0011628422688927387,-0.0011621664298120393
2024-05-16,1586.06,1590.6,1572.11,1585.6,2967954.0,5048754769.0,1256197800.0,0.0023626486211009126,0.0026460304480764307,0.0026495342763734886
2024-05-17,1581.42,1596.83,1581.41,1595.36,2892388.0,4936920634.0,1256197800.0,0.002302494081744133,0.006136531504759901,0.006155398587285532
2024-05-20,1598.14,1612.1,1588.95,1589.78,3142572.0,5401389335.0,1256197800.0,0.0025016538000623787,-0.0035037742193688715,-0.0034976431651789763
2024-05-21,1588.85,1590.46,1579.7,1586.06,1629339.0,2776847499.0,1256197800.0,0.0012970401635793345,-0.002342688360458034,-0.0023399464076790943
2024-05-22,1584.2,1590.67,1573.04,1579.28,2028568.0,3443977767.0,1256197800.0,0.001614847598045467,-0.004283906543244065,-0.00427474370452563
2024-05-23,1581.41,1587.34,1572.18,1573.98,1888497.0,3199923320.0,1256197800.0,0.0015033436613246735,-0.0033616035410961587,-0.003355959677827869
2024-05-24,1574.9,1576.76,1560.01,1560.09,2021663.0,3401323915.0,1256197800.0,0.0016093508522304369,-0.008863931529178082,-0.008824762703465217
2024-05-27,1560.94,1569.74,1551.65,1553.61,2509791.0,4199001866.0,1256197800.0,0.0019979266004127695,-0.004162256707559209,-0.004153606522700581
2024-05-28,1553.87,1558.31,1546.99,1548.52,2352087.0,3923020375.0,1256197800.0,0.0018723858615259477,-0.0032816191248334903,-0.0032762404979369553
2024-05-29,1549.78,1562.8,1548.85,1557.22,1965128.0,3289173345.0,1256197800.0,0.0015643459971033224,0.005602544164451828,0.005618267765350238
2024-05-30,1558.15,1558.51,1533.97,1533.97,3220792.0,5333306808.0,1256197800.0,0.002563921064023516,-0.01504303419770281,-0.01493045298673279
2024-05-31,1535.36,1547.46,1533.46,1533.46,2185665.0,3617654788.0,1256197800.0,0.0017399051327744723,-0.0003325259286759419,-0.0003324706480569706
2024-06-03,1534.9,1535.75,1521.05,1525.03,3026105.0,4966041477.0,1256197800.0,0.0024089398978409293,-0.00551253811365271,-0.005497371956229791
2024-06-04,1526.06,1540.48,1522.39,1537.87,2084108.0,3432497303.0,1256197800.0,0.001659060380459192,0.008384260156347523,0.008419506501511353
2024-06-05,1536.76,1542.97,1528.41,1529.32,1905557.0,3140824328.0,1256197800.0,0.0015169243251341468,-0.005575149988182204,-0.005559637680688234
2024-06-06,1529.0,1536.75,1521.79,1525.42,2561005.0,4205700983.0,1256197800.0,0.002038695657642451,-0.002553410188079752,-0.002550153009180489
2024-06-07,1531.3,1531.34,1506.07,1506.23,3352455.0,5453120695.0,1256197800.0,0.002668731787302923,-0.012659941816738574,-0.01258014186256906
2024-06-11,1491.17,1493.04,1457.69,1459.55,7024676.0,11090577610.0,1256197800.0,0.005592014251258839,-0.031481671127505884,-0.03099128287180586
2024-06-12,1460.48,1479.08,1460.48,1462.04,3317050.0,5230086503.0,1256197800.0,0.0026405475316068853,0.0017045517015672473,0.00170600527559861
2024-06-13,1466.78,1466.89,1444.8,1446.53,3618597.0,5654938942.0,1256197800.0,0.0028805949190485766,-0.010665135798891612,-0.010608464884681701
2024-06-14,1446.52,1454.86,1414.39,1446.52,5951416.0,9177637168.0,1256197800.0,0.004737642431789007,-6.9131193720650685e-06,-6.9130954767349095e-06
2024-06-17,1425.4,1440.73,1405.6,1433.97,4831816.0,7400883243.0,1256197800.0,0.0038463815173056344,-0.008713850359673536,-0.0086759948013162
2024-06-18,1424.1,1446.1,1410.88,1415.36,4125825.0,6317590943.0,1256197800.0,0.0032843752791160757,-0.013062905758674859,-0.012977956303130589
2024-06-19,1422.36,1428.06,1407.27,1425.21,4126153.0,6167728416.0,1256197800.0,0.003284636384492952,0.006935255586182798,0.006959360162785533
2024-06-20,1424.26,1439.47,1422.37,1424.36,2471068.0,3715924984.0,1256197800.0,0.0019671010409347957,-0.000596581256266937,-0.0005964033370521316
2024-06-21,1424.74,1428.99,1395.99,1396.73,4331997.0,6418543742.0,1256197800.0,0.0034484991137542194,-0.019588799727852546,-0.019398185851891347
2024-06-24,1351.15,1413.81,1342.62,1402.0,6383993.0,9319362390.0,1256197800.0,0.005081996640974853,0.0037659983125104546,0.003773098594574531
2024-06-25,1402.43,1427.1,1402.43,1411.59,4209795.0,6273919386.0,1256197800.0,0.0033512198477023284,0.006816940021668216,0.006840228245363678
2024-06-26,1405.27,1425.28,1403.19,1414.03,2956977.0,4414601922.0,1256197800.0,0.0023539103475583223,0.0017270550226049508,0.0017285472410544234
2024-06-27,1416.67,1418.54,1393.88,1415.23,3282178.0,4857959457.0,1256197800.0,0.0026127875721482716,0.0008482783992684872,0.000848638289145276
2024-06-28,1405.27,1419.03,1390.08,1393.3,3858202.0,5699649047.0,1256197800.0,0.003071333192909588,-0.015617027918531257,-0.015495714477505418
2024-07-01,1394.72,1398.62,1355.9,1367.65,3216138.0,4636689118.0,1256197800.0,0.0025602162334625966,-0.018581095624937483,-0.01840953132850054
2024-07-02,1360.65,1422.37,1360.65,1415.43,5185298.0,7659166816.0,1256197800.0,0.004127771916174348,0.03433943334424505,0.034935838847658385
2024-07-03,1423.31,1436.62,1412.89,1424.26,3157326.0,4740808130.0,1256197800.0,0.002513398765703936,0.0062190087362514745,0.006238386921288974
2024-07-04,1429.01,1435.66,1406.35,1410.72,2437973.0,3637968895.0,1256197800.0,0.0019407556676185869,-0.009552168236387715,-0.009506691194023587
2024-07-05,1404.32,1417.79,1376.79,1379.64,3882938.0,5664477336.0,1256197800.0,0.003091024359380346,-0.022277616785068233,-0.022031303164341542
2024-07-08,1370.14,1384.17,1347.49,1348.3,3952705.0,5657951348.0,1256197800.0,0.0031465625875160743,-0.022978055913619677,-0.022716070859064796
2024-07-09,1348.3,1381.43,1338.9,1365.42,3362071.0,4807957927.0,1256197800.0,0.002676386632742073,0.012617533959152993,0.012697470889267981
2024-07-10,1366.58,1391.87,1362.55,1365.01,2376322.0,3436693365.0,1256197800.0,0.0018916782054545869,-0.0003003189996313438,-0.00030027390839459933
2024-07-11,1376.76,1394.83,1367.49,1388.27,2902014.0,4236960596.0,1256197800.0,0.0023101568877130657,0.016896613045439324,0.017040168203895867
2024-07-12,1398.64,1411.35,1391.46,1404.15,2338634.0,3451132648.0,1256197800.0,0.0018616765608091338,0.011373769840873571,0.01143869708342038
2024-07-15,1395.78,1412.87,1395.78,1400.43,1917626.0,2835374730.0,1256197800.0,0.00152653188852902,-0.0026528051840823963,-0.0026492896058113447
2024-07-16,1401.48,1407.17,1391.08,1401.48,2031644.0,2998367128.0,1256197800.0,0.0016172962570066593,0.000749488776692786,0.0007497697135878667
2024-07-17,1401.57,1427.11,1395.8,1425.59,3431101.0,5115680654.0,1256197800.0,0.0027313381698328082,0.017056942023120136,0.01720324228672543
2024-07-18,1423.79,1438.51,1417.17,1421.9,2887039.0,4337214601.0,1256197800.0,0.002298235994363308,-0.0025917576992657843,-0.002588401994963352
2024-07-19,1415.54,1451.97,1409.08,1448.59,3894291.0,5888615145.0,1256197800.0,0.00310006194884277,0.018596664118170736,0.01877065897742436
2024-07-22,1448.03,1452.73,1416.34,1423.31,2854321.0,4300813310.0,1256197800.0,0.002272190733019911,-0.017605524542935846,-0.017451452792025313
2024-07-23,1423.31,1425.21,1381.54,1381.54,3094396.0,4555460198.0,1256197800.0,0.0024633031517807148,-0.02978632599778397,-0.029347085315215904
2024-07-24,1376.98,1389.8,1362.55,1367.31,2412255.0,3490200973.0,1256197800.0,0.0019202827771231568,-0.010353513007586024,-0.0103000998885302
2024-07-25,1367.31,1374.89,1348.31,1358.26,2834656.0,4054086714.0,1256197800.0,0.002256536351202016,-0.006640837152791512,-0.0066188355237656316
2024-07-26,1358.26,1365.13,1339.66,1350.38,3235379.0,4594928574.0,1256197800.0,0.0025755330888177007,-0.005818434513924942,-0.005801540205851552
2024-07-29,1343.56,1350.19,1327.41,1327.43,3086907.0,4342610100.0,1256197800.0,0.002457341511026369,-0.017141292276493303,-0.01699521616137678
2024-07-30,1316.0,1320.07,1292.57,1310.31,5177904.0,7103491566.0,1256197800.0,0.004121885900452938,-0.012980991607530079,-0.01289710191874538
2024-07-31,1303.77,1355.21,1303.77,1349.52,4327232.0,6098149721.0,1256197800.0,0.0034447059213127103,0.02948522323060221,0.029924216406804538
2024-08-01,1346.4,1348.3,1314.79,1316.17,3203810.0,4470988088.0,1256197800.0,0.002550402492346349,-0.025022969778417448,-0.024712490366945228
2024-08-02,1304.25,1326.44,1304.25,1315.5,2192769.0,3041726372.0,1256197800.0,0.0017455602931321804,-0.0005091823932907857,-0.0005090527819354707
2024-08-05,1318.75,1354.0,1315.56,1338.82,3773607.0,5327127147.0,1256197800.0,0.0030039910912119092,0.017571807496362446,0.01772709996199162
2024-08-06,1350.2,1352.1,1323.63,1333.78,2744433.0,3860735014.0,1256197800.0,0.0021847140633425724,-0.0037716126427636,-0.0037645090452786967
2024-08-07,1334.54,1350.19,1327.7,1344.03,2062221.0,2910580747.0,1256197800.0,0.0016416371689235564,0.00765554692860082,0.007684925549940713
2024-08-08,1339.76,1375.06,1337.86,1358.45,2513082.0,3592705430.0,1256197800.0,0.002000546410764292,0.010671780626560157,0.010728927181685055
2024-08-09,1386.31,1394.83,1364.26,1364.26,3013849.0,4368705515.0,1256197800.0,0.0023991834725391177,0.004267813185187208,0.004276933269535155
2024-08-12,1357.8,1370.14,1354.55,1363.59,1363203.0,1956573438.0,1256197800.0,0.0010851818081515506,-0.0004912293663315026,-0.0004911087329395603
2024-08-13,1360.65,1362.55,1340.72,1351.16,1630843.0,2317037756.0,1256197800.0,0.001298237427258669,-0.009157444968130868,-0.009115643265204199
2024-08-14,1351.16,1352.96,1340.73,1341.94,1341431.0,1898377426.0,1256197800.0,0.0010678501427084173,-0.006847154596671068,-0.0068237662453003445
2024-08-15,1334.09,1363.49,1333.06,1354.85,2303897.0,3275699572.0,1256197800.0,0.0018340240685025878,0.009574418935809348,0.009620400315960342
2024-08-16,1354.75,1363.42,1345.46,1358.94,1645470.0,2349825846.0,1256197800.0,0.0013098812941719847,0.003014236987152863,0.0030187843672733194
2024-08-19,1359.7,1385.22,1353.05,1353.47,2043279.0,2942106435.0,1256197800.0,0.0016265583334089584,-0.004033319015444015,-0.0040251961087318655
2024-08-20,1357.7,1357.73,1342.61,1350.89,1859138.0,2644814344.0,1256197800.0,0.0014799723419353227,-0.0019080305748682136,-0.0019062114417016662
2024-08-21,1348.3,1355.88,1344.21,1346.01,1509165.0,2144746551.0,1256197800.0,0.0012013752929673973,-0.0036189738782308467,-0.003612433284723493
2024-08-22,1344.51,1348.3,1329.32,1338.86,1952729.0,2750868073.0,1256197800.0,0.0015544757362256168,-0.005326155011266209,-0.00531199619616507
2024-08-23,1336.91,1351.63,1335.12,1343.55,1532046.0,2166499202.0,1256197800.0,0.0012195897811634441,0.003496859002999564,0.0035029801472894473
2024-08-26,1345.45,1351.97,1332.3,1340.71,1562841.0,2207595461.0,1256197800.0,0.0012441042326296066,-0.0021160402194304595,-0.002113802984630264
2024-08-27,1340.71,1341.66,1330.37,1333.18,1365740.0,1920770570.0,1256197800.0,0.0010872013945574495,-0.005632258548971869,-0.005616427116975298
2024-08-28,1333.18,1335.01,1305.58,1318.87,3166351.0,4388025875.0,1256197800.0,0.002520583143832922,-0.01079175647568853,-0.010733734379453796
2024-08-29,1310.32,1346.4,1310.32,1341.94,2747161.0,3864270621.0,1256197800.0,0.002186885695867323,0.017341018797938368,0.017492247150970197
2024-08-30,1341.66,1384.45,1334.06,1370.32,3873923.0,5576118649.0,1256197800.0,0.003083847941781143,0.020927961046568022,0.021148486519516396
2024-09-02,1357.8,1365.39,1324.57,1324.57,3413459.0,4801049927.0,1256197800.0,0.002717294203189975,-0.03395641074199851,-0.03338636230953351
2024-09-03,1327.41,1343.54,1322.69,1338.81,1788760.0,2516125842.0,1256197800.0,0.0014239477254298647,0.010693281237105445,0.010750658704334226
2024-09-04,1331.21,1347.53,1329.07,1329.31,1421109.0,1995221417.0,1256197800.0,0.0011312780519118883,-0.007121149083240574,-0.007095853780596184
2024-09-05,1329.79,1335.96,1326.46,1333.95,1450295.0,2033680839.0,1256197800.0,0.0011545116541359967,0.003484454912163315,0.0034905326823690963
2024-09-06,1334.06,1335.01,1327.41,1327.41,1032104.0,1445537257.0,1256197800.0,0.0008216094630957004,-0.004914790306128403,-0.004902732486225081
2024-09-09,1310.33,1323.34,1300.9,1305.58,2863755.0,3950086825.0,1256197800.0,0.002279700696817014,-0.01658228874256995,-0.016445559397624043
2024-09-10,1300.85,1322.67,1300.85,1308.42,1980284.0,2737295644.0,1256197800.0,0.0015764109760421487,0.0021729159276482335,0.00217527842031906
2024-09-11,1306.15,1315.91,1296.08,1310.32,2099577.0,2892932794.0,1256197800.0,0.0016713745239802203,0.0014510797814155652,0.0014521331071062349
2024-09-12,1310.32,1315.07,1267.51,1267.65,4794831.0,6482445000.0,1256197800.0,0.003816939497903913,-0.03310658951552359,-0.032564564381219685
2024-09-13,1263.8,1264.75,1231.8,1238.28,5600511.0,7329376917.0,1256197800.0,0.004458303461445323,-0.023441472742977254,-0.023168855756715234
2024-09-18,1234.36,1234.37,1202.71,1202.93,4618531.0,5895948011.0,1256197800.0,0.003676595357832978,-0.02896307249759822,-0.02854766288723065
2024-09-19,1198.28,1227.6,1182.93,1197.33,5998821.0,7623739997.0,1256197800.0,0.004775379323224416,-0.0046661696322853885,-0.004655299975892313
2024-09-20,1197.81,1209.58,1186.92,1200.1,3998184.0,5038507835.0,1256197800.0,0.0031827662809153145,0.002310808851655466,0.002313480828175951
2024-09-23,1203.98,1228.19,1197.01,1197.84,4554969.0,5809791682.0,1256197800.0,0.0036259966384274834,-0.0018849518079315786,-0.0018831764019664465
2024-09-24,1220.21,1303.68,1201.22,1303.3,10041281.0,13297277523.0,1256197800.0,0.007993391645806099,0.08437957470721003,0.08804180858879329
2024-09-25,1329.36,1354.95,1326.19,1328.36,7395380.0,10420109655.0,1256197800.0,0.005887114274519507,0.019045589100334936,0.019228113250978174
2024-09-26,1329.28,1452.63,1325.52,1451.8,9727806.0,14269262657.0,1256197800.0,0.007743848938439472,0.08885906721373171,0.09292661627871968
2024-09-27,1519.22,1546.94,1486.32,1546.94,8792167.0,14050260569.0,1256197800.0,0.006999030725893645,0.0634746202255112,0.06553244248519086
2024-09-30,1606.57,1671.02,1568.59,1659.74,15729341.0,26982747037.0,1256197800.0,0.012521388749446942,0.07038217750110132,0.07291814808589847
2024-10-08,1813.56,1813.56,1595.35,1636.0,19470947.0,35114075007.0,1256197800.0,0.015499905349300883,-0.014406725414660926,-0.01430344511791004
2024-10-09,1614.17,1614.17,1509.72,1514.61,12019684.0,19708432734.0,1256197800.0,0.009568305246196101,-0.07709625810149046,-0.0741992665036676
2024-10-10,1540.35,1583.86,1510.67,1557.2,7460342.0,12198964035.0,1256197800.0,0.005938827468094595,0.027731356675099406,0.028119449891391257
2024-10-11,1533.84,1557.16,1509.72,1523.95,4191471.0,6764982707.0,1256197800.0,0.0033366329729283078,-0.021583688426867198,-0.02135242743385568
2024-10-14,1531.56,1538.8,1501.34,1521.1,4481202.0,7181350822.0,1256197800.0,0.0035672741983786313,-0.001871890991736791,-0.0018701400964599157
2024-10-15,1518.27,1520.16,1474.6,1475.78,4357143.0,6884141869.0,1256197800.0,0.0034685166619460727,-0.030247093757071575,-0.029794227861416056
2024-10-16,1463.08,1471.55,1433.76,1445.63,4666440.0,7140169692.0,1256197800.0,0.003714733459969441,-0.020641450869272937,-0.020429874371518664
2024-10-17,1459.4,1460.02,1418.01,1419.14,3945955.0,5964778958.0,1256197800.0,0.003141189229912678,-0.01849415836909518,-0.018324190837212817
2024-10-18,1417.62,1488.68,1404.29,1463.19,6861930.0,10418043492.0,1256197800.0,0.005462459813255524,0.030567929395341586,0.031039925588736805
2024-10-21,1463.39,1471.71,1444.4,1451.61,4200790.0,6433918335.0,1256197800.0,0.003344051390632908,-0.007945698452288319,-0.007914214831976851
2024-10-22,1449.48,1481.41,1447.24,1465.09,3626913.0,5607826492.0,1256197800.0,0.002887214895615961,0.009243388745999503,0.00928624079470386
2024-10-23,1466.15,1497.33,1454.65,1488.36,4008846.0,6259600035.0,1256197800.0,0.0031912537977697463,0.01575816860392809,0.015882983297954345
2024-10-24,1482.18,1495.48,1467.0,1473.83,2392280.0,3723973209.0,1256197800.0,0.0019043816188819946,-0.009810387946017407,-0.009762423069687443
2024-10-25,1468.89,1495.28,1467.95,1480.14,2774508.0,4328271351.0,1256197800.0,0.0022086553566643724,0.00427222320974785,0.004281362165243108
2024-10-28,1481.23,1485.98,1445.37,1485.98,3912140.0,6064453668.0,1256197800.0,0.0031142706984521066,0.003937809357961619,0.003945572716094414
2024-10-29,1481.23,1500.23,1452.75,1454.29,4116578.0,6368105233.0,1256197800.0,0.0032770141772259114,-0.02155667823725871,-0.021325993620371797
2024-10-30,1448.0,1472.87,1446.49,1454.65,3200574.0,4913175983.0,1256197800.0,0.0025478264649086316,0.0002475128409917815,0.0002475434748228089
2024-10-31,1454.79,1462.24,1443.25,1450.65,2995735.0,4575545180.0,1256197800.0,0.002384763768890536,-0.002753590009580975,-0.002749802357955522
2024-11-01,1444.2,1467.12,1444.01,1456.31,3228392.0,4954302212.0,1256197800.0,0.002569971066658451,0.003894107350898679,0.003901699238272327
2024-11-04,1466.93,1471.74,1450.91,1470.03,2909292.0,4481761764.0,1256197800.0,0.0023159505612889947,0.009376969545822789,0.009421071063166586
2024-11-05,1462.24,1498.04,1458.46,1497.37,4564047.0,7134443464.0,1256197800.0,0.003633223207364318,0.018427427141222807,0.018598259899457847
2024-11-06,1495.48,1508.76,1482.39,1491.68,3763143.0,5916917616.0,1256197800.0,0.0029956611928471776,-0.003807234320643005,-0.0037999959929742033
2024-11-07,1483.57,1570.01,1483.42,1565.87,7473872.0,12074951757.0,1256197800.0,0.005949598064890736,0.04853857850797638,0.04973586828274157
2024-11-08,1577.03,1582.94,1520.17,1528.68,6077120.0,9885645907.0,1256197800.0,0.004837709475370837,-0.024036962146664287,-0.023750375190788375
2024-11-11,1509.72,1528.66,1488.06,1517.33,4385365.0,6957095385.0,1256197800.0,0.003490982869099118,-0.0074524066106071984,-0.0074247062825445465
2024-11-12,1508.77,1541.05,1494.48,1497.57,4922266.0,7844798676.0,1256197800.0,0.003918384509191148,-0.01310841682768693,-0.01302287570930516
2024-11-13,1488.83,1506.55,1482.45,1498.8,2912526.0,4594445032.0,1256197800.0,0.0023185249966207553,0.0008209934481309134,0.0008213305554998218
2024-11-14,1490.73,1513.95,1486.6,1494.34,2924814.0,4617144097.0,1256197800.0,0.0023283068956178716,-0.0029801501439168376,-0.0029757139044569447
2024-11-15,1489.78,1503.83,1474.59,1480.29,3376112.0,5295326892.0,1256197800.0,0.002687564012610116,-0.009446623266408771,-0.009402144090367659
2024-11-18,1483.13,1496.42,1476.49,1480.29,2709219.0,4237197499.0,1256197800.0,0.002156681853765386,0.0,0.0
2024-11-19,1485.98,1490.13,1448.0,1464.07,3326643.0,5138831155.0,1256197800.0,0.002648184067827535,-0.011017785923362666,-0.01095731241851261
2024-11-20,1465.09,1475.51,1453.98,1466.81,2134455.0,3292675257.0,1256197800.0,0.001699139259756704,0.0018697461501266943,0.001871495215392649
2024-11-21,1465.92,1470.78,1454.65,1467.12,1826179.0,2810933515.0,1256197800.0,0.0014537352318241602,0.00021132065260864863,0.00021134298239022797
2024-11-22,1463.34,1469.62,1431.69,1431.69,3343611.0,5107288992.0,1256197800.0,0.002661691494763006,-0.024445730750190187,-0.024149353836086962
2024-11-25,1434.71,1454.65,1421.1,1422.91,3318556.0,5011136234.0,1256197800.0,0.0026417463873921764,-0.006151494210673292,-0.00613261250689745
2024-11-26,1422.91,1442.19,1413.71,1432.81,2574479.0,3876885984.0,1256197800.0,0.0020494216754718088,0.0069334806355803025,0.006957572861248984
2024-11-27,1432.81,1445.3,1429.01,1442.35,2593417.0,3927607772.0,1256197800.0,0.0020644973267744935,0.00663617677684325,0.006658244987123085
2024-11-28,1445.15,1447.99,1426.16,1441.36,2395203.0,3627662382.0,1256197800.0,0.0019067084817375097,-0.0006866155326950008,-0.0006863798661905784
2024-11-29,1440.41,1476.49,1436.81,1448.7,3608810.0,5534035503.0,1256197800.0,0.002872803948550141,0.005079490240161633,0.005092412721318773
2024-12-02,1448.95,1452.74,1438.6,1448.0,2681954.0,4086609952.0,1256197800.0,0.0021349774693125555,-0.00048330860194489844,-0.00048319182715539366
2024-12-03,1447.05,1451.71,1439.53,1449.65,2480662.0,3777197199.0,1256197800.0,0.001974738373208423,0.0011388540219394727,0.0011395027624310217
2024-12-04,1443.32,1446.73,1433.76,1443.25,2392389.0,3626565544.0,1256197800.0,0.0019044683886566272,-0.004424633026557601,-0.00441485875901082
2024-12-05,1434.58,1441.22,1433.76,1434.71,1614147.0,2441318387.0,1256197800.0,0.00128494652673329,-0.005934776762711813,-0.005917200762168728
2024-12-06,1436.61,1461.2,1431.93,1444.21,3203969.0,4883148600.0,1256197800.0,0.0025505290647698953,0.006599721063496489,0.006621547211631551
2024-12-09,1445.17,1452.48,1436.8,1442.12,1979986.0,3008173586.0,1256197800.0,0.001576173752254621,-0.0014482061062182083,-0.0014471579617924002
2024-12-10,1490.73,1499.97,1467.16,1468.5,6031210.0,9421340719.0,1256197800.0,0.004801162683137958,0.0181272185030652,0.018292513799129217
2024-12-11,1462.24,1476.49,1453.68,1458.07,2967112.0,4569662604.0,1256197800.0,0.0023619783444932,-0.007127828248624901,-0.0071024855294519185
2024-12-12,1454.67,1486.93,1451.8,1486.74,4193652.0,6510547810.0,1256197800.0,0.0033383691644739387,0.019472160093656044,0.019662979143662662
2024-12-13,1471.75,1476.48,1442.19,1442.3,4951197.0,7580908315.0,1256197800.0,0.003941415117905795,-0.030346741894241802,-0.029890902242490358
2024-12-16,1444.2,1451.8,1434.43,1450.09,3253710.0,4945298799.0,1256197800.0,0.002590125535962569,0.005386561864474615,0.005401095472509221
2024-12-17,1448.94,1489.78,1444.21,1479.34,5417163.0,8398945449.0,1256197800.0,0.004312348739983464,0.019970418894811104,0.020171161789957814
2024-12-18,1479.31,1497.38,1468.99,1492.15,4116226.0,6440801971.0,1256197800.0,0.0032767339665775567,0.008621990554561698,0.008659266970405755
2024-12-19,1486.12,1488.76,1472.05,1472.7,2480932.0,3862602665.0,1256197800.0,0.001974953307512559,-0.013120582171195494,-0.013034882552022231
2024-12-20,1476.56,1486.85,1465.84,1467.75,2815774.0,4307425535.0,1256197800.0,0.002241505278866115,-0.0033668347878208493,-0.0033611733550621414
2024-12-23,1468.72,1483.18,1462.93,1472.04,2160269.0,3300971424.0,1256197800.0,0.0017196885713380487,0.002918577888365803,0.0029228410832906615
2024-12-24,1470.65,1488.97,1467.36,1483.97,2210492.0,3394160299.0,1256197800.0,0.001759668740066254,0.008071735056902618,0.008104399336974488
2024-12-25,1483.95,1483.95,1471.71,1475.47,1712339.0,2621061878.0,1256197800.0,0.0013631125607766548,-0.005744345804085782,-0.005727878595928493
2024-12-26,1479.33,1483.94,1468.72,1473.34,1828651.0,2798840003.0,1256197800.0,0.0014557030747864707,-0.0014446508052037288,-0.001443607799548663
2024-12-27,1474.41,1481.25,1465.34,1474.48,2075932.0,3170191445.0,1256197800.0,0.001652551851308767,0.0007734529630933906,0.0007737521549677773
2024-12-30,1479.3,1488.93,1470.65,1470.65,2512982.0,3849542646.0,1256197800.0,0.002000466805466464,-0.0026009053312208152,-0.002597525907438558
2024-12-31,1471.03,1489.93,1467.76,1469.68,3935445.0,6033540366.0,1256197800.0,0.003132822713110945,-0.0006597899114648698,-0.0006595722979635399
2025-01-02,1469.68,1470.15,1427.25,1434.97,5002870.0,7490883773.0,1256197800.0,0.003982549563452507,-0.02390074694883726,-0.02361738609765396
2025-01-03,1441.23,1441.71,1414.72,1422.43,3262836.0,4836610288.0,1256197800.0,0.0025973903154423612,-0.008777266401008177,-0.008738858652097226
2025-01-06,1401.21,1410.53,1381.73,1388.68,4425512.0,6392479712.0,1256197800.0,0.003522942008018164,-0.024013021007877278,-0.023727002383245543
2025-01-07,1393.17,1400.14,1387.71,1388.87,2422118.0,3494634227.0,1256197800.0,0.001928134247647942,0.00013681121873254654,0.00013682057781472245
2025-01-08,1388.68,1400.07,1375.81,1391.09,3525821.0,5071821246.0,1256197800.0,0.0028067403079355814,0.001597145622175944,0.001598421738535638
2025-01-09,1397.35,1412.38,1381.91,1392.53,2970565.0,4295852736.0,1256197800.0,0.0023647271154272043,0.0010346240711402999,0.0010351594792572527
2025-01-10,1395.52,1400.2,1384.82,1384.82,2187195.0,3154677598.0,1256197800.0,0.0017411230938312423,-0.005552069278525806,-0.0055366850265344825
2025-01-13,1374.21,1392.96,1371.33,1392.51,2108251.0,3030806870.0,1256197800.0,0.0016782794875138294,0.005537706827716704,0.00555306826880031
2025-01-14,1393.45,1425.98,1390.6,1420.02,3095657.0,4535651504.0,1256197800.0,0.002464306974586327,0.01956308189896383,0.019755692957321713
2025-01-15,1414.71,1422.04,1407.97,1418.83,1839934.0,2701518712.0,1256197800.0,0.0014646849405404148,-0.0008383676979759613,-0.0008380163659666984
2025-01-16,1421.46,1429.82,1390.6,1394.83,2634213.0,3840411437.0,1256197800.0,0.002096973104076444,-0.017060044275000408,-0.01691534574261888
2025-01-17,1394.84,1408.93,1394.83,1402.9,1830894.0,2663227309.0,1256197800.0,0.0014574886216167549,0.005768978694540294,0.005785651298007677
2025-01-20,1408.93,1436.69,1407.96,1422.24,3140975.0,4647626351.0,1256197800.0,0.002500382503456064,0.01369157076863825,0.013785729560196636
2025-01-21,1428.21,1429.18,1412.79,1415.82,1685604.0,2481821229.0,1256197800.0,0.001341830084402313,-0.004524224964026935,-0.004514006074924137
2025-01-22,1411.12,1415.63,1386.75,1389.64,2829384.0,4088101682.0,1256197800.0,0.0022523395599005186,-0.018664147754784643,-0.018491051122317748
2025-01-23,1398.29,1415.68,1386.75,1391.57,2712504.0,3932700850.0,1256197800.0,0.0021592968877990394,0.0013878853519164736,0.0013888489105091661
2025-01-24,1390.6,1396.19,1379.33,1384.82,3136034.0,4515322685.0,1256197800.0,0.002496449205690378,-0.004862438849987605,-0.004850636331625413
2025-01-27,1385.78,1392.5,1376.16,1383.84,2935646.0,4213534543.0,1256197800.0,0.002336929741478611,-0.0007079237182807674,-0.0007076731994050123
2025-02-05,1388.68,1391.57,1352.23,1353.77,4075652.0,5753730034.0,1256197800.0,0.0032444349130367847,-0.021968950575585566,-0.021729390681003546
2025-02-06,1350.11,1371.31,1350.11,1362.48,2735582.0,3859568163.0,1256197800.0,0.0021776681984318077,0.006413275547964226,0.0064338846332834265
2025-02-07,1363.29,1391.26,1353.39,1384.82,3724207.0,5310850624.0,1256197800.0,0.0029646660740848298,0.016263598745902108,0.016396570958839618
2025-02-10,1386.75,1388.68,1376.23,1380.49,2083979.0,2988101756.0,1256197800.0,0.0016589576896249938,-0.0031316586847731642,-0.0031267601565545533
2025-02-11,1383.81,1384.78,1365.44,1367.46,2357283.0,3348668867.0,1256197800.0,0.0018765221528010956,-0.009483504180414215,-0.009438677571007359
2025-02-12,1367.46,1393.5,1366.38,1391.57,2547579.0,3644170477.0,1256197800.0,0.0020280078503560504,0.017477601715174984,0.017631228701388002
2025-02-13,1391.59,1422.67,1383.38,1412.84,4338536.0,6335985851.0,1256197800.0,0.0034537045041791985,0.015169256893213579,0.015284894040544117
2025-02-14,1412.84,1424.36,1406.25,1422.43,2709992.0,3978694098.0,1256197800.0,0.0021572972027175973,0.00676481363115311,0.00678774666628934
2025-02-17,1428.21,1441.7,1414.81,1419.17,3247059.0,4804663813.0,1256197800.0,0.002584830987604022,-0.0022944829886188955,-0.002291852674648265
2025-02-18,1417.61,1439.78,1409.97,1422.43,2779992.0,4113845397.0,1256197800.0,0.002213020911197265,0.0022944829886188955,0.0022971173291430613
2025-02-19,1422.48,1441.18,1412.69,1437.86,3239331.0,4803378441.0,1256197800.0,0.002578679090187867,0.010789220449722414,0.010847633978473326
2025-02-20,1430.14,1438.79,1420.88,1421.46,2374973.0,3513552984.0,1256197800.0,0.0018906043299868858,-0.011471384694904607,-0.01140583923330496
2025-02-21,1427.25,1443.38,1420.51,1435.17,3641783.0,5418169587.0,1256197800.0,0.002899052203402999,0.009598796670372778,0.009645012874087255
2025-02-24,1434.97,1446.07,1421.46,1426.35,3474373.0,5157907322.0,1256197800.0,0.0027657849743089823,-0.006164575422464402,-0.006145613411651651
2025-02-25,1417.62,1420.88,1400.25,1402.18,2838743.0,4142814459.0,1256197800.0,0.0022597898197242506,-0.01709056528294539,-0.01694535001927988
2025-02-26,1403.58,1412.75,1393.5,1407.97,2636609.0,3835949041.0,1256197800.0,0.0020988804470124054,0.004120782302194925,0.004129284400005595
2025-02-27,1407.98,1436.8,1402.18,1432.61,4976217.0,7368002361.0,1256197800.0,0.003961332363422385,0.017349004798686174,0.017500372877262915
2025-02-28,1432.55,1473.91,1429.18,1447.3,5612895.0,8475738166.0,1256197800.0,0.004468161781528355,0.010201796172060185,0.010254011908335192
2025-03-03,1449.04,1466.78,1428.7,1434.02,3159566.0,4736679903.0,1256197800.0,0.0025151819243752855,-0.009218062579856579,-0.00917570648794308
2025-03-04,1432.07,1433.04,1412.99,1417.71,2521121.0,3710675863.0,1256197800.0,0.002006945880656693,-0.011438795286499825,-0.011373621009469814
2025-03-05,1419.54,1421.46,1408.06,1414.11,2460522.0,3606932152.0,1256197800.0,0.0019587058662258443,-0.0025425358528057274,-0.00253930634614985
2025-03-06,1421.46,1456.37,1419.61,1452.3,4216764.0,6297117400.0,1256197800.0,0.0033567675409079687,0.02664814868936194,0.027006385641852537
2025-03-07,1449.43,1473.89,1449.43,1466.79,3799135.0,5760608729.0,1256197800.0,0.003024312731641466,0.009927832998132935,0.009977277422020148
2025-03-10,1465.64,1472.46,1452.46,1468.62,3136907.0,4758789260.0,1256197800.0,0.002497144159940417,0.0012468447249824877,0.001247622359028755
2025-03-11,1462.93,1493.48,1458.11,1493.48,3977560.0,6094007854.0,1256197800.0,0.0031663484842912475,0.016785782867054344,0.016927455706718053
2025-03-12,1491.82,1494.45,1471.95,1487.6,2960396.0,4552923644.0,1256197800.0,0.002356632052691065,-0.003944884153013639,-0.003937113319227636
2025-03-13,1488.97,1500.06,1476.32,1482.96,2572439.0,3966369271.0,1256197800.0,0.0020477977273961156,-0.003123992630080785,-0.0031191180424844367
2025-03-14,1492.5,1569.99,1486.08,1569.99,9291315.0,14882842708.0,1256197800.0,0.007396378977896634,0.05702915947448339,0.05868668069266869
2025-03-17,1597.94,1598.9,1568.9,1579.48,5468913.0,8985138902.0,1256197800.0,0.004353544481609505,0.006026429031771308,0.006044624488054096
2025-03-18,1586.41,1593.12,1563.9,1566.12,3161345.0,5153210436.0,1256197800.0,0.0025165981026236475,-0.008494455959652036,-0.008458480006078073
2025-03-19,1566.4,1589.26,1565.15,1577.41,2738955.0,4477128770.0,1256197800.0,0.002180353285127549,0.007183038522447838,0.007208898424131194
2025-03-20,1577.41,1579.23,1538.22,1546.83,3673677.0,5903879207.0,1256197800.0,0.0029244415170922924,-0.01957658606506918,-0.019386209038867563
2025-03-21,1542.01,1554.74,1512.91,1517.66,3361430.0,5324973190.0,1256197800.0,0.002675876362782995,-0.01903800047589499,-0.018857922331477872
2025-03-24,1514.04,1533.0,1506.69,1526.58,2556585.0,4032223482.0,1256197800.0,0.002035177103478449,0.005860264320853403,0.005877469261889923
2025-03-25,1531.4,1536.03,1510.82,1519.35,1767438.0,2783286813.0,1256197800.0,0.0014069742838269579,-0.004747327468857421,-0.004736076720512572
2025-03-26,1516.71,1526.17,1515.01,1519.83,1432356.0,2257639750.0,1256197800.0,0.0011402312597586144,0.0003158746793481271,0.0003159245730082194
2025-03-27,1519.83,1541.29,1517.3,1532.37,1795563.0,2848889210.0,1256197800.0,0.00142936327384111,0.008217070020687167,0.008250922800576266
2025-03-28,1534.23,1536.22,1519.83,1528.71,1622789.0,2569470015.0,1256197800.0,0.001291826016571594,-0.0023913140095039864,-0.0023884570958709883
2025-03-31,1524.63,1530.4,1504.46,1505.36,2108494.0,3311857714.0,1256197800.0,0.0016784729283875518,-0.015392170255058346,-0.015274316253573339
2025-04-01,1508.26,1513.94,1496.89,1500.56,1855644.0,2893739955.0,1256197800.0,0.0014771909328292088,-0.003193700484303008,-0.003188606047722753
2025-04-02,1502.47,1511.92,1490.42,1493.81,2167401.0,3371883024.0,1256197800.0,0.0017253660211791486,-0.004508468514935693,-0.004498320626965979
2025-04-03,1475.47,1529.47,1474.51,1512.96,3548050.0,5557442052.0,1256197800.0,0.002824435769589789,0.01273809366041867,0.012819568753723809
2025-04-07,1465.83,1482.07,1409.89,1446.54,10195267.0,15314738235.0,1256197800.0,0.008115972659719672,-0.04489349890830585,-0.04390069796954321
2025-04-08,1459.07,1489.93,1441.72,1489.93,7387649.0,11226977557.0,1256197800.0,0.005880959988944417,0.029554640980881786,0.02999571391043454
2025-04-09,1470.67,1501.31,1466.36,1486.11,5563004.0,8562928225.0,1256197800.0,0.004428445902388939,-0.002567171205988039,-0.002563878839945577
2025-04-10,1495.71,1499.58,1473.54,1493.79,3862021.0,5963650791.0,1256197800.0,0.003074373319233643,0.005154546799810866,0.005167854331106003
2025-04-11,1523.66,1523.66,1489.93,1513.06,3263423.0,5087359924.0,1256197800.0,0.002597857598540612,0.01281757575006015,0.012900072968757392
2025-04-14,1505.33,1510.19,1496.23,1496.67,2171144.0,3379425640.0,1256197800.0,0.0017283456474768543,-0.01089145007682557,-0.010832352980053583
2025-04-15,1496.68,1509.22,1489.93,1502.47,2148928.0,3339942729.0,1256197800.0,0.0017106605345113643,0.0038677802506930092,0.0038752697655461965
2025-04-16,1496.68,1519.83,1482.22,1503.6,3115605.0,4834880596.0,1256197800.0,0.0024801866393970758,0.0007518122021279439,0.0007520948837580477
2025-04-17,1498.61,1520.31,1494.75,1514.04,2384605.0,3733924973.0,1256197800.0,0.001898271912273688,0.0069193420376265635,0.006943335993615296
2025-04-18,1510.19,1518.86,1500.54,1510.13,2029848.0,3179974340.0,1256197800.0,0.0016158665458576667,-0.002585834909212714,-0.0025824945179783176
2025-04-21,1509.7,1509.7,1495.72,1495.72,1805703.0,2808158177.0,1256197800.0,0.001437435251040879,-0.00958804357711518,-0.009542224841569968
2025-04-22,1494.76,1500.83,1488.21,1493.6,1843214.0,2857525967.0,1256197800.0,0.0014672959943091764,-0.0014183830138092546,-0.001417377584039925
2025-04-23,1503.43,1503.65,1489.93,1496.68,1866876.0,2895468892.0,1256197800.0,0.0014861321998812607,0.0020600084869641933,0.002062131762185393
2025-04-24,1496.68,1505.05,1493.77,1496.93,1487181.0,2313372072.0,1256197800.0,0.0011838748642928685,0.0001670224248186969,0.00016703637384085646
2025-04-25,1501.6,1505.56,1494.76,1494.76,1476490.0,2295029705.0,1256197800.0,0.0011753642619020668,-0.0014506853187068458,-0.0014496335834007779
2025-04-28,1496.68,1499.58,1491.48,1494.76,1465972.0,2274252465.0,1256197800.0,0.0011669913766765075,0.0,0.0
2025-04-29,1494.76,1497.21,1477.42,1488.97,1892180.0,2917422938.0,1256197800.0,0.0015062755244436823,-0.003881053089716424,-0.0038735315368353396
2025-04-30,1494.75,1510.82,1491.19,1491.86,2575425.0,4005439429.0,1256197800.0,0.0020501747415892623,0.0019390578500084743,0.0019409390383955394
2025-05-06,1503.43,1503.43,1489.29,1494.95,1830026.0,2838614215.0,1256197800.0,0.001456797647631607,0.0020690978685617978,0.0020712399286797467
2025-05-07,1514.04,1514.04,1494.95,1499.58,2746221.0,4275142569.0,1256197800.0,0.002186137406067739,0.0030923074335396095,0.0030970935482790285
2025-05-08,1497.65,1536.01,1494.59,1521.94,3348106.0,5265446444.0,1256197800.0,0.0026652697529003793,0.01480076794818519,0.014910841702343358
2025-05-09,1522.71,1540.51,1518.91,1534.47,2367190.0,3757574546.0,1256197800.0,0.001884408649656925,0.008199207695382071,0.00823291325545017
2025-05-12,1541.04,1561.23,1539.7,1547.31,2473533.0,3967785800.0,1256197800.0,0.001969063311526258,0.008332894819000458,0.008367710023656327
2025-05-13,1551.58,1551.58,1528.61,1533.62,2125829.0,3386617848.0,1256197800.0,0.0016922725067660524,-0.008886985488926413,-0.00884761295409453
2025-05-14,1533.33,1586.37,1531.57,1576.72,3946012.0,6394735058.0,1256197800.0,0.0031412346049324398,0.027715786027615152,0.028103441530496598
2025-05-15,1576.53,1585.01,1566.24,1573.84,2473285.0,4043402636.0,1256197800.0,0.0019688658903876445,-0.0018282469162285153,-0.0018265766908519554
2025-05-16,1575.75,1578.65,1556.6,1556.6,2293522.0,3714508659.0,1256197800.0,0.0018257650188529227,-0.011014537442722627,-0.010954099527270889
2025-05-19,1539.12,1542.97,1517.78,1522.7,3806283.0,6021950010.0,1256197800.0,0.0030300029183302182,-0.02201888067860036,-0.021778234613902048
2025-05-20,1523.69,1537.96,1518.96,1529.47,1952153.0,3095742637.0,1256197800.0,0.0015540172097101269,0.004436195298885615,0.004446049779996075
2025-05-21,1528.51,1539.06,1524.62,1524.62,1979464.0,3143941416.0,1256197800.0,0.0015757582125999583,-0.003176071482505982,-0.0031710331029703998
2025-05-22,1524.64,1528.5,1514.14,1523.69,1509024.0,2381236586.0,1256197800.0,0.0012012630494974597,-0.0006101741810073946,-0.0006099880625990428
2025-05-23,1519.06,1531.3,1515.64,1516.55,2153700.0,3399424961.0,1256197800.0,0.0017144592993237212,-0.004697006240827584,-0.004685992557541319
2025-05-26,1514.04,1518.51,1489.93,1495.24,2708653.0,4212944430.0,1256197800.0,0.002156231287779679,-0.014151289183771176,-0.014051630345191302
2025-05-27,1495.72,1503.05,1488.5,1488.87,1775213.0,2748945675.0,1256197800.0,0.0014131635957330922,-0.004269286102316805,-0.004260185655814541
2025-05-28,1488.96,1491.34,1478.36,1482.22,1626568.0,2504624605.0,1256197800.0,0.0012948343007765178,-0.004476479073247219,-0.004466474574677304
2025-05-29,1485.11,1499.58,1477.4,1485.11,2185958.0,3375465796.0,1256197800.0,0.0017401383762971087,0.0019478796856287062,0.001949778035649219
2025-05-30,1485.26,1489.93,1461.23,1467.75,3123918.0,4764875947.0,1256197800.0,0.0024868042278055253,-0.011758227623229978,-0.011689369810990335
2025-06-03,1454.26,1464.86,1451.38,1455.22,2897918.0,4377892799.0,1256197800.0,0.002306896254714027,-0.008573524019545253,-0.008536876171010066
2025-06-04,1456.66,1468.72,1455.43,1456.14,2300809.0,3480363797.0,1256197800.0,0.001831565856905656,0.0006320070555503321,0.0006322068140900416
2025-06-05,1460.04,1461.97,1448.66,1460.04,2321366.0,3504925524.0,1256197800.0,0.001847930317980178,0.002674733607057611,0.0026783138983887955
2025-06-06,1459.85,1464.83,1449.43,1452.7,2502307.0,3777727616.0,1256197800.0,0.0019919689399233147,-0.00503993870851982,-0.00502725952713623
2025-06-09,1451.38,1454.93,1432.73,1433.14,4495867.0,6723839138.0,1256197800.0,0.0035789483153051216,-0.013556052683851405,-0.013464583189922164
2025-06-10,1433.04,1438.82,1422.24,1422.44,3049220.0,4511934584.0,1256197800.0,0.002427340662433894,-0.007494134345933823,-0.007466123337566466
2025-06-11,1424.16,1440.75,1423.49,1427.25,3089282.0,4585522755.0,1256197800.0,0.002459232136849786,0.0033758089953153103,0.0033815134557519944
2025-06-12,1427.25,1430.98,1402.27,1407.0,4990361.0,7306800800.0,1256197800.0,0.00397259173674719,-0.014289737729979102,-0.014188124014713588
2025-06-13,1392.93,1398.29,1374.27,1376.09,5911325.0,8466515559.0,1256197800.0,0.004705727871836744,-0.022213633783299436,-0.021968727789623332
2025-06-16,1351.26,1374.25,1351.24,1371.6,4288787.0,6060448438.0,1256197800.0,0.003414101664562699,-0.003268202742324533,-0.0032628679810187133
2025-06-17,1369.39,1376.14,1361.85,1376.14,2723151.0,3868364671.0,1256197800.0,0.002167772463858797,0.0033045369149817816,0.003310002916302235
2025-06-18,1388.68,1391.99,1370.36,1374.21,3076099.0,4404131364.0,1256197800.0,0.002448737770437108,-0.0014034579721071694,-0.0014024735855363568
2025-06-19,1375.18,1382.57,1366.67,1375.18,2450072.0,3490268568.0,1256197800.0,0.0019503871126028082,0.0007056110920933278,0.0007058600941631799
2025-06-20,1372.84,1389.78,1369.58,1377.74,3481581.0,4990683314.0,1256197800.0,0.0027715229241764314,0.0018598439024195557,0.0018615744847947369
2025-06-23,1369.39,1381.93,1355.1,1369.39,2672331.0,3794012343.0,1256197800.0,0.002127317051502558,-0.006079090334087489,-0.006060650050081939
2025-06-24,1372.62,1399.94,1372.62,1385.98,3631151.0,5229183514.0,1256197800.0,0.002890588568137916,0.012042085439239791,0.012114883269192855
2025-06-25,1387.82,1397.55,1369.88,1384.68,4105007.0,5869292227.0,1256197800.0,0.0032678030482142222,-0.0009384046367282295,-0.000937964472791819
2025-06-26,1391.31,1404.09,1386.47,1396.23,3486025.0,4955829982.0,1256197800.0,0.002775060583611912,0.00830668120387923,0.00834127740705437
2025-06-27,1396.24,1399.18,1379.6,1379.6,3824973.0,5404312675.0,1256197800.0,0.0030448811484942895,-0.011982145135770672,-0.01191064509428974
2025-06-30,1380.0,1389.57,1378.53,1385.92,3045730.0,4287373691.0,1256197800.0,0.002424562437539693,0.004570576963576656,0.004581037982023917
2025-07-01,1385.41,1388.3,1379.82,1381.58,1987819.0,2794423203.0,1256197800.0,0.0015824092352334958,-0.0031364072684612054,-0.003131493881320835
2025-07-02,1385.9,1391.11,1376.56,1386.0,2621825.0,3689246316.0,1256197800.0,0.002087111599781499,0.003194128992047851,0.0031992356577252856
2025-07-03,1388.36,1398.87,1384.43,1391.9,2441267.0,3456733002.0,1256197800.0,0.0019433778661290444,0.004247819483506277,0.004256854256854403
2025-07-04,1392.0,1407.92,1386.4,1398.41,2876691.0,4086547268.0,1256197800.0,0.0022899984381440567,0.004666156672096022,0.00467706013363034
2025-07-07,1398.47,1399.67,1386.4,1387.08,2385467.0,3370562659.0,1256197800.0,0.0018989581099409663,-0.008135058811275186,-0.008102058766742304
2025-07-08,1387.09,1396.23,1387.08,1392.4,1867370.0,2643302691.0,1256197800.0,0.0014865254500525315,0.0038280588431085505,0.0038353952187331064
2025-07-09,1391.31,1406.03,1390.49,1395.13,2774532.0,3950810723.0,1256197800.0,0.002208674461935851,0.0019587239404241785,0.0019606434932490924
2025-07-10,1395.21,1412.14,1386.79,1402.62,3872503.0,5503329754.0,1256197800.0,0.0030827175465519842,0.005354315356292716,0.005368675320579275
2025-07-11,1399.33,1433.59,1399.33,1403.11,5724335.0,8239010390.0,1256197800.0,0.004556873925427986,0.00034928521631272247,0.0003493462234960276
2025-07-14,1406.06,1410.96,1397.8,1399.77,2778094.0,3961736006.0,1256197800.0,0.002211510002644488,-0.002383264057625567,-0.0023804263386334457
2025-07-15,1397.19,1399.11,1384.74,1387.38,3540578.0,5005150165.0,1256197800.0,0.0028184876617360737,-0.0088908609987568,-0.00885145416747024
2025-07-16,1386.4,1393.76,1386.35,1387.41,2128605.0,3006882579.0,1256197800.0,0.0016944823498337602,2.1623257977054777e-05,2.162349176138001e-05
2025-07-17,1390.31,1399.19,1389.23,1392.64,2310554.0,3273100406.0,1256197800.0,0.0018393233931790042,0.0037625266955050307,0.003769613884864631
2025-07-18,1396.23,1413.74,1392.67,1412.94,4182341.0,5984949774.0,1256197800.0,0.0033293650092366027,0.014471413590531057,0.014576631433823595
2025-07-21,1412.93,1422.58,1410.98,1418.84,2620331.0,3779891829.0,1256197800.0,0.0020859222966319478,0.004166996403130341,0.004175690404404797
2025-07-22,1419.83,1442.05,1416.56,1440.45,4211898.0,6127636851.0,1256197800.0,0.0033528939471156533,0.015115928411016277,0.015230751881819105
2025-07-23,1444.41,1469.97,1444.36,1450.8,4504484.0,6676301462.0,1256197800.0,0.0035858079038189688,0.007159563656656154,0.007185254607934954
2025-07-24,1451.29,1473.9,1450.31,1466.53,3880364.0,5786337377.0,1256197800.0,0.0030889753190142507,0.010783937669618382,0.010842293906810019
2025-07-25,1466.43,1466.43,1428.67,1430.64,4191126.0,6140078741.0,1256197800.0,0.003336358334650801,-0.024777169498585216,-0.024472734959393838
2025-07-28,1428.67,1430.63,1412.25,1414.57,3858632.0,5560966386.0,1256197800.0,0.0030716754956902487,-0.011296298611226163,-0.01123273499972055
2025-07-29,1415.5,1424.54,1410.99,1414.91,2630408.0,3785848102.0,1256197800.0,0.002093944122494085,0.0002403268456649954,0.00024035572647518322
2025-07-30,1419.83,1432.77,1412.94,1425.17,3186771.0,4612883040.0,1256197800.0,0.0025368385456494193,0.007225180018675559,0.007251344608490973
2025-07-31,1418.84,1420.68,1394.26,1397.87,5179751.0,7386302758.0,1256197800.0,0.004123356210303823,-0.0193414553486706,-0.019155609506234517
2025-08-01,1398.07,1402.09,1390.33,1393.28,2963559.0,4200850790.0,1256197800.0,0.002359149968261368,-0.0032889698780964594,-0.0032835671414365164
2025-08-04,1391.31,1396.03,1390.33,1395.24,1868795.0,2647105740.0,1256197800.0,0.001487659825546582,0.001405763862389442,0.001406752411575507
2025-08-05,1397.21,1406.0,1393.39,1403.84,2534227.0,3607931488.0,1256197800.0,0.002017378950990043,0.006144895509331505,0.006163814110833998
2025-08-06,1405.08,1405.08,1395.54,1400.04,2369928.0,3372334940.0,1256197800.0,0.0018865882427114584,-0.0027105313540829457,-0.002706861180761355
2025-08-07,1400.04,1403.8,1396.29,1398.54,2800134.0,3988765795.0,1256197800.0,0.0022290550102858006,-0.0010719723171330742,-0.0010713979600582846
2025-08-08,1399.23,1402.62,1394.26,1397.18,1865528.0,2651478118.0,1256197800.0,0.001485059120466538,-0.0009729158193785281,-0.0009724426902339989
2025-08-11,1399.67,1427.68,1399.18,1420.81,4715907.0,6794034090.0,1256197800.0,0.003754111812646066,0.016771212014170978,0.016912638314318773
2025-08-12,1424.74,1440.54,1411.96,1412.98,4201923.0,6095342036.0,1256197800.0,0.0033449533186573005,-0.005526182198741125,-0.005510940942138554
2025-08-13,1401.14,1409.68,1396.23,1396.28,6552754.0,9325460101.0,1256197800.0,0.005216339337642527,-0.011889392026551704,-0.011818992483970114
2025-08-14,1397.15,1423.28,1397.15,1403.1,4812930.0,6897535330.0,1256197800.0,0.00383134726075782,0.00487251712381731,0.0048844071389693156
2025-08-15,1402.14,1404.74,1396.44,1398.27,4758165.0,6772436997.0,1256197800.0,0.0037877514194022627,-0.003448316206769775,-0.0034423775924737887
2025-08-18,1403.1,1412.59,1399.28,1404.58,4737798.0,6773477871.0,1256197800.0,0.0037715382083936145,0.004502567501132759,0.004512719288835454
2025-08-19,1409.5,1422.44,1408.03,1413.93,4637186.0,6678541001.0,1256197800.0,0.0036914457261428097,0.006634735586299456,0.006656794201825633
2025-08-20,1413.93,1428.48,1406.08,1425.72,4580466.0,6623095725.0,1256197800.0,0.003646293601214713,0.008303887977584523,0.008338460885616739
2025-08-21,1429.12,1430.63,1419.48,1424.0,3089057.0,4470441662.0,1256197800.0,0.0024590530249296726,-0.0012071362862755564,-0.0012064079903487679
2025-08-22,1424.62,1439.49,1420.58,1439.44,4497058.0,6544867368.0,1256197800.0,0.003579896414402254,0.010784336072341638,0.010842696629213444
2025-08-25,1445.4,1470.95,1441.46,1465.38,6532455.0,9676719498.0,1256197800.0,0.005200180258236402,0.01786044543778864,0.01802089701550602
2025-08-26,1465.37,1469.21,1455.23,1456.81,3960213.0,5883917000.0,1256197800.0,0.0031525393532770077,-0.005865480731971573,-0.005848312383136212
2025-08-27,1457.07,1460.07,1423.76,1423.76,5600609.0,8184169113.0,1256197800.0,0.004458381474637195,-0.02294785430834967,-0.02268655486988691
2025-08-28,1423.73,1431.72,1414.68,1421.89,3928177.0,5683673273.0,1256197800.0,0.003127037000064799,-0.0013142869075108976,-0.001313423610720843
2025-08-29,1428.67,1457.76,1427.69,1455.22,6225648.0,9159701454.0,1256197800.0,0.004955945632128953,0.023170119390530708,0.023440631835092596
2025-09-01,1457.39,1463.09,1441.16,1451.39,4512338.0,6658918555.0,1252270215.0,0.0036033261399577407,-0.0026353740038560503,-0.002631904454309275
2025-09-02,1453.91,1483.74,1453.26,1466.33,5668837.0,8470012816.0,1252270215.0,0.004526848065295556,0.010240962513212715,0.010293580636493216
2025-09-03,1466.04,1478.33,1441.46,1455.76,4504503.0,6656011145.0,1252270215.0,0.0035970695030864406,-0.007234579429119314,-0.007208472853995951
2025-09-04,1447.36,1454.53,1436.02,1448.01,4774676.0,7017084750.0,1252270215.0,0.0038128160702121305,-0.005337901005824541,-0.005323679727427644
2025-09-05,1446.37,1462.08,1439.49,1458.17,3738848.0,5519312163.0,1252270215.0,0.002985655935288695,0.0069920248519741435,0.007016526128963196
2025-09-08,1458.17,1481.22,1452.76,1476.1,5138298.0,7682065696.0,1252270215.0,0.004103186307916778,0.012221249691814151,0.012296234321101052
2025-09-09,1479.8,1484.67,1468.42,1479.8,3574277.0,5366650005.0,1252270215.0,0.0028542378132023205,0.00250346894849951,0.0025066052435471775
2025-09-10,1481.44,1504.34,1470.95,1496.53,4966331.0,7541460049.0,1252270215.0,0.003965862112275824,0.011242151376179343,0.011305581835383105
2025-09-11,1496.53,1500.47,1483.25,1497.99,3723896.0,5642778456.0,1252270215.0,0.0029737160202281104,0.0009751146198295757,0.0009755901986596704
2025-09-12,1500.45,1512.27,1485.24,1490.62,3372209.0,5132184935.0,1252270215.0,0.002692876473150006,-0.0049320687140728126,-0.004919926034219313
2025-09-15,1490.49,1492.08,1476.36,1489.74,2582703.0,3901929718.0,1252270215.0,0.0020624166965434055,-0.000590532704488389,-0.0005903583743676055
2025-09-16,1489.74,1495.53,1471.16,1474.87,3271789.0,4928374478.0,1252270215.0,0.0026126861126374392,-0.010031757772368088,-0.009981607528830594
2025-09-17,1474.88,1485.0,1465.07,1468.01,3033054.0,4534770634.0,1252270215.0,0.0024220443508671968,-0.004662108156169964,-0.004651257398957109
2025-09-18,1467.02,1472.72,1439.0,1443.38,4972125.0,7347477479.0,1252270215.0,0.00397048890921677,-0.016920156771109696,-0.01677781486502128
2025-09-19,1443.41,1450.8,1432.62,1443.39,3263662.0,4784528851.0,1252270215.0,0.0026061962992547896,6.928158460262068e-06,6.928182460619325e-06
2025-09-22,1440.56,1443.39,1425.73,1429.02,3494708.0,5085057536.0,1252270215.0,0.0027906980124094063,-0.01000561889452456,-0.009955729220792797
2025-09-23,1426.22,1433.1,1415.89,1423.19,3866300.0,5588384388.0,1252270215.0,0.003087432691194368,-0.004088063725583346,-0.004079718968243884
2025-09-24,1410.06,1432.39,1410.06,1417.86,3074350.0,4443052872.0,1252270215.0,0.0024550212591297636,-0.003752138296205132,-0.003745107821162441
2025-09-25,1418.67,1421.02,1411.96,1414.91,3386973.0,4873274661.0,1252270215.0,0.0027046662608676674,-0.0020827677971784198,-0.0020806003413593732
2025-09-26,1417.05,1422.88,1404.1,1410.98,4512071.0,6480889597.0,1252270215.0,0.0036031129271888018,-0.0027814264062993033,-0.0027775618237202426
2025-09-29,1415.28,1445.38,1410.98,1436.4,5368403.0,7798434586.0,1252270215.0,0.0042869365858070815,0.01785548494400757,0.0180158471417029
2025-09-30,1435.56,1436.3,1415.89,1419.82,3936362.0,5687474876.0,1252270215.0,0.0031433806800236002,-0.011609880354800595,-0.011542745753272188
2025-10-09,1411.96,1415.28,1396.23,1412.73,5491812.0,7845448947.0,1252270215.0,0.004385484805290206,-0.005006100373791789,-0.004993590736853903
2025-10-10,1413.53,1415.83,1403.6,1406.06,3600144.0,5157459262.0,1252270215.0,0.00287489389819912,-0.004732535910044966,-0.004721355106779179
2025-10-13,1392.0,1399.03,1391.43,1395.44,4606880.0,6533147458.0,1252270215.0,0.003678822625354864,-0.00758168900341083,-0.007553020496991469
2025-10-14,1406.05,1439.49,1406.05,1426.73,6667233.0,9639484605.0,1252270215.0,0.005324116887983317,0.02217533473589839,0.022423035028378058
2025-10-15,1426.69,1438.51,1420.89,1437.52,4278540.0,6233407482.0,1252270215.0,0.0034166268180386293,0.007534294172420353,0.007562748382665241
2025-10-16,1437.45,1460.09,1434.46,1460.05,4573015.0,6749162949.0,1252270215.0,0.003651779739886251,0.015551275073125481,0.015672825421559233
2025-10-17,1458.27,1463.09,1429.69,1430.64,3808589.0,5594724900.0,1252270215.0,0.0030413475896653823,-0.020348785111543144,-0.020143145782678618
2025-10-20,1430.64,1444.9,1430.52,1433.52,2594988.0,3793283759.0,1252270215.0,0.002072226879563689,0.0020110615123796194,0.0020130850528434774
2025-10-21,1434.57,1445.33,1431.13,1437.78,2544267.0,3727984130.0,1252270215.0,0.0020317236404125446,0.0029672992203719772,0.002971706010379993
2025-10-22,1437.6,1441.19,1431.62,1434.28,1819492.0,2657486636.0,1252270215.0,0.0014529547842036632,-0.0024372761938069587,-0.0024343084477458365
2025-10-23,1430.64,1444.21,1422.97,1443.4,2932235.0,4274652090.0,1252270215.0,0.0023415353690257657,0.006338460519447864,0.006358591070084074
2025-10-24,1443.37,1454.12,1425.08,1425.72,3822583.0,5578603148.0,1252270215.0,0.003052522494116815,-0.012324492379976348,-0.012248856865733737
2025-10-27,1415.89,1428.17,1411.95,1416.3,3710239.0,5352667152.0,1252270215.0,0.0029628102270243648,-0.006629112037845886,-0.006607187947142545
2025-10-28,1417.86,1426.9,1416.97,1420.81,2712433.0,3923817140.0,1252270215.0,0.00216601254865748,0.0031792942810744407,0.003184353597401657
2025-10-29,1415.91,1422.33,1406.1,1407.93,3393711.0,4868780319.0,1252270215.0,0.002710046888722016,-0.009106590928404934,-0.009065251511461647
2025-10-30,1398.01,1412.58,1398.01,1402.85,4745610.0,6768821311.0,1252270215.0,0.0037896054247365456,-0.003614658942479032,-0.003608133927113011
2025-10-31,1398.19,1411.94,1396.34,1406.07,3569377.0,5109623861.0,1252270215.0,0.002850324919689957,0.0022926971294898735,0.0022953273692840614
2025-11-03,1407.04,1423.76,1396.33,1410.98,3454766.0,4945310830.0,1252270215.0,0.0027588023404357663,0.003485919647888913,0.0034920025318796455
2025-11-04,1411.07,1411.74,1399.94,1405.08,2656572.0,3793892903.0,1252270215.0,0.0021214047640668353,-0.0041902577592862755,-0.004181490878680139
2025-11-05,1402.02,1407.03,1396.24,1396.31,3447527.0,4908475373.0,1252270215.0,0.002753021639183521,-0.006261197941413776,-0.0062416374868334845
2025-11-06,1406.06,1417.32,1406.05,1411.1,3834782.0,5505960415.0,1252270215.0,0.0030622640018632082,0.010536499356494922,0.010592203736992545
2025-11-07,1411.08,1415.68,1407.15,1409.33,1886139.0,2704995856.0,1252270215.0,0.0015061757258196867,-0.0012551279289780837,-0.001254340585358893
2025-11-10,1410.98,1439.19,1410.96,1437.82,4945154.0,7181246441.0,1252270215.0,0.003948951225355144,0.02001366345878175,0.020215279600945157
2025-11-11,1437.52,1437.7,1422.78,1434.56,2669156.0,3882776772.0,1252270215.0,0.0021314537134463425,-0.002269895626444196,-0.0022673213615056476
2025-11-12,1435.54,1453.61,1434.78,1440.62,3299210.0,4849073051.0,1252270215.0,0.002634583143862445,0.004215394496080549,0.00422429176890482
2025-11-13,1437.64,1448.91,1433.59,1445.76,3117923.0,4569178269.0,1252270215.0,0.002489816465051035,0.0035615583764290193,0.00356790826172082
2025-11-14,1445.39,1454.19,1431.92,1432.21,2747306.0,4031007106.0,1252270215.0,0.0021938603722200644,-0.009416429026074091,-0.00937223328906589
2025-11-17,1429.66,1448.34,1421.59,1446.37,3446221.0,5035780027.0,1252270215.0,0.0027519787332800213,0.00983826345885852,0.00988681827385629
2025-11-18,1446.08,1461.19,1444.41,1451.29,3420478.0,5055675474.0,1252270215.0,0.0027314216684455757,0.0033958468060628633,0.0034016192260626354
2025-11-19,1449.32,1454.76,1445.35,1446.38,2204537.0,3249449214.0,1252270215.0,0.001760432352054305,-0.0033889329697469606,-0.0033831970178254123
2025-11-20,1447.36,1455.12,1440.5,1442.55,2400232.0,3531653943.0,1252270215.0,0.001916704534891457,-0.002651502282083662,-0.0026479901547312723
2025-11-21,1445.88,1455.22,1431.62,1442.05,4260720.0,6259873433.0,1252270215.0,0.003402396662448767,-0.00034666851903786267,-0.0003466084364492916
2025-11-24,1442.44,1446.37,1426.84,1427.69,3360744.0,4901903705.0,1252270215.0,0.002683721100880771,-0.010007958809524986,-0.00995804583752291
2025-11-25,1433.59,1433.59,1420.32,1420.46,2844069.0,4119930011.0,1252270215.0,0.002271130436492894,-0.005076990699178552,-0.005064124564856498
2025-11-26,1424.62,1429.16,1419.41,1424.89,2030616.0,2938818095.0,1252270215.0,0.0016215477903065833,0.0031138549419038597,0.003118708024161254
2025-11-27,1425.23,1425.72,1414.95,1423.07,2228689.0,3216797187.0,1252270215.0,0.0017797189243217767,-0.001278108012582102,-0.0012772915804027951
2025-11-28,1422.28,1431.13,1418.84,1426.22,2321121.0,3366696622.0,1252270215.0,0.0018535304698594943,0.002211078046339132,0.0022135242820100487
2025-12-01,1426.71,1437.79,1417.86,1423.76,2733342.0,3961994999.0,1252270215.0,0.002182709424259524,-0.0017263283327899615,-0.001724839085134211
2025-12-02,1423.76,1427.61,1411.0,1411.99,2504726.0,3607543825.0,1252270215.0,0.0020001481868671613,-0.008301202566595833,-0.008266842726302182
2025-12-03,1411.77,1411.93,1404.09,1405.17,2357279.0,3370080066.0,1252270215.0,0.001882404429781954,-0.004841764985486385,-0.0048300625358536076
2025-12-04,1405.17,1408.52,1394.63,1400.14,2907539.0,4134921902.0,1252270215.0,0.002321814385723452,-0.003586060285964976,-0.003579638050911993
2025-12-05,1400.14,1409.1,1395.74,1406.07,2540166.0,3622681597.0,1252270215.0,0.002028448788107605,0.004226347156348176,0.004235290756638532
2025-12-08,1405.27,1412.62,1394.26,1394.48,3360280.0,4789155770.0,1252270215.0,0.0026833505738216414,-0.008276992853421206,-0.008242832860383853
2025-12-09,1394.49,1397.21,1376.61,1377.56,4263443.0,5995722121.0,1252270215.0,0.0034045711132720665,-0.012207767659342394,-0.012133555160346532
2025-12-10,1376.56,1379.32,1360.02,1379.32,3313347.0,4625906139.0,1252270215.0,0.002645872240920463,0.0012768058378318514,0.0012776213014316085
2025-12-11,1383.11,1388.35,1378.09,1388.35,2238501.0,3149974074.0,1252270215.0,0.0017875542939428612,0.006525367577597585,0.006546704173070683
2025-12-12,1394.26,1401.14,1389.9,1396.87,3715919.0,5273563274.0,1252270215.0,0.002967345989299921,0.006118027714485663,0.00613678107105553
2025-12-15,1415.49,1415.88,1401.7,1402.13,3335879.0,4774362060.0,1252270215.0,0.0026638651626797656,0.0037584895977156307,0.0037655615769542905
2025-12-16,1402.32,1404.86,1391.31,1398.19,2396367.0,3403139194.0,1252270215.0,0.001913618140314868,-0.0028139659752284274,-0.0028100104840492746
2025-12-17,1401.14,1415.83,1393.95,1409.11,3138249.0,4489482138.0,1252270215.0,0.0025060477861800776,0.00777975640461559,0.007810097340132494
2025-12-18,1409.5,1414.79,1402.23,1407.04,1782995.0,2551177659.0,1252270215.0,0.0014238101159341236,-0.0014700924118402625,-0.0014690123553163792
2025-12-19,1410.0,1412.45,1401.01,1410.0,2650868.0,3733028357.0,1252270215.0,0.0021168498365985652,0.0021014973797690573,0.002103707073004335
2025-12-22,1410.0,1414.14,1406.58,1408.26,2042565.0,2881636856.0,1252270215.0,0.0016310896606288763,-0.0012348046107089061,-0.0012340425531914834
2025-12-23,1408.26,1412.93,1397.19,1407.86,2450681.0,3445377032.0,1252270215.0,0.0019569905685251805,-0.0002840788053708465,-0.00028403845880742296
2025-12-24,1404.99,1406.36,1400.0,1400.9,2518669.0,3533253565.0,1252270215.0,0.0020112823652840774,-0.004955933754065889,-0.004943673376614055
2025-12-25,1405.0,1419.48,1401.38,1414.17,2338621.0,3299572096.0,1252270215.0,0.0018675050895465082,0.009427899336190926,0.009472481975872693
2025-12-26,1414.17,1419.14,1410.0,1414.13,1780299.0,2520605635.0,1252270215.0,0.0014216572259526273,-2.8285542553518894e-05,-2.828514252173342e-05
2025-12-29,1414.13,1414.13,1401.0,1402.0,2630810.0,3694660107.0,1252270215.0,0.002100832526788158,-0.008614712401170621,-0.008577712091533352
2025-12-30,1401.0,1401.9,1386.0,1389.72,3379194.0,4702489813.0,1252270215.0,0.0026984543427793655,-0.008797500610248754,-0.00875891583452204
2025-12-31,1390.0,1394.0,1377.17,1377.18,3476563.0,4799456452.0,1252270215.0,0.002776208328168214,-0.009064357844361659,-0.009023400397202286
2026-01-05,1385.0,1431.88,1385.0,1426.0,7094942.0,10018086372.0,1252270215.0,0.005665663780081202,0.034835391834316276,0.035449251368739
2026-01-06,1432.55,1436.97,1416.53,1428.01,3958618.0,5649710153.0,1252270215.0,0.003161153202066696,0.001408544701889447,0.0014095371669005097
2026-01-07,1432.88,1435.0,1420.2,1423.36,2968380.0,4234255286.0,1252270215.0,0.0023703989478021724,-0.003261592934077129,-0.003256279717929189
2026-01-08,1423.33,1423.36,1408.14,1412.3,2913454.0,4117925041.0,1252270215.0,0.0023265378071776624,-0.007800692667035314,-0.007770346223021529
2026-01-09,1417.0,1428.6,1416.01,1419.1,2984774.0,4243865418.0,1252270215.0,0.002383490371524967,0.00480328676547348,0.004814841039439077
2026-01-12,1419.1,1431.0,1417.1,1423.23,3608266.0,5135636033.0,1252270215.0,0.002881379718833287,0.002906068546979057,0.0029102952575577046
2026-01-13,1426.79,1429.52,1408.99,1411.0,3916866.0,5555633779.0,1252270215.0,0.0031278121551425704,-0.008630263534656457,-0.008593129711993108
2026-01-14,1411.0,1422.25,1396.18,1398.01,5175797.0,7285041159.0,1252270215.0,0.004133131122982111,-0.009248876008819629,-0.009206236711552074
2026-01-15,1396.02,1402.83,1388.58,1388.89,4090714.0,5698739671.0,1252270215.0,0.0032666384227624545,-0.00654492989014166,-0.006523558486706049
2026-01-16,1395.0,1397.5,1380.0,1382.0,5512068.0,7643061998.0,1252270215.0,0.004401660227940501,-0.0049731416262375205,-0.004960796031363235
2026-01-19,1381.9,1387.49,1375.0,1376.0,4228640.0,5833745442.0,1252270215.0,0.0033767791881882296,-0.004350985834326693,-0.00434153400868309
2026-01-20,1379.5,1381.58,1372.05,1373.55,3648443.0,5021900765.0,1252270215.0,0.0029134630499855815,-0.001782110271437709,-0.001780523255814015
2026-01-21,1373.56,1374.4,1350.0,1351.06,6451625.0,8775880803.0,1252270215.0,0.005151943185041736,-0.01650915970081357,-0.016373630373848758
2026-01-22,1352.01,1361.76,1337.48,1340.06,5901089.0,7962441434.0,1252270215.0,0.004712312829384032,-0.008175080459098538,-0.008141755362456093
2026-01-23,1340.1,1348.0,1332.47,1337.0,6194890.0,8301311489.0,1252270215.0,0.00494692752873628,-0.002286090959995768,-0.002283479844186087
2026-01-26,1340.51,1355.0,1325.12,1342.0,8016606.0,10751225525.0,1252270215.0,0.006401658287464739,0.0037327404296840783,0.0037397157816005944
2026-01-27,1344.98,1353.7,1338.0,1343.01,4841596.0,6514513216.0,1252270215.0,0.0038662550158952715,0.0007523249802696697,0.0007526080476900621
2026-01-28,1343.04,1346.71,1322.01,1323.69,7621801.0,10135019524.0,1252270215.0,0.006086386874577225,-0.014490072402561616,-0.014385596533160516
2026-01-29,1335.0,1445.0,1329.06,1437.72,18953440.0,26305591086.0,1252270215.0,0.015135263757750558,0.08263523433047215,0.08614554767354887
2026-01-30,1435.0,1435.0,1401.0,1401.0,9447974.0,13366329414.0,1252270215.0,0.007544676769302542,-0.025872258102801027,-0.025540439028461703
2026-02-02,1425.0,1458.58,1411.62,1427.0,8572427.0,12312646443.0,1252270215.0,0.006845508978267921,0.018388071139829876,0.01855817273376159
2026-02-03,1445.0,1476.81,1443.03,1474.92,8632066.0,12628439703.0,1252270215.0,0.006893133683611568,0.03302941253805347,0.03358093903293624
2026-02-04,1485.0,1533.27,1474.0,1525.0,10912293.0,16444345980.0,1252270215.0,0.008714008262186448,0.033390659026622416,0.0339543839665879
2026-02-05,1520.0,1565.0,1515.0,1555.0,9162274.0,14183456476.0,1252270215.0,0.007316531121040837,0.019481135571822072,0.01967213114754096
2026-02-06,1555.0,1568.0,1505.88,1515.01,7896538.0,12019878669.0,1252270215.0,0.006305778022517289,-0.026053506031582963,-0.025717041800643048
2026-02-09,1518.0,1542.88,1513.49,1524.96,5116846.0,7809067705.0,1252270215.0,0.004086055819829589,0.006546140607563977,0.006567613415092932
2026-02-10,1524.97,1524.97,1496.5,1504.8,3957596.0,5953269321.0,1252270215.0,0.0031603370842769743,-0.013308181202495106,-0.013220018885741314
2026-02-11,1504.8,1514.0,1496.0,1504.33,3092846.0,4648360030.0,1252270215.0,0.002469791234314393,-0.00031238265134536647,-0.0003123338649654306
2026-02-12,1500.2,1502.82,1473.36,1486.6,4624582.0,6874370113.0,1252270215.0,0.0036929585520805506,-0.011855983044282148,-0.011785977810719772
2026-02-13,1486.6,1507.8,1470.58,1485.3,4167901.0,6216379203.0,1252270215.0,0.0033282760781785424,-0.0008748612557054614,-0.00087447867617374
2026-02-24,1521.0,1524.4,1463.6,1466.8,4191253.0,6198840572.0,1252270215.0,0.0033469238106888935,-0.012533614838316609,-0.012455396216252579
2026-02-25,1470.0,1509.66,1467.88,1491.66,3688067.0,5490316149.0,1252270215.0,0.0029451047831557664,0.016806436559945404,0.016948459230978985
2026-02-26,1486.6,1489.49,1464.67,1466.21,3295801.0,4855471430.0,1252270215.0,0.0026318608879474146,-0.017208753638958463,-0.017061528766609046
2026-02-27,1466.99,1476.21,1455.02,1455.02,3216016.0,4697692477.0,1252270215.0,0.002568148600420078,-0.007661193902568364,-0.007631921757456306
2026-03-02,1450.0,1457.0,1436.66,1440.11,3545386.0,5115063511.0,1252270215.0,0.0028311669139236056,-0.010300146674136812,-0.010247281824304899
2026-03-03,1440.1,1452.87,1422.13,1426.19,4589086.0,6565381648.0,1252270215.0,0.0036646132320571085,-0.009712946611152518,-0.009665928297143855
2026-03-04,1415.0,1423.0,1392.09,1401.18,4801443.0,6743267103.0,1252270215.0,0.0038341908499356907,-0.017691814188709465,-0.017536232900244753
2026-03-05,1406.0,1412.96,1395.0,1399.04,3050524.0,4276226062.0,1252270215.0,0.0024359950140633185,-0.0015284516335265508,-0.0015272841462197206
2026-03-06,1395.0,1407.5,1388.0,1402.0,2915415.0,4072328833.0,1252270215.0,0.0023281037631323045,0.002113501486471492,0.00211573650503194
2026-03-09,1390.0,1404.9,1383.2,1397.0,3744162.0,5220095639.0,1252270215.0,0.0029898994283753685,-0.0035727083375736157,-0.003566333808844524
2026-03-10,1404.9,1409.49,1398.0,1401.88,2462592.0,3457808916.0,1252270215.0,0.0019665020939590105,0.0034871126629560933,0.003493199713672235
2026-03-11,1402.99,1405.99,1398.02,1400.0,2445673.0,3425363892.0,1252270215.0,0.0019529914316456054,-0.0013419563165681936,-0.0013410562958313665
2026-03-12,1395.0,1403.95,1391.01,1392.0,2758646.0,3850521717.0,1252270215.0,0.0022029159257772493,-0.005730674708984473,-0.005714285714285672
2026-03-13,1392.48,1417.62,1392.0,1413.64,3360783.0,4738808558.0,1252270215.0,0.0026837522443189307,0.015426376258602659,0.015545977011494294
2026-03-16,1420.0,1466.0,1420.0,1460.18,6008635.0,8711525836.0,1252270215.0,0.004798193655033151,0.032391777621346485,0.03292210180809829
2026-03-17,1468.0,1498.07,1461.19,1485.0,4945361.0,7347310632.0,1252270215.0,0.003949116525142299,0.016855056462485862,0.016997904367954675
2026-03-18,1489.0,1496.5,1463.15,1468.8,3555100.0,5239992522.0,1252270215.0,0.0028389240256744427,-0.010969031370573923,-0.01090909090909098
2026-03-19,1472.96,1473.0,1446.0,1452.87,3031859.0,4404953481.0,1252270215.0,0.0024210900839799977,-0.010904830360568774,-0.010845588235294135
2026-03-20,1452.96,1462.5,1439.0,1445.0,2613234.0,3782818260.0,1252270215.0,0.0020867972173242177,-0.005431588959124767,-0.005416864550854439
2026-03-23,1433.33,1435.0,1400.03,1408.07,4725589.0,6669708665.0,1252270215.0,0.003773617661264905,-0.025889349155248986,-0.025557093425605526
2026-03-24,1416.0,1417.59,1400.18,1407.33,2856179.0,4017694387.0,1252270215.0,0.0022808008733163072,-0.0005256801996456062,-0.0005255420540172251
2026-03-25,1410.11,1417.87,1401.01,1410.27,2609346.0,3677905549.0,1252270215.0,0.0020836924561046114,0.002086883210529855,0.002089062266845687
2026-03-26,1409.0,1413.9,1400.3,1401.18,2309289.0,3243387502.0,1252270215.0,0.0018440820298516803,-0.006466436660577557,-0.0064455742517389725
2026-03-27,1400.0,1426.0,1396.66,1416.02,3008711.0,4257499781.0,1252270215.0,0.0024026052556077124,0.010535380706112818,0.010591073238270576
2026-03-30,1407.0,1431.0,1402.52,1420.0,2868459.0,4060684934.0,1252270215.0,0.0022906070635881092,0.0028067521476033974,0.0028106947641981517
2026-03-31,1468.0,1479.93,1448.41,1450.0,6169066.0,9015486797.0,1252270215.0,0.004926305781376426,0.020906684819313348,0.021126760563380254
2026-04-01,1464.49,1469.99,1452.88,1459.44,2912514.0,4256185472.0,1252270215.0,0.0023257871704630458,0.006489244065344124,0.0065103448275862785
2026-04-02,1459.44,1464.88,1452.1,1459.88,2106437.0,3071809846.0,1252270215.0,0.0016820946268373874,0.0003014400636667247,0.00030148550128816787
2026-04-03,1459.54,1469.96,1455.0,1460.0,2019373.0,2953993081.0,1252270215.0,0.0016125696960699492,8.219515875129701e-05,8.219853686597389e-05
2026-04-07,1460.05,1470.0,1435.05,1440.02,2415218.0,3507471653.0,1252270215.0,0.0019286716006417194,-0.01377943333989684,-0.013684931506849352
2026-04-08,1460.0,1469.08,1452.13,1465.02,3383610.0,4947937007.0,1252270215.0,0.0027019807382386717,0.017211891872629614,0.01736086998791686
2026-04-09,1465.02,1465.02,1447.5,1460.49,2070476.0,3012278579.0,1252270215.0,0.0016533779812051188,-0.0030968984009760447,-0.0030921079575705335
2026-04-10,1459.14,1459.71,1441.1,1453.96,2886556.0,4187181529.0,1252270215.0,0.002305058417443874,-0.004481127435458809,-0.0044711021643421
2026-04-13,1444.0,1446.5,1433.0,1443.31,2521364.0,3629675490.0,1252270215.0,0.0020134344567158775,-0.00735178148268556,-0.00732482324135475
2026-04-14,1442.6,1448.6,1435.0,1446.9,2423261.0,3492544230.0,1252270215.0,0.001935094335849871,0.0024842498270416513,0.002487338132487249
2026-04-15,1444.98,1470.79,1442.0,1467.5,3455348.0,5049317187.0,1252270215.0,0.0027592670963590715,0.014136935959215613,0.014237334992051931
2026-04-16,1467.45,1477.41,1460.0,1462.84,2451284.0,3597294838.0,1252270215.0,0.00195747209399211,-0.0031805209827311387,-0.003175468483816113
2026-04-17,1400.0,1421.0,1399.87,1407.24,9682499.0,13631929446.0,1252270215.0,0.007731956636850937,-0.03874941245854746,-0.038008257909272314
2026-04-20,1403.0,1413.94,1400.0,1410.89,3645139.0,5127146041.0,1252270215.0,0.002910824641788673,0.0025903716584867453,0.002593729569938308
2026-04-21,1411.0,1419.9,1410.0,1412.01,2175427.0,3074595192.0,1252270215.0,0.001737186570392078,0.0007935102616238865,0.0007938251741808067
2026-04-22,1415.0,1419.0,1404.98,1409.5,2691593.0,3793827534.0,1252270215.0,0.002149370772984487,-0.0017791896269168106,-0.0017776078073101775
2026-04-23,1408.0,1419.7,1405.1,1419.0,3770109.0,5332831151.0,1252270215.0,0.00301061939734788,0.006717366605875519,0.0067399787158566316
2026-04-24,1413.1,1458.88,1413.1,1458.49,5545531.0,8003410999.0,1252270215.0,0.004428382096431161,0.027449255764955716,0.02782945736434117
2026-04-27,1420.0,1420.0,1402.2,1403.2,7279774.0,10239763452.0,1252270215.0,0.005813261317566353,-0.03864631130707963,-0.03790907033987201
2026-04-28,1402.0,1409.39,1400.11,1405.0,3400442.0,4772513712.0,1252270215.0,0.0027154219267284895,0.0012819601499272082,0.0012827822120866639
2026-04-29,1405.0,1409.75,1400.28,1401.17,3481313.0,4881691348.0,1252270215.0,0.002780001439226118,-0.0027297008935276423,-0.0027259786476867554
2026-04-30,1400.0,1401.17,1380.0,1384.79,5275267.0,7316111748.0,1252270215.0,0.004212562861283097,-0.011759098297780213,-0.011690230307528804
2026-05-06,1365.1,1379.0,1360.05,1375.0,4780604.0,6550750940.0,1252270215.0,0.003817549872812395,-0.007094772475866762,-0.007069663992374298
2026-05-07,1375.0,1388.0,1370.01,1371.05,4046147.0,5573286315.0,1252270215.0,0.003231049458442961,-0.002876861473237291,-0.00287272727272736
2026-05-08,1371.66,1382.77,1370.0,1372.99,3336853.0,4582855939.0,1252270215.0,0.00266464295008406,0.0014139737928191565,0.001414973925093932
2026-05-11,1372.89,1372.89,1361.0,1361.33,5713510.0,7790721392.0,1252270215.0,0.004562521675882869,-0.008528680386628018,-0.008492414365727452
2026-05-12,1362.0,1363.58,1350.5,1354.55,5083743.0,6886304982.0,1252270215.0,0.004059621429229633,-0.0049928671993777485,-0.004980423556374958
2026-05-13,1354.5,1358.6,1338.0,1344.09,5696787.0,7653257144.0,1252270215.0,0.0045491675293099585,-0.007752091707446063,-0.007722121737846588
