date,open,high,low,close,volume,log_return,simple_return
2021-01-04,3474.679,3511.655,3457.206,3502.958,38079080000,,
2021-01-05,3492.191,3528.677,3484.715,3528.677,40799593400,0.007315258739016173,0.0073420806073039024
2021-01-06,3530.907,3556.802,3513.126,3550.877,37023092600,0.006271602071539206,0.006291309745833917
2021-01-07,3552.909,3576.205,3526.617,3576.205,40534822600,0.007107567059151165,0.0071328857631509646
2021-01-08,3577.692,3588.063,3544.891,3570.108,34555789600,-0.0017063348552817104,-0.0017048798936302179
2021-01-11,3571.321,3597.702,3516.986,3531.498,36247915400,-0.010873703899710208,-0.010814798880033893
2021-01-12,3518.011,3608.339,3517.469,3608.339,32340615300,0.021525412122917587,0.021758755066546787
2021-01-13,3613.281,3622.348,3575.595,3598.652,38812779100,-0.0026882247622150857,-0.0026846147216211813
2021-01-14,3584.932,3599.058,3559.6,3565.905,34766681900,-0.009141452303259356,-0.009099796257042825
2021-01-15,3566.285,3589.266,3533.788,3566.378,32461274400,0.0001326363523972418,0.0001326451489873648
2021-01-18,3554.798,3608.767,3544.261,3596.224,30165256500,0.008333891159338691,0.008368714701582292
2021-01-19,3596.356,3603.148,3553.024,3566.381,32343954100,-0.008333049970115525,-0.008298426349415466
2021-01-20,3564.121,3589.962,3556.443,3583.092,27227166100,0.004674758666162404,0.004685702396911573
2021-01-21,3590.925,3636.244,3585.802,3621.264,32746699500,0.010597021361979486,0.010653368654782058
2021-01-22,3616.54,3616.54,3585.034,3606.75,32446308400,-0.0040160463185525686,-0.004007992789258119
2021-01-25,3605.361,3637.1,3591.02,3624.238,32734107000,0.004836969469774743,0.004848686490607879
2021-01-26,3610.969,3610.969,3564.742,3569.429,27813988400,-0.015238420291964871,-0.015122903076453476
2021-01-27,3567.549,3578.797,3546.492,3573.341,26410716100,0.0010953734730776432,0.0010959736137068354
2021-01-28,3534.669,3549.544,3496.879,3505.176,27086246100,-0.019260279288729976,-0.019075985191449707
2021-01-29,3521.718,3531.598,3446.547,3483.069,29366266400,-0.006326931510081124,-0.006306958623475634
2021-02-01,3477.172,3506.389,3469.875,3505.284,27756790100,0.006357742612351558,0.006377995957013827
2021-02-02,3510.808,3535.502,3495.568,3533.685,26454063000,0.008069691491012776,0.008102339211316423
2021-02-03,3531.149,3544.009,3508.507,3517.308,29735171600,-0.004645311504299698,-0.004634538732229965
2021-02-04,3503.779,3524.722,3465.771,3501.859,29883485400,-0.0044019539488147075,-0.004392279550155975
2021-02-05,3509.487,3536.542,3492.962,3496.333,29014617400,-0.0015792653726922623,-0.0015780189893425112
2021-02-08,3504.563,3542.208,3492.129,3532.447,24979961900,0.01027612695204283,0.010329107667948145
2021-02-09,3539.773,3604.011,3528.676,3603.489,25382176000,0.019911710864516152,0.02011127130852919
2021-02-10,3612.613,3662.766,3612.505,3655.088,25794082400,0.014217626729355004,0.014319177885654844
2021-02-18,3721.087,3731.687,3663.664,3675.357,34030906500,0.005530101284588085,0.005545420520654876
2021-02-19,3661.783,3699.65,3634.015,3696.168,36105980400,0.005646336487984627,0.005662307090168461
2021-02-22,3707.191,3717.267,3642.445,3642.445,48882147800,-0.014641447838203092,-0.014534783050986877
2021-02-23,3617.701,3672.151,3617.701,3636.357,39887317400,-0.0016728031397619247,-0.0016714047844237356
2021-02-24,3638.936,3645.647,3531.594,3564.08,36215895200,-0.020076400268147054,-0.019876211274085565
2021-02-25,3595.542,3608.557,3568.474,3585.046,36623229900,0.005865349164793088,0.0058825840048484235
2021-02-26,3514.565,3550.406,3500.704,3509.08,33328006700,-0.021417410351254773,-0.021189686269018515
2021-03-01,3531.48,3552.567,3511.989,3551.4,31548752600,0.011987997083306112,0.012060141119609735
2021-03-02,3566.852,3566.852,3485.364,3508.591,33983048600,-0.012127359558631312,-0.01205411950216817
2021-03-03,3500.158,3577.622,3498.719,3576.905,34765684600,0.019283368971596104,0.019470493996023075
2021-03-04,3546.641,3552.202,3487.376,3503.492,39361612000,-0.020737715960573055,-0.020524168240420138
2021-03-05,3463.309,3523.568,3456.667,3501.987,35640922300,-0.0004296637026968142,-0.0004295714104670667
2021-03-08,3524.983,3542.304,3421.215,3421.414,38704795400,-0.023276605772402092,-0.023007795288788824
2021-03-09,3415.339,3429.15,3328.312,3359.292,40765253900,-0.018323678433866064,-0.018156820542617802
2021-03-10,3389.839,3397.025,3354.823,3357.737,29974916600,-0.00046300232670759556,-0.0004628951576700624
2021-03-11,3369.902,3436.831,3369.902,3436.831,32211204400,0.023282590710978823,0.02355574602775623
2021-03-12,3447.203,3454.506,3417.239,3453.078,35802703500,0.004716181335428615,0.004727320022427595
2021-03-15,3441.882,3457.489,3392.509,3419.946,36781329300,-0.009641245729550718,-0.009594917925398794
2021-03-16,3424.652,3448.883,3406.175,3446.733,31666874700,0.007802064398774178,0.00783257981266372
2021-03-17,3435.732,3454.056,3410.282,3445.551,28005981800,-0.00034299225382738996,-0.0003429334387085037
2021-03-18,3449.641,3478.145,3449.377,3463.068,28440389100,0.005071067760001213,0.005083947386063992
2021-03-19,3423.873,3439.524,3389.293,3404.663,30916171600,-0.017008938777561156,-0.016865103428520656
2021-03-22,3406.123,3443.66,3404.234,3443.439,31255908400,0.011324718707520276,0.011389086085759503
2021-03-23,3445.341,3445.416,3390.048,3411.509,32638940900,-0.00931596590550221,-0.009272706733007285
2021-03-24,3394.128,3415.295,3362.185,3367.061,31739869700,-0.013114458372635696,-0.013028838557951894
2021-03-25,3355.071,3382.226,3344.97,3363.592,27067609700,-0.00103080646325715,-0.0010302753647766227
2021-03-26,3373.317,3423.223,3373.317,3418.327,27461498700,0.01614179953007877,0.016272782192370494
2021-03-29,3429.632,3449.834,3409.887,3435.296,28482424300,0.004951843623256735,0.004964124263126202
2021-03-30,3432.529,3457.635,3423.315,3456.677,28542308100,0.006204629238315107,0.0062239178225109715
2021-03-31,3452.208,3452.208,3420.832,3441.912,28304926100,-0.004280592029903829,-0.00427144335441243
2021-04-01,3444.81,3470.031,3438.826,3466.332,27524429500,0.007069843426108946,0.007094893768347488
2021-04-02,3472.628,3487.586,3462.832,3484.392,26265487300,0.005196592654769461,0.005210118361426375
2021-04-06,3491.634,3493.281,3471.761,3482.967,23474667100,-0.00040905026420112733,-0.00040896661454847827
2021-04-07,3483.421,3483.421,3453.195,3479.626,29578697800,-0.0009597000015446611,-0.0009592396367809064
2021-04-08,3467.487,3495.909,3459.325,3482.555,33175532900,0.0008414030525205618,0.0008417571313696914
2021-04-09,3475.443,3475.447,3442.139,3450.677,28008519600,-0.009195776122716381,-0.009153624278726347
2021-04-12,3445.97,3456.158,3403.901,3412.948,30957723900,-0.01099400973074438,-0.010933796469504431
2021-04-13,3411.293,3425.395,3387.902,3396.47,27062605400,-0.004839776957229702,-0.004828084107932562
2021-04-14,3397.021,3420.028,3392.975,3416.721,23324232700,0.005944662240494836,0.005962366810247088
2021-04-15,3409.614,3409.614,3373.094,3398.988,23400505400,-0.005203578971276102,-0.005190063806790213
2021-04-16,3407.188,3432.629,3394.134,3426.618,25857967200,0.008096028665811161,0.00812889012847351
2021-04-19,3427.548,3479.01,3414.356,3477.549,30273581900,0.01475396637507842,0.014863343389896366
2021-04-20,3467.148,3494.298,3463.464,3472.943,28530008200,-0.0013253739948897447,-0.0013244960746777723
2021-04-21,3456.299,3481.251,3450.111,3472.93,25377785900,-3.743229973096618e-06,-3.7432229669231987e-06
2021-04-22,3482.833,3485.359,3456.316,3465.114,25111451000,-0.002253085540081301,-0.002250549248041245
2021-04-23,3462.086,3482.359,3456.333,3474.166,24936043300,0.00260891767858773,0.0026123238658237735
2021-04-26,3484.107,3497.121,3438.572,3441.166,27697077100,-0.009544082770224449,-0.00949868256151265
2021-04-27,3440.091,3443.854,3417.265,3442.611,25303239300,0.00041982766763837276,0.00041991580760702973
2021-04-28,3432.161,3457.068,3423.325,3457.068,24738112000,0.004190635870777726,0.004199428863731702
2021-04-29,3458.082,3478.228,3447.588,3474.901,27663138700,0.00514515842195884,0.005158417479783406
2021-04-30,3468.302,3469.087,3426.902,3446.856,31266035400,-0.008103478197106995,-0.00807073352593346
2021-05-06,3446.074,3471.24,3426.849,3441.283,31042419200,-0.0016181442378044864,-0.0016168357482878593
2021-05-07,3446.407,3457.892,3416.776,3418.874,35378538900,-0.006533109870265008,-0.006511815506019203
2021-05-10,3423.59,3429.736,3401.935,3427.991,37417088400,0.0026631181973932883,0.0026666674466506723
2021-05-11,3406.598,3448.096,3384.697,3441.845,35093411200,0.004033289522700656,0.004041434181128123
2021-05-12,3429.754,3466.371,3428.394,3462.751,31144454700,0.006055695043627907,0.006074067832804841
2021-05-13,3432.138,3448.017,3418.385,3429.536,31932532700,-0.009638384801679223,-0.009592084443842519
2021-05-14,3436.092,3490.644,3422.565,3490.376,33698230900,0.017584491741708064,0.017740009144094238
2021-05-17,3490.409,3530.506,3490.144,3517.616,32213596900,0.0077740206290801694,0.007804316784208787
2021-05-18,3520.649,3529.014,3510.862,3529.014,27130855800,0.003235024384810714,0.003240262723390064
2021-05-19,3521.11,3521.11,3503.815,3510.965,27832111700,-0.005127583348048859,-0.00511445973294522
2021-05-20,3500.877,3517.74,3486.066,3506.944,32600933300,-0.0011459255000367818,-0.001145269178131958
2021-05-21,3510.835,3518.377,3479.674,3486.557,28382628500,-0.005830286647546146,-0.005813323509015311
2021-05-24,3486.271,3498.304,3469.875,3497.282,28950924200,0.003071379059875312,0.0030761005771597905
2021-05-25,3502.539,3584.577,3502.443,3581.342,34124112700,0.023751495126216327,0.024035808379192725
2021-05-26,3586.839,3603.488,3585.37,3593.357,34198028800,0.003349272556700811,0.003354887637092352
2021-05-27,3585.734,3626.358,3579.26,3608.851,30955148600,0.004302576071749442,0.004311845441463236
2021-05-28,3610.767,3622.18,3582.358,3600.784,34920883000,-0.0022378396039695048,-0.002235337507699775
2021-05-31,3600.07,3615.657,3580.652,3615.477,33152377000,0.004072197583830928,0.004080500246612884
2021-06-01,3608.598,3626.074,3581.912,3624.714,35281141300,0.002551591528883179,0.0025548496090557204
2021-06-02,3626.328,3629.29,3584.596,3597.138,34855842000,-0.00763685936044034,-0.007607772640820798
2021-06-03,3595.422,3618.507,3584.205,3584.212,35423303100,-0.0035998841329760722,-0.0035934123183486433
2021-06-04,3565.472,3618.8,3561.891,3591.845,33089303800,0.002127352912239644,0.0021296173329032886
2021-06-07,3597.141,3600.376,3581.899,3599.541,30371867700,0.002140339272008518,0.002142631433149411
2021-06-08,3598.753,3621.523,3563.25,3580.106,30449147000,-0.005413928420429315,-0.005399299521800072
2021-06-09,3576.802,3598.708,3572.636,3591.397,29832329600,0.0031488543836513117,0.0031538172333445136
2021-06-10,3587.528,3624.343,3584.133,3610.859,31817480800,0.005404430881178257,0.0054190611619935325
2021-06-11,3614.113,3614.404,3587.149,3589.748,36055497000,-0.005863689127318494,-0.005846531254751208
2021-06-15,3587.466,3592.947,3547.187,3556.559,34916856600,-0.009288500653044096,-0.009245495784105162
2021-06-16,3556.714,3561.092,3513.559,3518.329,31259730600,-0.010807343409641845,-0.010749153887226415
2021-06-17,3508.317,3534.198,3507.354,3525.604,27722991800,0.0020656081160073114,0.0020677429541124948
2021-06-18,3520.497,3535.622,3503.183,3525.097,29670858500,-0.00014381548752950835,-0.00014380514657907906
2021-06-21,3515.501,3540.296,3504.008,3529.183,28089827700,0.001158445782404982,0.001159117039899904
2021-06-22,3539.788,3560.195,3536.812,3557.412,30753639900,0.007966914805148662,0.00799873511801441
2021-06-23,3559.399,3577.466,3549.848,3566.22,31070951800,0.0024728971088272544,0.0024759572408257213
2021-06-24,3568.576,3570.487,3548.816,3566.654,33544075400,0.00012169007907125717,0.00012169748361023913
2021-06-25,3567.377,3614.298,3564.52,3607.562,34608783200,0.011404296543815917,0.011469573443344983
2021-06-28,3612.247,3614.357,3594.217,3606.372,32127497400,-0.00032991707736584885,-0.000329862660711
2021-06-29,3601.677,3601.827,3570.525,3573.178,30607117800,-0.0092468849775873,-0.00920426400826091
2021-06-30,3572.624,3594.119,3569.501,3591.197,26816281800,0.005030177229436106,0.005042849810448891
2021-07-01,3600.546,3607.705,3573.937,3588.782,29188319200,-0.0006727039427474324,-0.0006724777281781336
2021-07-02,3569.892,3569.892,3514.339,3518.76,29194554800,-0.019704214347006754,-0.01951135510599411
2021-07-05,3516.923,3534.322,3510.578,3534.322,28809483700,0.004412829810659602,0.00442258068183099
2021-07-06,3533.13,3538.347,3496.928,3530.259,31407021100,-0.001150245272285133,-0.0011495839937617491
2021-07-07,3508.59,3557.879,3504.472,3553.716,31883918900,0.006622577220387171,0.006644554974578387
2021-07-08,3557.218,3558.677,3521.058,3525.504,35087785700,-0.007970411811728084,-0.007938732301624563
2021-07-09,3512.233,3529.31,3485.054,3524.088,34988431700,-0.00040172538185068163,-0.0004016447010128932
2021-07-12,3545.198,3565.032,3527.393,3547.836,40363955800,0.006716160769352442,0.006738764752753035
2021-07-13,3547.59,3567.481,3542.815,3566.523,36241671100,0.005253331459988075,0.005267154400597995
2021-07-14,3560.828,3560.828,3525.494,3528.501,37222172200,-0.010718036749388204,-0.010660803252916073
2021-07-15,3519.063,3565.935,3514.258,3564.59,36325916400,0.010175905374568472,0.010227855964898502
2021-07-16,3559.526,3565.999,3537.729,3539.304,36601477900,-0.007118942593944411,-0.007093662945808599
2021-07-19,3530.493,3544.879,3506.342,3539.123,33676094600,-5.114130584082943e-05,-5.113999814654324e-05
2021-07-20,3515.072,3538.636,3509.192,3536.791,29378059400,-0.0006591374865294597,-0.0006589203031371893
2021-07-21,3543.053,3569.09,3543.053,3562.661,33897874800,0.007287918702544971,0.007314540214561793
2021-07-22,3563.661,3576.473,3558.293,3574.734,38106705400,0.003383030227277928,0.003388759132569641
2021-07-23,3571.715,3571.854,3541.51,3550.396,44642124600,-0.006831621221392581,-0.006808338746323472
2021-07-26,3538.014,3538.014,3424.742,3467.441,44288220300,-0.023642288640440157,-0.023364999284586907
2021-07-27,3467.447,3483.874,3380.276,3381.183,46907544300,-0.025191209662283498,-0.024876558822486072
2021-07-28,3355.819,3385.536,3312.721,3361.59,39582541900,-0.00581157192895887,-0.005794717411036321
2021-07-29,3403.838,3416.607,3382.571,3411.724,34456942800,0.014803659054289042,0.014913775921513439
2021-07-30,3398.196,3404.881,3370.451,3397.357,38144095600,-0.004219958999074791,-0.0042110674837707585
2021-08-02,3385.69,3464.291,3367.643,3464.285,43292787100,0.019508485757119942,0.01970001975064739
2021-08-03,3446.784,3470.657,3435.462,3447.991,40069808100,-0.0047145195533673245,-0.004703423650190386
2021-08-04,3442.937,3477.597,3440.784,3477.219,34874421800,0.008441093785190645,0.008476820270122642
2021-08-05,3461.719,3486.157,3449.389,3466.549,34843692200,-0.0030732617789421823,-0.003068544144041563
2021-08-06,3465.484,3466.39,3436.932,3458.228,33682440000,-0.0024032554419939345,-0.0024003699356334174
2021-08-09,3441.75,3502.841,3438.703,3494.635,34991009400,0.01047261617158135,0.01052764595046951
2021-08-10,3488.664,3529.931,3477.064,3529.931,34511299200,0.010049388686896421,0.010100053367519068
2021-08-11,3527.109,3544.094,3524.044,3532.621,38378355400,0.0007617643395985141,0.0007620545557405212
2021-08-12,3522.724,3538.396,3513.446,3524.737,38107459300,-0.0022342647998598864,-0.0022317706881095356
2021-08-13,3514.467,3540.08,3500.8,3516.299,37818728200,-0.0023968075264697575,-0.002393937476753649
2021-08-16,3514.345,3537.85,3510.898,3517.345,39109972100,0.0002974276229252837,0.000297471858906162
2021-08-17,3512.109,3531.725,3438.123,3446.976,42288580400,-0.020209118713813368,-0.020006283148226722
2021-08-18,3442.347,3487.436,3437.691,3485.286,38920375600,0.011052781908052367,0.011114089567203278
2021-08-19,3475.298,3480.46,3446.015,3465.555,38238303100,-0.005677313866700118,-0.0056612283755193005
2021-08-20,3442.506,3453.153,3394.972,3427.334,39113691800,-0.011090093495818465,-0.011028825108820972
2021-08-23,3436.796,3481.254,3436.671,3477.132,38472744000,0.01442511658711254,0.014529660663361144
2021-08-24,3482.266,3522.697,3481.141,3514.471,43023646300,0.010681200003418212,0.010738447663189099
2021-08-25,3517.915,3540.395,3510.066,3540.384,45004701900,0.007346179768612515,0.007373229143162741
2021-08-26,3537.314,3537.316,3499.453,3501.664,50290314700,-0.010996911752572558,-0.010936666757052294
2021-08-27,3494.418,3530.193,3493.375,3522.157,45534590600,0.005835301938969195,0.005852360477761387
2021-08-30,3535.073,3539.494,3512.993,3528.151,51278571600,0.001700351656737098,0.0017017980743050387
2021-08-31,3519.025,3543.94,3496.389,3543.94,52420505600,0.004465164894799756,0.004475148597664846
2021-09-01,3543.866,3582.324,3514.674,3567.101,66727630500,0.006514118509679534,0.006535381524517936
2021-09-02,3559.903,3597.366,3557.677,3597.043,57268403900,0.008358897961857181,0.008393931094185403
2021-09-03,3602.742,3613.948,3569.399,3581.734,61453235300,-0.00426507835722667,-0.0042559958276841
2021-09-06,3580.141,3626.287,3580.141,3621.859,52171327600,0.011140389243584181,0.011202674458795636
2021-09-07,3621.71,3681.925,3615.144,3676.587,54772187500,0.014997446250005098,0.01511047227404494
2021-09-08,3673.402,3695.32,3661.0,3675.187,58643619300,-0.0003808604608703803,-0.00038078794273055383
2021-09-09,3666.825,3693.45,3662.163,3693.13,60481033000,0.004870321259891952,0.004882200551971971
2021-09-10,3691.186,3722.873,3681.642,3703.11,63520043300,0.00269867015047609,0.0027023148386329243
2021-09-13,3699.253,3716.832,3692.816,3715.372,55748401900,0.0033058006117467897,0.0033112707967086763
2021-09-14,3709.634,3723.845,3655.634,3662.602,56495238600,-0.014304983961352491,-0.014203153816091607
2021-09-15,3651.158,3677.527,3638.323,3656.223,47497000100,-0.0017431764293593943,-0.0017416579797641107
2021-09-16,3664.841,3677.92,3606.728,3607.092,54674147400,-0.01352873979861613,-0.013437637693324511
2021-09-17,3595.272,3620.958,3569.271,3613.966,51685021000,0.0019038767106902554,0.0019056902346821225
2021-09-22,3563.207,3629.454,3560.503,3628.49,47229605300,0.004010799505040907,0.004018853525461941
2021-09-23,3651.266,3670.954,3632.282,3642.22,53499548600,0.003776802078657937,0.0037839431829769232
2021-09-24,3637.868,3651.429,3607.792,3613.067,50730477200,-0.008036389711449488,-0.00800418426124716
2021-09-27,3625.96,3640.808,3559.915,3582.831,51080279500,-0.008403726107633958,-0.008368513509436681
2021-09-28,3577.886,3610.917,3568.819,3602.218,44416880700,0.005396496822577035,0.0054110841398882226
2021-09-29,3573.518,3573.518,3518.048,3536.294,45251115100,-0.01847048073920554,-0.0183009468055515
2021-09-30,3541.928,3572.426,3541.928,3568.167,39562962600,0.008972732439742614,0.009013108073027798
2021-10-08,3609.087,3612.554,3571.734,3592.167,40716114800,0.006703623008942117,0.006726142582452077
2021-10-11,3600.357,3614.699,3586.749,3591.709,39436115900,-0.0001275077689602,-0.00012749964018932136
2021-10-12,3581.297,3583.639,3515.141,3546.936,40539374800,-0.012544001583435715,-0.012465653537076515
2021-10-13,3543.492,3569.133,3515.648,3561.762,32505066700,0.004171234028142123,0.004179945733444379
2021-10-14,3555.109,3569.686,3547.182,3558.28,29496919600,-0.0009780841960154163,-0.0009776060275784593
2021-10-15,3551.987,3578.766,3542.693,3572.366,32029298400,0.003950839327183431,0.003958654181233534
2021-10-18,3571.048,3571.048,3539.478,3568.138,34095061600,-0.001184230271171316,-0.0011835293472169939
2021-10-19,3562.296,3596.788,3560.622,3593.153,33419765200,0.006986198924781917,0.007010659341090575
2021-10-20,3583.236,3596.05,3574.296,3587.001,34424500800,-0.0017136126900432203,-0.0017121452941190052
2021-10-21,3590.05,3610.96,3576.355,3594.783,35231086700,0.002167150403217022,0.0021695003709225613
2021-10-22,3594.746,3607.578,3578.76,3582.604,35315720300,-0.003393717432016885,-0.003387965281909988
2021-10-25,3574.263,3611.091,3564.206,3609.863,32119681600,0.00757991118035406,0.007608711428893633
2021-10-26,3612.833,3625.016,3589.706,3597.638,33727829100,-0.0033923024702957605,-0.0033865551130333182
2021-10-27,3589.857,3589.857,3553.128,3562.305,35062094000,-0.00986971176131668,-0.009821165998357806
2021-10-28,3548.702,3552.042,3509.487,3518.417,37817166600,-0.01239663470616037,-0.012320112960569007
2021-10-29,3519.328,3547.336,3502.801,3547.336,35880937700,0.008185726695792539,0.00821932135957737
2021-11-01,3530.396,3556.59,3519.29,3544.48,38225132500,-0.0008054354919515561,-0.0008051112158531382
2021-11-02,3543.383,3559.048,3477.664,3505.628,41756317300,-0.011021786704613845,-0.01096126935403774
2021-11-03,3501.105,3512.609,3480.488,3498.537,30660766900,-0.0020247959385990555,-0.0020227474221452546
2021-11-04,3505.894,3527.952,3503.006,3526.866,31944082900,0.008064776794865836,0.008097384706807542
2021-11-05,3520.207,3525.872,3491.457,3491.568,35453356500,-0.010058738919610732,-0.010008319000495036
2021-11-08,3491.971,3507.274,3484.24,3498.631,29818372200,0.0020208301376332116,0.0020228733909806174
2021-11-09,3507.108,3514.951,3489.043,3507.002,28731598900,0.0023897923239690755,0.00239265015373169
2021-11-10,3498.945,3498.945,3448.438,3492.462,30703070800,-0.004154609814209564,-0.004145991362422885
2021-11-11,3486.451,3534.199,3482.829,3532.786,32208795700,0.011479863158749382,0.011546009663097268
2021-11-12,3534.151,3543.648,3527.39,3539.1,30868335400,0.0017856627433570083,0.0017872579884543605
2021-11-15,3542.903,3550.444,3521.292,3533.303,31301761200,-0.0016393300263697341,-0.0016379870588567602
2021-11-16,3530.458,3549.765,3517.807,3521.787,31039990900,-0.0032645962638966353,-0.0032592732635723376
2021-11-17,3518.565,3537.513,3513.523,3537.366,27673567100,0.004413851149735137,0.004423606538385361
2021-11-18,3531.492,3537.976,3513.114,3520.711,31242692700,-0.004719424543827344,-0.004708305558429715
2021-11-19,3519.276,3561.913,3517.651,3560.373,31798997600,0.011202356806879976,0.01126533816606945
2021-11-22,3562.763,3585.188,3562.751,3582.08,33000938500,0.006078322624512467,0.006096833112710254
2021-11-23,3580.506,3598.375,3577.361,3589.089,36001159300,0.0019547725710715724,0.0019566843844915915
2021-11-24,3590.019,3602.735,3575.288,3592.703,33677524600,0.0010064341337248095,0.0010069407585044932
2021-11-25,3593.388,3597.148,3579.533,3584.179,30645151800,-0.002375405923658036,-0.0023725868795722027
2021-11-26,3576.114,3576.114,3554.88,3564.089,30100006600,-0.005620956823534584,-0.005605188803349481
2021-11-29,3528.672,3563.677,3526.355,3562.697,33361833100,-0.00039063892691615365,-0.0003905626374649529
2021-11-30,3570.747,3582.115,3546.362,3563.887,34918793800,0.00033396084605463727,0.0003340166171863501
2021-12-01,3561.886,3576.885,3558.691,3576.885,32987351700,0.0036405067562768068,0.003647141449770963
2021-12-02,3573.247,3586.867,3567.137,3573.836,35404152400,-0.0008527811908134453,-0.0008524176762743085
2021-12-03,3576.45,3608.47,3573.214,3607.432,37755104800,0.009356633146373028,0.009400543281784524
2021-12-06,3615.236,3626.126,3586.805,3589.306,41867674300,-0.005037292820134098,-0.005024626936834808
2021-12-07,3611.217,3614.223,3572.569,3595.088,40384259400,0.001609600266450073,0.0016108963682672783
2021-12-08,3602.824,3637.715,3591.986,3637.568,36103665700,0.01174685716525481,0.011816122442621646
2021-12-09,3641.158,3688.397,3638.702,3673.041,43191815700,0.009704602831712705,0.009751845188873398
2021-12-10,3654.368,3667.855,3651.353,3666.348,41998880100,-0.001823858050128635,-0.001822195831737261
2021-12-13,3686.937,3708.942,3678.058,3681.082,42409200900,0.004010659441512132,0.004018712899048316
2021-12-14,3669.807,3671.678,3654.656,3661.525,36217193400,-0.005327003405557917,-0.005312840083431913
2021-12-15,3655.049,3668.402,3645.243,3647.63,37747766700,-0.003802085668910493,-0.0037948668928929896
2021-12-16,3648.927,3675.016,3644.665,3675.016,38132950700,0.007479844767237509,0.007507888683885078
2021-12-17,3670.258,3673.654,3631.661,3632.364,40848783700,-0.011673810415169683,-0.011605935865313222
2021-12-20,3620.037,3643.954,3589.36,3593.602,42385141000,-0.010728633874848015,-0.010671287348955172
2021-12-21,3591.452,3627.088,3591.452,3625.125,40818434800,0.00873372836394104,0.008771978644268374
2021-12-22,3632.676,3635.899,3616.548,3622.618,39482517700,-0.0006918015994727966,-0.0006915623599186294
2021-12-23,3625.47,3643.546,3618.048,3643.339,38292573400,0.00570360000009984,0.005719896494744914
2021-12-24,3645.395,3648.956,3612.067,3618.054,39034762500,-0.0069642566365129,-0.006940062398804958
2021-12-27,3613.047,3632.188,3601.935,3615.974,32923529300,-0.000575059996263505,-0.0005748946809527311
2021-12-28,3619.642,3631.077,3607.364,3630.112,31620224200,0.0039022495566829463,0.003909873245770079
2021-12-29,3630.916,3630.916,3596.323,3597.0,30513176600,-0.00916333708178918,-0.009121481651254815
2021-12-30,3596.492,3628.918,3595.496,3619.189,30783929100,0.006149802875848209,0.006168751737559042
2021-12-31,3626.242,3642.843,3624.942,3639.775,32968193200,0.0056718989619888305,0.005688014635323091
2022-01-04,3649.151,3651.892,3610.092,3632.329,40502776900,-0.002047826214290893,-0.0020457308487474846
2022-01-05,3628.263,3628.263,3583.467,3595.176,42390202800,-0.010281093477809478,-0.010228423691796662
2022-01-06,3581.218,3594.489,3559.88,3586.079,37154054300,-0.0025335418018190836,-0.002530335093469671
2022-01-07,3588.985,3607.232,3577.098,3579.543,43630696100,-0.0018242664244976226,-0.0018226034618868958
2022-01-10,3572.743,3593.519,3555.126,3593.519,35622261000,0.0038968066038123084,0.003904409026515232
2022-01-11,3589.904,3602.145,3562.754,3567.441,35976186300,-0.007283413196633504,-0.007256953420866852
2022-01-12,3578.163,3599.499,3572.097,3597.432,34313295600,0.00837172554536636,0.008406866434511384
2022-01-13,3601.027,3601.073,3555.158,3555.259,36936836500,-0.011792341850439314,-0.0117230846893005
2022-01-14,3544.065,3548.42,3519.322,3521.256,37693702400,-0.009610171587656424,-0.009564141459173614
2022-01-17,3522.085,3546.085,3519.426,3541.666,31288673300,0.005779493759703769,0.005796227255274955
2022-01-18,3541.89,3579.313,3531.33,3569.914,37714643500,0.007944267958473361,0.007975907383700243
2022-01-19,3567.631,3578.735,3541.662,3558.18,33323526900,-0.003292327682306251,-0.0032869139144529047
2022-01-20,3556.226,3576.259,3540.555,3555.063,37950984600,-0.0008763935660596189,-0.0008760096453804822
2022-01-21,3546.75,3547.0,3514.885,3522.568,32653488000,-0.009182515541541036,-0.009140484992811615
2022-01-24,3508.244,3531.608,3500.139,3524.105,28026834200,0.00043623424114436204,0.00043632940513838037
2022-01-25,3509.285,3519.833,3433.061,3433.061,32735381300,-0.026174220283667893,-0.0258346445409543
2022-01-26,3442.692,3462.123,3417.759,3455.668,27512282800,0.006563498479371432,0.0065850854383304736
2022-01-27,3456.102,3456.363,3392.015,3394.247,28060653400,-0.01793384186229474,-0.017773987547414882
2022-01-28,3407.593,3417.045,3356.556,3361.44,29085525700,-0.00971248605699948,-0.009665472194569147
2022-02-07,3407.762,3434.026,3407.762,3429.581,32048521100,0.020068642688439553,0.02027137179304117
2022-02-08,3428.542,3453.186,3390.458,3452.629,36609386500,0.006697873550486122,0.006720354468956913
2022-02-09,3450.818,3484.739,3444.085,3479.946,35024993600,0.007880806592504896,0.007911941885444307
2022-02-10,3481.91,3488.855,3464.217,3485.907,35566626700,0.0017114921762146906,0.001712957614859567
2022-02-11,3472.276,3500.147,3459.33,3462.948,36135609000,-0.0066080191754629425,-0.006586234228279864
2022-02-14,3451.847,3457.265,3415.446,3428.882,31527444800,-0.00988598890181791,-0.009837283147191345
2022-02-15,3428.045,3447.492,3421.64,3446.089,27555932200,0.00500570429453262,0.005018253763179992
2022-02-16,3457.073,3475.058,3453.801,3465.831,27499391300,0.0057124659097578245,0.0057288131560153666
2022-02-17,3464.209,3480.972,3454.277,3468.035,29726268200,0.0006357204117382054,0.0006359225247853928
2022-02-18,3451.632,3490.757,3447.027,3490.757,29514996300,0.006530466998304618,0.0065518369912644925
2022-02-21,3488.406,3492.199,3471.686,3490.612,30154174000,-4.153913079818494e-05,-4.153826806052585e-05
2022-02-22,3473.287,3473.393,3437.672,3457.146,32627948400,-0.00963368580925561,-0.009587430513617656
2022-02-23,3458.514,3490.763,3458.18,3489.147,32560489500,0.009213900535433694,0.009256479188324729
2022-02-24,3474.369,3486.977,3400.214,3429.956,48835490100,-0.017109860626025153,-0.016964318213018803
2022-02-25,3445.336,3480.176,3440.934,3451.406,37754255600,0.006234251147585468,0.006253724537574223
2022-02-28,3450.316,3462.306,3425.516,3462.306,34583838800,0.003153156808096469,0.00315813323613634
2022-03-01,3471.365,3491.132,3465.715,3488.835,32600166200,0.007633028535913411,0.007662234360567677
2022-03-02,3478.293,3486.621,3467.0,3484.192,32936768400,-0.0013317030569854893,-0.0013308167339527444
2022-03-03,3495.928,3500.287,3473.338,3481.113,41259428900,-0.0008840963031921945,-0.000883705605202012
2022-03-04,3459.985,3474.882,3437.696,3447.649,39352658100,-0.009659520762836493,-0.009613017445857075
2022-03-07,3438.56,3438.56,3360.739,3372.855,39358899900,-0.02193298275792266,-0.021694203789306865
2022-03-08,3372.555,3383.633,3287.341,3293.53,41592676600,-0.023799628809998197,-0.023518651113077715
2022-03-09,3303.706,3321.481,3147.677,3256.388,46628556900,-0.011341332247972957,-0.011277261782950299
2022-03-10,3312.179,3326.583,3291.235,3296.092,37833637600,0.01211891861911596,0.01219265026157812
2022-03-11,3259.323,3315.66,3217.419,3309.747,38406712700,0.004134227143312685,0.004142784849451964
2022-03-14,3271.89,3297.797,3223.533,3223.533,33796868700,-0.026393788386528172,-0.02604851669931263
2022-03-15,3192.364,3196.916,3063.965,3063.965,46503716400,-0.05076813419921855,-0.04950096679636895
2022-03-16,3107.669,3177.788,3023.305,3170.71,44466718900,0.03424570873739263,0.03483884443849705
2022-03-17,3215.011,3260.167,3202.934,3215.045,42081345800,0.013885816907214021,0.013982672650605155
2022-03-18,3207.152,3260.783,3197.358,3251.072,37303561100,0.011143433627001542,0.011205752952135883
2022-03-21,3255.615,3267.498,3223.389,3253.686,35422848800,0.0008037194129926206,0.0008040424819875103
2022-03-22,3249.543,3279.113,3239.532,3259.862,36119615800,0.0018963556730771103,0.0018981548926355618
2022-03-23,3264.792,3279.887,3251.982,3271.033,34987537000,0.0034209739689803342,0.003426832178785366
2022-03-24,3256.057,3266.887,3236.659,3250.264,32900665400,-0.006369613351422387,-0.0063493703670980395
2022-03-25,3247.157,3257.106,3211.645,3212.24,34002000600,-0.0117677107179599,-0.01169874200987997
2022-03-28,3185.167,3230.215,3159.835,3214.503,34499487300,0.0007042447764078474,0.00070449281498286
2022-03-29,3216.012,3229.177,3196.455,3203.939,31627364900,-0.0032917675470329755,-0.003286355620137904
2022-03-30,3217.592,3266.596,3216.302,3266.596,36675367700,0.019367473798114432,0.01955623999083622
2022-03-31,3256.137,3272.04,3246.063,3252.203,39843993400,-0.0044158512598126975,-0.004406115724136073
2022-04-01,3234.668,3287.229,3226.297,3282.717,37821046000,0.009338820297490003,0.009382563142583678
2022-04-06,3269.427,3288.108,3255.689,3283.426,42964277900,0.00021595630882664807,0.00021597962906949597
2022-04-07,3267.81,3290.256,3236.479,3236.695,40262666000,-0.014334642009062648,-0.01423239019243916
2022-04-08,3239.877,3257.094,3208.352,3251.85,41382679900,0.004671317701690825,0.004682245315051237
2022-04-11,3239.855,3239.855,3156.507,3167.126,42416018500,-0.026399513109650385,-0.026054092285929475
2022-04-12,3165.12,3214.536,3140.9,3213.33,41832192300,0.014483230558559157,0.014588620724278023
2022-04-13,3199.797,3225.467,3183.533,3186.824,39115692500,-0.00828297304804515,-0.008248763743530785
2022-04-14,3203.634,3240.001,3200.235,3225.641,37124234400,0.012106880626205907,0.012180465566971943
2022-04-15,3210.7,3229.866,3200.133,3211.245,40784208200,-0.00447297777290423,-0.004462988906701049
2022-04-18,3185.943,3204.027,3166.978,3195.524,34736512300,-0.004907631772940846,-0.0048956090239143935
2022-04-19,3192.092,3207.828,3174.714,3194.029,33994410400,-0.00046795136601396337,-0.0004678418938489637
2022-04-20,3189.891,3191.832,3142.049,3151.05,36204703700,-0.013547398648046993,-0.013456045640161673
2022-04-21,3138.428,3160.899,3069.681,3079.808,39193469400,-0.02286847324758945,-0.022608971612637085
2022-04-22,3058.404,3105.655,3049.356,3086.919,34200056300,0.0023062487286438227,0.0023089101658284594
2022-04-25,3034.267,3043.816,2928.51,2928.512,43360610800,-0.05267906190849292,-0.05131556739907972
2022-04-26,2930.453,2957.68,2878.256,2886.426,40161515400,-0.01447538559409356,-0.014371120896892409
2022-04-27,2866.816,2959.178,2863.65,2958.282,42306019100,0.024589635824014522,0.024894454248957087
2022-04-28,2945.811,2991.51,2936.794,2975.485,37537177500,0.005798356490367418,0.005815199497546164
2022-04-29,2986.061,3048.494,2968.334,3047.062,42393279400,0.02377079675920779,0.0240555741332924
2022-05-05,3044.849,3082.23,3042.116,3067.759,38307287500,0.006769479936728828,0.006792444656524843
2022-05-06,3011.319,3030.693,2992.715,3001.561,34326421800,-0.021814840941452474,-0.021578618137865435
2022-05-09,2990.199,3015.943,2983.612,3004.141,29206155600,0.0008591835421434268,0.0008595527460544261
2022-05-10,2965.776,3043.779,2957.397,3035.844,37066098000,0.010497804596862892,0.0105530998711445
2022-05-11,3035.389,3100.9,3034.675,3058.703,42399191200,0.007501495088703791,0.007529701789683596
2022-05-12,3044.8,3072.157,3032.945,3054.994,34444047700,-0.0012133412745303218,-0.0012126054736271152
2022-05-13,3068.033,3086.096,3059.253,3084.285,33173785200,0.009542235254501819,0.009587907537625284
2022-05-16,3100.55,3102.577,3063.398,3073.749,33810849200,-0.003421874669967906,-0.0034160267290473945
2022-05-17,3076.498,3093.697,3057.641,3093.697,33035653700,0.006468826662279881,0.006489794709978014
2022-05-18,3095.886,3105.842,3071.305,3085.977,31503792300,-0.002498514975403765,-0.0024953962847688027
2022-05-19,3046.71,3096.965,3042.674,3096.965,33660074900,0.0035542987683374605,0.0035606227784588107
2022-05-20,3107.094,3146.567,3107.094,3146.567,37233663600,0.015889417590939203,0.01601632566076794
2022-05-23,3150.49,3150.509,3127.899,3146.857,35337632500,9.215968928977247e-05,9.216393612465623e-05
2022-05-24,3149.059,3153.13,3070.927,3070.927,41631215800,-0.02442470653070572,-0.024128837122246005
2022-05-25,3070.17,3107.628,3069.946,3107.464,34225922700,0.011827489042875783,0.011897710365632141
2022-05-26,3111.482,3133.277,3079.481,3123.108,37030551800,0.005021700375236193,0.005034330244855667
2022-05-27,3135.032,3151.047,3112.544,3130.239,35946386600,0.0022806996288693426,0.0022833024026065463
2022-05-30,3141.956,3150.892,3123.15,3149.061,34936228500,0.005994953695800831,0.006012959393835393
2022-05-31,3149.944,3188.603,3142.004,3186.427,37452326500,0.01179591320159723,0.011865759348580474
2022-06-01,3179.695,3190.609,3160.04,3182.157,36566443200,-0.0013409576256986355,-0.0013400589437636556
2022-06-02,3170.306,3197.282,3163.756,3195.458,36177063200,0.00417115780267352,0.0041798691893579765
2022-06-06,3196.955,3237.071,3181.647,3236.372,42202783500,0.01272252278713637,0.012803798391341603
2022-06-07,3235.416,3253.093,3222.635,3241.764,40220322000,0.001664676766640838,0.001666063110174143
2022-06-08,3245.017,3266.63,3216.015,3263.793,43418327000,0.006772389880557839,0.00679537437025024
2022-06-09,3259.49,3270.557,3223.475,3238.954,42272837200,-0.007639577798963515,-0.007610470394415314
2022-06-10,3214.185,3286.62,3210.808,3284.834,43986573000,0.014065679761074534,0.014165066870353682
2022-06-13,3256.275,3272.991,3229.309,3255.551,43857831200,-0.008954578566829241,-0.008914605730456993
2022-06-14,3224.214,3289.134,3195.819,3288.907,45038818700,0.010193751366971426,0.010245884644412007
2022-06-15,3289.104,3358.545,3288.851,3305.407,55058413100,0.005004321733673933,0.005016864265240617
2022-06-16,3306.835,3319.689,3277.531,3285.385,43322086800,-0.006075768008630078,-0.006057347854591
2022-06-17,3265.512,3323.28,3262.894,3316.786,39530070000,0.009512397294194841,0.009557783943130005
2022-06-20,3315.783,3333.903,3292.928,3315.43,41346041000,-0.00040891310502999545,-0.0004088295114608176
2022-06-21,3313.787,3329.39,3279.827,3306.719,39445689100,-0.0026308695332630805,-0.0026274118289331128
2022-06-22,3309.118,3311.021,3266.543,3267.202,37552978200,-0.012022497983355862,-0.011950516508962505
2022-06-23,3269.055,3320.149,3262.294,3320.149,40061421100,0.01607570030643579,0.016205609570513202
2022-06-24,3324.736,3356.715,3322.95,3349.747,39081973400,0.008875159157542,0.008914660155312282
2022-06-27,3364.003,3393.309,3364.003,3379.185,41411773800,0.00874973556248726,0.008788126386858552
2022-06-28,3377.679,3412.102,3358.867,3409.21,41205651600,0.00884603674172979,0.008885278550893272
2022-06-29,3399.678,3414.647,3358.468,3361.518,44057355900,-0.014087935236213767,-0.01398916464518174
2022-06-30,3358.934,3417.009,3358.934,3398.616,38124317800,0.010975632262693935,0.011036085482808655
2022-07-01,3400.262,3404.052,3378.362,3387.637,35048929900,-0.003235661735194739,-0.0032304326231618052
2022-07-04,3381.819,3405.619,3364.095,3405.427,35773791900,0.005237707364530664,0.00525144813331524
2022-07-05,3411.13,3424.837,3372.062,3404.025,41169967200,-0.00041178057200852436,-0.00041169580202427003
2022-07-06,3391.027,3391.027,3333.097,3355.35,38463004700,-0.014402468094887766,-0.01429924868354382
2022-07-07,3353.128,3375.86,3332.309,3364.398,33440020200,0.002692959756238622,0.002696589029460572
2022-07-08,3380.369,3386.315,3354.121,3356.078,32292107200,-0.002476016356753874,-0.0024729535566244687
2022-07-11,3341.102,3341.102,3297.005,3313.584,34266919300,-0.01274264722727736,-0.012661803450336961
2022-07-12,3307.221,3319.251,3277.079,3281.467,33460053900,-0.009739804557883147,-0.009692526279701852
2022-07-13,3279.603,3297.019,3266.481,3284.292,33184566900,0.0008605250891253746,0.0008608954470668007
2022-07-14,3277.455,3299.251,3261.493,3281.744,35592643200,-0.000776115186665649,-0.0007758140871760855
2022-07-15,3261.383,3288.92,3228.061,3228.061,38015637100,-0.0164933410277861,-0.016358070586858675
2022-07-18,3235.088,3278.472,3226.232,3278.103,34834602200,0.015383254047433681,0.01550218536762471
2022-07-19,3278.722,3283.93,3256.015,3279.431,31565191800,0.00040503031113736654,0.0004051123469885898
2022-07-20,3291.551,3308.347,3287.744,3304.724,30151512300,0.007683028245262236,0.007712618438991514
2022-07-21,3297.661,3300.535,3272.001,3272.001,33235870700,-0.009951235618999021,-0.0099018859063571
2022-07-22,3276.197,3293.644,3246.731,3269.974,30069006600,-0.0006196905567090738,-0.0006194985881727844
2022-07-25,3269.707,3273.184,3243.031,3250.388,27124574400,-0.0060076599759621985,-0.005989650070612251
2022-07-26,3254.185,3282.413,3246.044,3277.436,25946867600,0.008287035555241573,0.008321468083195116
2022-07-27,3271.783,3282.574,3265.727,3275.755,24913148500,-0.0005130325170963346,-0.000512900938416494
2022-07-28,3287.502,3305.706,3277.108,3282.576,28805505600,0.0020801031419246385,0.0020822680572876173
2022-07-29,3282.811,3294.805,3246.368,3253.238,30733104700,-0.008977671962471234,-0.008937492993307705
2022-08-01,3246.616,3264.304,3225.553,3259.959,29220480500,0.0020638105635590875,0.0020659416864059477
2022-08-02,3231.262,3231.262,3155.187,3186.266,39417616800,-0.02286492033974241,-0.02260549902621467
2022-08-03,3188.891,3217.55,3159.457,3163.674,32488567300,-0.007115687809651661,-0.007090431244597961
2022-08-04,3179.428,3190.999,3155.704,3189.039,26089894300,0.007985607029162622,0.008017577032273238
2022-08-05,3195.227,3228.886,3184.455,3227.027,27468372900,0.011841662446887113,0.011912052502336845
2022-08-08,3218.851,3237.969,3214.083,3236.934,25426805000,0.003065305547870878,0.00307000840092142
2022-08-09,3235.735,3248.772,3227.539,3247.432,25960546700,0.0032379446724633,0.0032431924778200116
2022-08-10,3242.362,3253.166,3217.807,3230.02,25758359200,-0.0053762009935418575,-0.005361775088747023
2022-08-11,3243.472,3281.665,3237.904,3281.665,30060537600,0.01586258638497462,0.015989065083188425
2022-08-12,3275.77,3288.223,3272.841,3276.888,29993292800,-0.0014567240196896591,-0.0014556635122719985
2022-08-15,3268.365,3286.891,3261.815,3276.087,28710677300,-0.00024446911639053326,-0.00024443923625094843
2022-08-16,3278.676,3295.023,3271.57,3277.885,30359227400,0.0005486749241860878,0.0005488254738046372
2022-08-17,3282.101,3295.998,3263.348,3292.526,32612475900,0.004456654000183136,0.004466599651909542
2022-08-18,3286.367,3289.142,3270.558,3277.544,30169477800,-0.00456068990700409,-0.004550305753090456
2022-08-19,3275.623,3286.491,3258.064,3258.078,33353547100,-0.005956910470709786,-0.005939203257072978
2022-08-22,3249.705,3278.166,3247.187,3277.794,31453786900,0.006033184188440899,0.006051420500061688
2022-08-23,3274.427,3284.596,3262.633,3276.223,31656635600,-0.00047940065766916007,-0.0004792857635348424
2022-08-24,3279.172,3281.875,3212.386,3215.203,36614057700,-0.01880073727183529,-0.01862510580018517
2022-08-25,3223.465,3248.351,3199.124,3246.248,33619616500,0.009609370678790086,0.009655688925396033
2022-08-26,3250.628,3266.274,3232.277,3236.223,30992755400,-0.0030929588399004615,-0.003088180570307686
2022-08-29,3203.102,3240.728,3198.996,3240.728,29701509700,0.0013910868637037055,0.0013920548738453054
2022-08-30,3240.184,3243.746,3212.635,3227.22,29431891400,-0.00417691040157564,-0.004168199244120485
2022-08-31,3216.526,3232.016,3184.394,3202.138,34440882900,-0.007802373811825802,-0.0077720143033322975
2022-09-01,3196.537,3214.558,3181.626,3184.98,27466054100,-0.0053727021399776476,-0.005358294989160295
2022-09-02,3189.644,3198.281,3173.793,3186.478,25045691100,0.0004702220520336198,0.0004703326237527339
2022-09-05,3183.946,3199.912,3172.039,3199.912,28067563300,0.00420707780595464,0.004215939981383698
2022-09-06,3207.933,3244.635,3203.816,3243.447,31886968900,0.013513343736864414,0.01360506163919517
2022-09-07,3232.137,3253.767,3227.823,3246.294,30101446600,0.0008773848394376671,0.0008777698541089229
2022-09-08,3245.557,3253.701,3233.801,3235.586,28168035800,-0.0033039827151934986,-0.003298530570552183
2022-09-09,3241.181,3266.197,3236.508,3262.054,28382766500,0.008147003034334688,0.008180280171814491
2022-09-13,3272.049,3278.166,3259.664,3263.797,27618982300,0.0005341832173133554,0.000534325918577716
2022-09-14,3224.678,3250.802,3221.961,3237.542,25519336500,-0.008076841625824116,-0.00804431157942731
2022-09-15,3248.972,3254.179,3174.39,3199.919,32520612100,-0.011688902929167355,-0.011620853103990636
2022-09-16,3189.827,3191.827,3126.397,3126.398,31647589300,-0.02324395383260125,-0.022975894077318704
2022-09-19,3122.755,3135.557,3101.221,3115.602,24911366200,-0.0034591511583332846,-0.003453175187548174
2022-09-20,3127.836,3140.025,3114.037,3122.406,21994253400,0.002181466486812056,0.00218384761596635
2022-09-21,3116.007,3129.825,3091.297,3117.177,23297249600,-0.0016760739376717737,-0.0016746701101649775
2022-09-22,3098.768,3125.68,3092.819,3108.91,22114068900,-0.0026556021007699826,-0.0026520791087577544
2022-09-23,3106.806,3124.658,3072.241,3088.37,24305771900,-0.006628738805051881,-0.006606817180297875
2022-09-26,3067.569,3102.654,3048.514,3051.226,26269862800,-0.012099966572439058,-0.012027056343637543
2022-09-27,3056.392,3094.039,3048.365,3093.862,23273530300,0.013876671634529103,0.013973399544969789
2022-09-28,3089.098,3089.098,3044.864,3045.067,23009865000,-0.015897244495924667,-0.01577155025014043
2022-09-29,3067.473,3076.762,3026.079,3041.205,23003041600,-0.001269085745210674,-0.0012682807964488063
2022-09-30,3042.166,3054.613,3021.931,3024.391,20411533600,-0.005544069557954501,-0.005528729566076529
2022-10-10,3026.935,3029.448,2968.281,2974.145,24340482800,-0.01675314616693324,-0.016613592620795425
2022-10-11,2978.062,2986.912,2953.495,2979.793,20863595000,0.0018972322836283695,0.0018990331675154959
2022-10-12,2976.717,3025.506,2934.092,3025.506,24801355700,0.015224515204161015,0.015340998519024485
2022-10-13,3008.302,3036.249,3004.496,3016.356,24968328100,-0.0030288699063998337,-0.0030242875076101905
2022-10-14,3035.034,3084.272,3035.034,3071.987,27730406100,0.018275103190484643,0.018443114804751026
2022-10-17,3060.518,3087.194,3052.715,3084.942,26260861800,0.00420827302667881,0.004217140241804307
2022-10-18,3094.927,3099.918,3074.216,3080.957,24563475700,-0.001292593522807195,-0.0012917584836279472
2022-10-19,3073.262,3081.39,3044.378,3044.378,23089531000,-0.011943652007389005,-0.011872609711852444
2022-10-20,3029.303,3070.265,3013.693,3035.05,24473614500,-0.0030687121617827273,-0.00306400847726529
2022-10-21,3038.036,3055.416,3026.96,3038.929,24525412200,0.0012772518730610471,0.001278067906624214
2022-10-24,3034.746,3064.421,2965.168,2977.555,29808535600,-0.020402656764308524,-0.020195930869066125
2022-10-25,2969.156,3001.715,2944.261,2976.283,25555416000,-0.0004272874133803839,-0.0004271961391141277
2022-10-26,2977.564,3028.348,2977.564,2999.504,26868949200,0.007771735130003954,0.007802013451005729
2022-10-27,3005.037,3017.263,2981.689,2982.903,26560825400,-0.005549954261544698,-0.005534581717510645
2022-10-28,2967.022,2974.236,2908.983,2915.926,29253130800,-0.02270955080884729,-0.02245362990348654
2022-10-31,2893.196,2926.015,2885.089,2893.483,30199420300,-0.007726469818427617,-0.007696697378465678
2022-11-01,2899.499,2969.2,2896.757,2969.2,31980957800,0.025831589484359263,0.02616811641886252
2022-11-02,2960.647,3019.049,2954.948,3003.37,32507824800,0.011442435273405493,0.011508150343526813
2022-11-03,2981.204,3003.721,2977.716,2997.806,25934856700,-0.0018543037545608598,-0.0018525855955143777
2022-11-04,2996.997,3081.59,2996.997,3070.796,32980674000,0.02405612359850018,0.024347806362386315
2022-11-07,3062.859,3088.193,3054.457,3077.817,32056709700,0.002283768079584192,0.002286377864241018
2022-11-08,3077.306,3078.276,3047.462,3064.493,25652200700,-0.00433843973969239,-0.004329042304984321
2022-11-09,3064.463,3073.918,3046.188,3048.168,23563732400,-0.005341385302802593,-0.005327145469087302
2022-11-10,3031.692,3047.98,3022.851,3036.132,27037179800,-0.003956417566588044,-0.003948601258198403
2022-11-11,3099.65,3117.742,3070.301,3087.293,40960453400,0.016710318322996187,0.016850716635508523
2022-11-14,3100.867,3121.406,3075.215,3083.401,36178821600,-0.0012614466107354616,-0.0012606513214004078
2022-11-15,3081.135,3135.59,3074.498,3134.078,33147057700,0.016301823384392122,0.016435423092876933
2022-11-16,3133.65,3145.753,3115.345,3119.98,30342984400,-0.004508440401318481,-0.004498292639813051
2022-11-17,3110.965,3115.435,3087.174,3115.435,28702840700,-0.0014578021847508893,-0.0014567401073084518
2022-11-18,3116.729,3126.711,3096.886,3097.243,29995427600,-0.0058564284179425385,-0.005839312969135979
2022-11-21,3078.057,3085.243,3056.17,3085.044,25604554900,-0.003946441125322053,-0.0039386641603517125
2022-11-22,3084.233,3118.12,3076.321,3088.943,32756592700,0.0012630413761254289,0.0012638393488066946
2022-11-23,3084.74,3108.244,3075.324,3096.907,32615544900,0.002574910287258092,0.002578228215930123
2022-11-24,3104.096,3113.239,3084.855,3089.31,26748292800,-0.002456106476396158,-0.0024530927147635717
2022-11-25,3085.461,3111.421,3077.967,3101.693,31143197900,0.004000326445765978,0.004008338431559233
2022-11-28,3055.29,3080.184,3034.705,3078.549,30581128400,-0.007489709364097763,-0.007461731383473502
2022-11-29,3096.113,3152.003,3096.113,3149.748,39144974800,0.02286406755229642,0.023127453875186
2022-11-30,3141.399,3158.573,3137.369,3151.335,37271832100,0.0005037229420903344,0.0005038498317959661
2022-12-01,3187.99,3198.409,3164.535,3165.471,38701305600,0.004475687110675253,0.004485717957627422
2022-12-02,3160.579,3170.898,3149.841,3156.144,30781248400,-0.0029508303709810946,-0.002946480950228314
2022-12-05,3181.916,3213.44,3177.064,3211.814,44739843700,0.017484857243056595,0.017638612179925905
2022-12-06,3200.275,3224.822,3195.079,3212.533,37359029600,0.0002238359799058287,0.0002238610330487223
2022-12-07,3204.935,3226.082,3188.671,3199.619,35411307800,-0.004027982324940282,-0.004019880885270166
2022-12-08,3196.016,3206.715,3187.257,3197.35,32096929400,-0.0007093984964292588,-0.0007091469328067701
2022-12-09,3197.118,3212.106,3182.907,3206.95,37334320900,0.0029979879738117887,0.0030024864340782997
2022-12-12,3195.868,3196.725,3176.575,3179.042,33338179200,-0.008740436151375874,-0.008702349584496116
2022-12-13,3179.435,3187.204,3171.483,3176.326,28582120000,-0.0008547105896443696,-0.0008543454285913077
2022-12-14,3178.554,3189.835,3168.593,3176.525,26562356900,6.264903743691264e-05,6.265099992885936e-05
2022-12-15,3177.2,3179.1,3158.452,3168.648,24302333300,-0.0024828335008209024,-0.0024797538190317603
2022-12-16,3156.135,3175.353,3151.609,3167.858,25977179500,-0.00024934877489179996,-0.000249317690068418
2022-12-19,3165.309,3170.255,3096.098,3107.115,27851354100,-0.019361006793316093,-0.01917478624357538
2022-12-20,3098.953,3100.748,3061.51,3073.766,21883676600,-0.010791123019195936,-0.01073310772211511
2022-12-21,3078.331,3085.795,3060.554,3068.411,18906792000,-0.0017436818759168915,-0.0017421625458802215
2022-12-22,3085.8,3096.245,3044.599,3054.431,22363953700,-0.004566514796170651,-0.004556104120341131
2022-12-23,3038.842,3061.867,3031.536,3045.866,19202030500,-0.002808061846190313,-0.0028041229282966817
2022-12-26,3048.196,3071.836,3047.349,3065.563,20650389300,0.006445977921645252,0.006466797948432523
2022-12-27,3077.747,3098.078,3074.313,3095.568,22221832200,0.009740171801741582,0.009787761660745575
2022-12-28,3088.617,3098.65,3079.434,3087.4,22455415100,-0.0026420983422568156,-0.0026386110723460865
2022-12-29,3076.726,3086.005,3064.459,3073.702,21557067600,-0.00444661444337946,-0.004436742890457923
2022-12-30,3084.523,3096.314,3082.196,3089.258,21754534400,0.005048234301897381,0.00506099810586691
2023-01-03,3087.513,3119.856,3073.054,3116.512,28137036200,0.008783495108520611,0.008822183190915212
2023-01-04,3117.571,3129.094,3109.451,3123.516,27331362600,0.00224486266450441,0.002247384255218643
2023-01-05,3132.761,3159.427,3130.23,3155.216,25700301800,0.010097666010087991,0.010148819471390569
2023-01-06,3155.075,3170.742,3151.841,3157.637,25738025500,0.0007670066509373186,0.0007673008757562716
2023-01-09,3169.374,3183.583,3165.428,3176.085,25811521800,0.005825343192768173,0.0058423434992684875
2023-01-10,3178.022,3178.157,3165.145,3169.507,23298417500,-0.0020732509610521532,-0.00207110326077542
2023-01-11,3172.376,3184.757,3160.89,3161.838,23774286900,-0.0024225512116675674,-0.0024196192026078034
2023-01-12,3167.273,3171.591,3153.404,3163.451,21667130500,0.0005100162332372093,0.0005101463136314432
2023-01-13,3170.355,3195.307,3167.51,3195.306,22022689700,0.010019337579828758,0.010069699198754778
2023-01-16,3198.519,3251.374,3197.319,3227.592,30674954900,0.010053490475968374,0.010104196593377912
2023-01-17,3229.435,3231.265,3211.757,3224.245,22659223000,-0.001037534054329825,-0.001036996001973045
2023-01-18,3227.595,3234.817,3220.37,3224.406,21210973000,4.993292396449078e-05,4.99341706352574e-05
2023-01-19,3221.518,3240.279,3210.383,3240.279,22646503000,0.004910689971110216,0.004922767170139286
2023-01-20,3247.203,3267.058,3247.203,3264.814,27321918200,0.007543356056929795,0.007571878841297286
2023-01-30,3308.869,3310.49,3266.758,3269.318,35332582900,0.0013786072008770134,0.0013795579166226979
2023-01-31,3266.144,3277.252,3252.015,3255.669,30016295700,-0.004183615969745702,-0.004174876839756925
2023-02-01,3262.196,3284.922,3245.411,3284.921,33950941000,0.008944818445096203,0.008984942879635582
2023-02-02,3291.783,3295.764,3272.414,3285.671,33341313300,0.0002282899328580612,0.00022831599298744898
2023-02-03,3275.658,3275.658,3235.353,3263.406,29334281400,-0.0067994576276060315,-0.006776393619446375
2023-02-06,3244.701,3250.351,3226.211,3238.698,26705310700,-0.007600038058116709,-0.0075712307938393675
2023-02-07,3245.23,3250.033,3233.833,3248.094,25094645000,0.002896965579058275,0.0029011658388649053
2023-02-08,3251.501,3257.114,3230.439,3232.106,23453048100,-0.004934425616610838,-0.00492227133820633
2023-02-09,3227.728,3270.383,3225.772,3270.383,25475452900,0.011773166282042169,0.011842742781331905
2023-02-10,3266.437,3269.994,3247.23,3260.673,26062692600,-0.002973487642535133,-0.00296907120664458
2023-02-13,3256.988,3285.091,3252.633,3284.16,29721318800,0.007177295684964946,0.007203114203724326
2023-02-14,3288.974,3293.734,3279.189,3293.283,27097416800,0.002774028098851744,0.0027778792750656756
2023-02-15,3294.015,3296.2,3274.551,3280.492,26993912300,-0.0038915284268874473,-0.003883966242803849
2023-02-16,3281.735,3308.828,3231.342,3249.03,38086354500,-0.009636920892502232,-0.00959063457554532
2023-02-17,3244.733,3262.473,3223.258,3224.024,27845123700,-0.007726221469265937,-0.00769645094074245
2023-02-20,3230.473,3291.039,3225.843,3290.338,32500773300,0.020360026277245424,0.02056870544388012
2023-02-21,3291.631,3308.791,3282.436,3306.524,32440944900,0.004907191473947137,0.004919251456841023
2023-02-22,3292.049,3307.034,3286.721,3291.148,25540398500,-0.004661046453175999,-0.004650200633656287
2023-02-23,3293.522,3307.439,3275.362,3287.477,26232430400,-0.001116038801734831,-0.0011154162620460317
2023-02-24,3287.255,3288.392,3253.975,3267.16,23420630600,-0.006199295267544258,-0.006180119282963803
2023-02-27,3257.0,3276.579,3251.721,3258.034,24285534400,-0.0027971600385310325,-0.0027932516313862177
2023-02-28,3265.742,3280.415,3246.145,3279.605,25162503200,0.006599042339276551,0.0066208639934388636
2023-03-01,3279.136,3315.16,3272.035,3312.348,31839870400,0.00993431515216514,0.009983824271520447
2023-03-02,3308.011,3320.744,3306.455,3310.654,32852001600,-0.0005115505134813958,-0.0005114196938243998
2023-03-03,3314.773,3330.605,3302.623,3328.393,34399691900,0.0053438519757431635,0.005358155820571975
2023-03-06,3332.024,3333.062,3308.726,3322.026,34053044600,-0.0019147671583681358,-0.0019129351612025003
2023-03-07,3320.211,3342.859,3284.41,3285.099,38995795600,-0.01117804930218469,-0.011115807040643189
2023-03-08,3271.88,3283.248,3263.693,3283.248,26044354700,-0.0005636121383361115,-0.000563453338849218
2023-03-09,3285.943,3289.06,3260.0,3276.094,26402185900,-0.0021813172225648714,-0.002178939879046604
2023-03-10,3255.512,3262.147,3229.496,3230.077,28113541000,-0.014145883148156457,-0.014046300258783728
2023-03-13,3228.124,3268.696,3228.124,3268.696,29492808700,0.01188515265844714,0.01195606172855923
2023-03-14,3261.922,3262.003,3216.993,3245.312,31990603300,-0.007179635164140663,-0.007153923154677
2023-03-15,3261.028,3273.123,3256.857,3263.315,30516879800,0.005532056426984511,0.005547386507060104
2023-03-16,3244.47,3257.433,3224.722,3226.891,32738963200,-0.011224414883971079,-0.011161656168650613
2023-03-17,3245.26,3279.923,3240.157,3250.546,34300102200,0.007303847234197747,0.0073305853838880886
2023-03-20,3253.93,3267.993,3231.646,3234.91,39251739100,-0.004821875376340046,-0.004810268797918904
2023-03-21,3240.839,3256.0,3237.893,3255.651,30181077900,0.006391148808312153,0.006411615779109869
2023-03-22,3263.413,3279.394,3255.739,3265.748,29084046200,0.003096577304400938,0.003101376652473009
2023-03-23,3258.779,3286.649,3252.992,3286.649,30611839300,0.006379671710838863,0.006400065161181967
2023-03-24,3282.739,3282.739,3260.844,3265.654,32451333700,-0.006408455729953744,-0.006387965371416282
2023-03-27,3261.824,3261.824,3229.704,3251.397,33786120600,-0.00437529881038401,-0.004365741134853884
2023-03-28,3256.602,3264.098,3241.737,3245.376,29568266000,-0.0018535361244147452,-0.0018518193871741584
2023-03-29,3253.621,3254.556,3229.585,3240.057,29690050800,-0.00164029177160252,-0.0016389472283028228
2023-03-30,3243.068,3263.738,3220.985,3261.249,29989829500,0.006519328595777196,0.006540625674178013
2023-03-31,3263.406,3278.423,3260.04,3272.86,28361374600,0.003553969553079739,0.003560292391044051
2023-04-03,3277.34,3299.732,3276.416,3296.396,35767677500,0.007165530070444959,0.0071912639098525855
2023-04-04,3297.183,3312.562,3290.993,3312.558,38587161700,0.004890950131629879,0.0049029303518144385
2023-04-06,3302.751,3314.526,3296.055,3312.628,32715542400,2.113148219606842e-05,2.1131705467469786e-05
2023-04-07,3312.481,3328.846,3308.061,3327.646,28303224700,0.004523315033733155,0.004533560665429315
2023-04-10,3331.505,3332.715,3309.917,3315.358,34081984500,-0.003699535335229598,-0.0036927004855684675
2023-04-11,3317.077,3317.448,3298.25,3313.571,32056605500,-0.0005391519635491449,-0.0005390066472460431
2023-04-12,3316.862,3330.708,3315.399,3327.182,34302531500,0.004099239667450405,0.00410765304259364
2023-04-13,3321.273,3334.47,3309.252,3318.364,34786210600,-0.0026538090851264684,-0.0026502908467285202
2023-04-14,3326.37,3340.076,3316.81,3338.153,33829927500,0.005945769626562125,0.005963480799574761
2023-04-17,3337.061,3385.61,3336.388,3385.61,40280992600,0.01411643690457609,0.014216544298598865
2023-04-18,3379.227,3396.175,3375.78,3393.331,34839948600,0.0022779379076141026,0.002280534379329069
2023-04-19,3391.355,3394.959,3364.642,3370.128,34612344300,-0.006861308992430537,-0.006837823955281652
2023-04-20,3367.053,3371.368,3344.016,3367.031,35035496500,-0.0009193786930516978,-0.0009189561939487723
2023-04-21,3363.999,3367.609,3301.258,3301.258,38739509800,-0.01972773919499282,-0.019534420681009523
2023-04-24,3300.813,3303.091,3264.935,3275.413,35425562600,-0.007859639944125973,-0.007828833735503249
2023-04-25,3276.403,3288.569,3229.446,3264.872,38089572900,-0.0032234097220751323,-0.003218220114532211
2023-04-26,3255.217,3277.98,3239.989,3264.101,35791784200,-0.0002361780339974473,-0.00023615014616185093
2023-04-27,3256.228,3299.301,3253.112,3285.884,34159053400,0.006651337463253526,0.006673506732787882
2023-04-28,3283.122,3324.881,3283.122,3323.275,40155478500,0.011315024779792182,0.011379281800574903
2023-05-04,3306.483,3352.746,3302.028,3350.459,48336491600,0.00814660888304708,0.008179882796337967
2023-05-05,3350.654,3364.142,3321.187,3334.503,43650449400,-0.004773708601732096,-0.004762332563985949
2023-05-08,3340.99,3400.177,3340.99,3395.004,53410365900,0.017981296438277283,0.018143933293807146
2023-05-09,3402.394,3418.953,3356.118,3357.671,57301330900,-0.01105736034282856,-0.01099645243422398
2023-05-10,3347.702,3349.721,3305.251,3319.151,45173973100,-0.011538551536220965,-0.011472237750512204
2023-05-11,3323.658,3333.25,3307.289,3309.551,35425827100,-0.0028964966932445435,-0.002892305893886671
2023-05-12,3304.458,3319.131,3271.431,3272.362,34731498300,-0.011300482323267858,-0.011236871708579121
2023-05-15,3269.878,3310.737,3235.868,3310.737,38804588700,0.011658774896849522,0.011727003308313666
2023-05-16,3310.161,3317.901,3282.492,3290.987,32247941000,-0.005983303428214626,-0.005965439115218185
2023-05-17,3281.966,3298.519,3269.894,3284.232,28574405000,-0.002054685137174772,-0.002052575716646743
2023-05-18,3288.411,3313.862,3284.168,3297.32,30996747200,0.003977182662126211,0.003985102148691189
2023-05-19,3288.891,3302.342,3268.224,3283.542,28540406400,-0.004187299515274745,-0.004178545000181999
2023-05-22,3278.596,3308.533,3276.54,3296.47,27388999800,0.003929481172649574,0.003937211706139143
2023-05-23,3294.788,3298.226,3246.238,3246.238,27527908300,-0.01535541155358544,-0.01523811835084199
2023-05-24,3237.705,3237.705,3204.381,3204.749,28872025700,-0.01286301524178235,-0.012780640236482954
2023-05-25,3197.364,3207.021,3168.572,3201.261,28358892500,-0.0010889774897915316,-0.0010883847689787673
2023-05-26,3198.883,3220.774,3179.822,3212.504,26170047900,0.003505900673303586,0.003512053531405268
2023-05-29,3219.755,3230.971,3208.955,3221.448,29738948700,0.002780252560565799,0.0027841210470087585
2023-05-30,3214.673,3230.632,3186.626,3224.213,30353246000,0.0008579415422573788,0.0008583096793741696
2023-05-31,3214.655,3216.36,3190.274,3204.564,29457333800,-0.006112845782368481,-0.006094200352148027
2023-06-01,3196.155,3225.093,3189.517,3204.635,31233075900,2.2155654708200245e-05,2.2155900147424745e-05
2023-06-02,3212.449,3233.992,3211.737,3230.069,29466709800,0.007905299903585572,0.007936629288514796
2023-06-05,3231.811,3244.18,3221.625,3232.441,27806020300,0.0007340801349684511,0.0007343496377321124
2023-06-06,3228.407,3247.349,3189.269,3195.34,30828587200,-0.011544080927347267,-0.011477703692039487
2023-06-07,3197.468,3210.33,3188.005,3197.759,25806340000,0.0007567535292167804,0.0007570399394116745
2023-06-08,3194.835,3225.526,3180.535,3213.586,29353074100,0.004937195596170341,0.004949403629229021
2023-06-09,3213.033,3231.406,3206.103,3231.406,31415550100,0.005529889070706062,0.0055452071299788575
2023-06-12,3225.305,3239.437,3210.714,3228.834,31378444400,-0.0007962552895541819,-0.0007959383624341898
2023-06-13,3223.896,3235.085,3215.499,3233.673,28062845400,0.0014975615204342319,0.001498683425657621
2023-06-14,3238.119,3248.461,3226.774,3228.989,30353726000,-0.0014495577271951277,-0.0014485076258482499
2023-06-15,3230.451,3252.975,3229.145,3252.975,31325575200,0.007400877105137482,0.007428331282639755
2023-06-16,3256.299,3276.552,3255.499,3273.334,32628184600,0.006239075116196702,0.006258578685664595
2023-06-19,3271.164,3271.164,3251.779,3255.806,32775304700,-0.005369173308615416,-0.005354785060125211
2023-06-20,3252.544,3252.844,3237.786,3240.365,29826059600,-0.00475388627541129,-0.0047426044426480685
2023-06-21,3230.114,3236.363,3197.901,3197.901,29437737200,-0.013191320695645103,-0.013104696538815852
2023-06-26,3177.229,3181.076,3144.248,3150.619,30812981100,-0.014895715615665495,-0.014785323247967885
2023-06-27,3153.313,3194.409,3148.266,3189.443,28760432700,0.012247351931611306,0.012322657865009967
2023-06-28,3183.487,3192.659,3157.123,3189.376,27623194800,-2.100702340079863e-05,-2.100680275518574e-05
2023-06-29,3185.424,3196.503,3179.525,3182.381,25034007400,-0.002195627614209883,-0.00219321898703706
2023-06-30,3178.924,3212.993,3177.991,3202.062,26537987300,0.006165318522358021,0.006184363217352162
2023-07-03,3209.162,3246.861,3209.162,3243.975,31237139500,0.013004452403077238,0.013089378032030696
2023-07-04,3241.231,3246.958,3233.99,3245.349,27924872100,0.0004234647616705445,0.00042355443553065975
2023-07-05,3240.049,3241.835,3218.602,3222.947,26401642600,-0.006926736058455063,-0.006902801516878498
2023-07-06,3215.863,3229.48,3199.716,3205.575,24611903200,-0.005404676934167796,-0.005390097944521055
2023-07-07,3197.472,3212.047,3189.211,3196.609,25568846900,-0.002800921017465541,-0.002797002097907564
2023-07-10,3208.735,3216.535,3192.658,3203.696,23656036700,0.002214582866423953,0.002217036866254185
2023-07-11,3211.122,3221.68,3200.385,3221.367,22760046700,0.005500660322340423,0.005515816731674894
2023-07-12,3220.376,3224.331,3193.437,3196.134,27142338600,-0.007863849194315264,-0.007833010023384546
2023-07-13,3202.699,3238.468,3202.699,3236.48,27662050800,0.012544365035065397,0.012623375615665733
2023-07-14,3240.97,3248.385,3233.999,3237.701,27332749400,0.0003771905711236201,0.00037726171643259754
2023-07-17,3219.016,3219.016,3195.886,3209.63,25020837600,-0.008707844339630455,-0.008670040871593732
2023-07-18,3206.786,3210.248,3190.005,3197.82,23503025900,-0.003686338051464233,-0.003679551848655427
2023-07-19,3195.009,3204.361,3181.561,3198.836,21735586000,0.0003176659831467532,0.00031771644432754265
2023-07-20,3201.911,3209.055,3165.674,3169.522,23893289100,-0.009206205756695951,-0.00916395838986428
2023-07-21,3163.421,3185.636,3157.334,3167.745,22533136300,-0.00056080958765925,-0.0005606523633532312
2023-07-24,3157.469,3178.734,3151.125,3164.161,21659521100,-0.0011320447216824903,-0.0011314042007799507
2023-07-25,3201.458,3231.749,3201.458,3231.521,34861771400,0.02106499066322698,0.02128842369272621
2023-07-26,3228.087,3229.892,3212.88,3223.028,31720605100,-0.0026316338760512537,-0.0026281741631882793
2023-07-27,3225.476,3245.603,3210.47,3216.671,32711886700,-0.0019743165216041803,-0.0019723688407299322
2023-07-28,3206.741,3280.278,3200.994,3275.926,41106843400,0.01825360338097326,0.01842121870716662
2023-07-31,3287.209,3322.129,3281.013,3291.04,45903099400,0.004603047034606789,0.0046136573292558936
2023-08-01,3288.76,3305.34,3279.566,3290.949,45989083300,-2.7651216070623263e-05,-2.7650833778980477e-05
2023-08-02,3281.858,3290.82,3252.304,3261.69,40534149900,-0.008930507070456173,-0.008890748534845172
2023-08-03,3254.565,3280.864,3247.272,3280.463,38469131700,0.005739105009519463,0.005755605223059179
2023-08-04,3296.094,3315.049,3281.734,3288.084,47092769700,0.0023204533421488094,0.0023231476776295334
2023-08-07,3276.776,3276.776,3258.537,3268.831,36034148400,-0.005872595674061287,-0.005855385689659931
2023-08-08,3260.722,3274.519,3246.675,3260.62,31652073300,-0.0025150672937943597,-0.002511907161918181
2023-08-09,3251.152,3257.082,3240.289,3244.487,27121853800,-0.004960113054648829,-0.004947832007409558
2023-08-10,3242.206,3257.03,3234.116,3254.56,28741214200,0.0030998415816867464,0.0031046510588577103
2023-08-11,3254.475,3254.475,3189.248,3189.248,33013775000,-0.020271937542661433,-0.020067843272208785
2023-08-14,3159.714,3180.507,3141.655,3178.427,29984032700,-0.0033987320070369975,-0.0033929628551934155
2023-08-15,3180.558,3186.234,3147.346,3176.176,27325192200,-0.0007084628557123551,-0.0007082119551590216
2023-08-16,3164.702,3176.626,3149.723,3150.128,28172829200,-0.008234870534028715,-0.008201056868385015
2023-08-17,3137.351,3167.446,3123.25,3163.739,29469258600,0.004311469051945238,0.004320776806529647
2023-08-18,3165.1,3179.116,3131.953,3131.953,29439035200,-0.010097784354281103,-0.01004697290136769
2023-08-21,3125.99,3134.957,3092.978,3092.978,26575342300,-0.01252239078806383,-0.012444311903786476
2023-08-22,3103.781,3126.784,3074.531,3120.334,30931633500,0.008805666531662482,0.00884455046236976
2023-08-23,3116.266,3116.377,3077.606,3078.402,27224412400,-0.013529416196673694,-0.013438305001964412
2023-08-24,3085.911,3106.182,3072.951,3082.244,30002463700,0.0012472719575438163,0.0012480501247076337
2023-08-25,3068.615,3085.047,3053.037,3064.075,29334768600,-0.005912173749177185,-0.005894731241264606
2023-08-28,3219.043,3219.043,3089.119,3098.636,48560776400,0.011216285277139804,0.011279423643350883
2023-08-29,3091.938,3145.761,3090.438,3135.887,39887578000,0.011950054012990208,0.012021741179021994
2023-08-30,3144.407,3153.689,3126.902,3137.138,34751186700,0.0003988506395504743,0.0003989301910432008
2023-08-31,3134.553,3139.98,3113.946,3119.876,31344824200,-0.005517661873387425,-0.005502467535696498
2023-09-01,3126.023,3143.846,3123.19,3133.247,29231099200,0.004276589594914171,0.004285747254057393
2023-09-04,3145.944,3177.06,3143.379,3177.06,36639114000,0.013886393813548281,0.013983257623800593
2023-09-05,3169.738,3169.738,3150.075,3154.369,29406184900,-0.007167764859802972,-0.007142137699634232
2023-09-06,3147.136,3162.155,3136.9,3158.077,26700223000,0.0011748220662752829,0.0011755124400474326
2023-09-07,3152.203,3152.266,3120.823,3122.352,26926473300,-0.011376734080839057,-0.011312263760510088
2023-09-08,3114.23,3126.041,3104.674,3116.719,22812506400,-0.0018057180405826045,-0.0018040887126115068
2023-09-11,3119.61,3155.103,3113.816,3142.779,29044291700,0.00832659442217043,0.008361356926947838
2023-09-12,3140.341,3147.514,3134.318,3137.059,23467205100,-0.0018217035477228194,-0.0018200452529433253
2023-09-13,3137.772,3143.758,3106.969,3123.067,24970103800,-0.00447020500860873,-0.004460228513394338
2023-09-14,3124.848,3135.025,3111.859,3126.551,26399013800,0.0011149482611312322,0.0011155700470082408
2023-09-15,3133.588,3141.964,3107.448,3117.743,29202636500,-0.002821137455018885,-0.0028171617862622345
2023-09-18,3110.44,3128.701,3098.496,3125.932,25944425700,0.0026231361163429057,0.002626579548089758
2023-09-19,3123.986,3131.13,3113.525,3124.957,25365276100,-0.00031195562996089166,-0.0003119069768632299
2023-09-20,3118.667,3122.128,3108.158,3108.568,22812446200,-0.005258353103052116,-0.005244552165037719
2023-09-21,3103.175,3113.494,3084.701,3084.701,22865910000,-0.007707437913863302,-0.007677811776998333
2023-09-22,3084.757,3132.558,3078.801,3132.432,28597835100,0.01535496757464827,0.01547346079895573
2023-09-25,3131.208,3131.208,3112.151,3115.607,25807188500,-0.005385702832047201,-0.0053712259356307746
2023-09-26,3114.021,3120.289,3102.273,3102.273,22264431300,-0.004288928200544717,-0.004279743882973586
2023-09-27,3104.04,3125.447,3103.844,3107.316,24049583000,0.0016242624459419375,0.00162558227467402
2023-09-28,3117.755,3121.835,3105.94,3110.475,23632998100,0.0010161165828197483,0.0010166330041747607
2023-10-09,3100.0,3103.36,3072.642,3096.922,26442220500,-0.004366732637242521,-0.004357212322876669
2023-10-10,3104.365,3109.982,3073.186,3075.236,25532737900,-0.0070270687293696454,-0.007002436612869256
2023-10-11,3085.699,3095.659,3071.936,3078.956,25991869200,0.0012089322052588614,0.0012096632583646905
2023-10-12,3101.705,3109.99,3092.177,3107.901,27482799800,0.009357000229975654,0.009400913816241419
2023-10-13,3091.997,3094.915,3080.548,3088.099,25508523500,-0.006391887482095626,-0.006371502824575104
2023-10-16,3091.065,3091.126,3063.686,3073.813,26388236300,-0.004636880759262496,-0.004626147024431537
2023-10-17,3076.428,3084.073,3064.89,3083.496,25901958800,0.003145207746529266,0.0031501591020663966
2023-10-18,3076.58,3076.58,3057.059,3058.71,26864715500,-0.008070759769589486,-0.008038278629192375
2023-10-19,3043.196,3043.196,3004.775,3005.393,30403891000,-0.017584916985905252,-0.01743120465817294
2023-10-20,2995.358,3006.275,2977.173,2983.059,26711359400,-0.007459057382654066,-0.007431307652609798
2023-10-23,2969.786,2973.661,2923.511,2939.291,27890412800,-0.014780888278132842,-0.014672187174306628
2023-10-24,2944.311,2964.761,2929.088,2962.244,31098538900,0.007778693420168459,0.007809026054242274
2023-10-25,2986.407,2993.295,2972.418,2974.114,33239200400,0.003999090290532692,0.004007097322165087
2023-10-26,2960.104,2990.328,2956.006,2988.299,29181451100,0.004758149682801971,0.004769487652457105
2023-10-27,2978.403,3029.21,2974.88,3017.784,32180371700,0.009818458009206665,0.009866817209388978
2023-10-30,3009.61,3028.264,3002.348,3021.553,36060423800,0.001248150414294713,0.001248929678200783
2023-10-31,3019.646,3023.001,3006.609,3018.771,31985996700,-0.0009211427058257726,-0.0009207185841186849
2023-11-01,3038.182,3038.33,3013.933,3023.077,28011044500,0.0014253919426820971,0.0014264082966213287
2023-11-02,3028.665,3038.642,3009.121,3009.406,26879458100,-0.0045324697654098856,-0.004522213625389071
2023-11-03,3012.465,3040.981,3012.465,3030.798,26848634700,0.007083234089524382,0.007108379527388298
2023-11-06,3047.13,3058.989,3037.694,3058.411,37294963000,0.009069548862356669,0.00911080184162727
2023-11-07,3052.92,3064.577,3042.469,3057.27,32685345500,-0.0003731391526926586,-0.00037306954493687705
2023-11-08,3051.153,3062.991,3037.289,3052.373,33567783400,-0.0016030399971533882,-0.001601755814828243
2023-11-09,3047.653,3063.467,3045.834,3053.279,31562176400,0.0002967742041786181,0.0002968182460008073
2023-11-10,3043.559,3044.001,3027.088,3038.97,28554649700,-0.004697452882155062,-0.004686437105813179
2023-11-13,3044.032,3048.621,3028.168,3046.533,29043058800,0.002485580532537668,0.002488672148787341
2023-11-14,3046.817,3059.529,3044.426,3056.07,29484473300,0.0031255540509462776,0.0031304436879562303
2023-11-15,3077.029,3080.128,3064.346,3072.835,30425010700,0.005470811446539159,0.005485803662874211
2023-11-16,3066.855,3071.452,3050.926,3050.926,27107946000,-0.007155437150089483,-0.007129897960678089
2023-11-17,3043.617,3055.856,3033.747,3054.366,26760639300,0.0011268913473863051,0.0011275265280115132
2023-11-20,3056.927,3072.513,3043.515,3068.319,28755699800,0.0045578121868281585,0.004568214811191629
2023-11-21,3074.828,3089.774,3063.345,3067.933,33073310200,-0.00012580969637809858,-0.00012580178266996533
2023-11-22,3060.498,3067.963,3043.611,3043.611,28905649000,-0.007959405480541193,-0.007927813286665697
2023-11-23,3041.678,3062.867,3034.297,3061.856,27659205900,0.005976628588570065,0.0059945242673917765
2023-11-24,3060.331,3060.331,3037.201,3040.972,28778841300,-0.006844066888113787,-0.006820699601810198
2023-11-27,3038.186,3038.358,3015.008,3031.7,31051786800,-0.003053682861548168,-0.003049025114338577
2023-11-28,3028.598,3039.695,3020.231,3038.555,26892074600,0.0022585551723910413,0.002261107629382808
2023-11-29,3038.464,3038.977,3017.661,3021.687,27795644800,-0.005566788771925957,-0.005551322915004042
2023-11-30,3021.103,3030.909,3013.768,3029.673,28294535700,0.0026394082111096395,0.0026428945155470007
2023-12-01,3027.353,3035.76,3010.233,3031.636,28608970000,0.000647714897434426,0.000647924710026615
2023-12-04,3033.298,3038.979,3022.348,3022.914,28816205300,-0.002881140971144447,-0.0028769944676735326
2023-12-05,3017.01,3017.01,2972.296,2972.296,29394327800,-0.0168865487039902,-0.016744770112547158
2023-12-06,2966.948,2985.314,2959.603,2968.933,29410418700,-0.0011320891213495443,-0.0011314485502116334
2023-12-07,2965.652,2976.015,2949.144,2966.206,29624368700,-0.0009189338925006396,-0.0009185118020513805
2023-12-08,2965.39,2980.834,2962.327,2969.559,36913870500,0.001129761827376008,0.00113040024866784
2023-12-11,2956.291,2995.67,2930.422,2991.439,36021634400,0.007341085590751639,0.007368097417832065
2023-12-12,2986.328,3003.746,2980.446,3003.438,28763876200,0.004003089979457641,0.004011113046263004
2023-12-13,2997.336,2997.336,2968.761,2968.761,28275409800,-0.011612938454258703,-0.011545768549242608
2023-12-14,2979.699,2986.177,2958.066,2958.986,27145765000,-0.0032980519783789575,-0.0032926193789261093
2023-12-15,2966.302,2976.309,2940.027,2942.557,28932764200,-0.0055677108311318335,-0.00555223985513964
2023-12-18,2936.575,2951.148,2924.325,2930.804,29308699900,-0.004002143129788749,-0.0039941452281127
2023-12-19,2928.763,2940.501,2914.125,2932.391,26592698000,0.0005413430864082969,0.0005414896390205648
2023-12-20,2932.119,2937.101,2902.04,2902.11,26556245400,-0.0103800725674148,-0.010326385533170668
2023-12-21,2892.02,2924.256,2882.02,2918.715,28254182700,0.005705392291681655,0.005721699039664241
2023-12-22,2919.288,2935.7,2906.509,2914.775,29662836700,-0.0013508210690735822,-0.0013499091209658864
2023-12-25,2909.875,2920.632,2903.987,2918.813,22981417800,0.0013843969251583488,0.0013853556449467952
2023-12-26,2917.971,2917.971,2892.837,2898.879,22814085500,-0.006852916246653962,-0.006829488562645203
2023-12-27,2900.149,2917.956,2890.165,2914.614,24790088200,0.005413281971563322,0.005427960256361164
2023-12-28,2913.11,2961.648,2909.389,2954.704,33921311600,0.013661084126576739,0.013754823108651726
2023-12-29,2950.837,2975.032,2950.017,2974.935,29067268700,0.006823713383356633,0.006847047961487718
2024-01-02,2972.775,2976.268,2962.276,2962.276,30414179300,-0.00426429823122465,-0.004255219021592094
2024-01-03,2957.112,2971.283,2953.29,2967.247,28545594500,0.0016766951286246723,0.0016781015678484223
2024-01-04,2965.509,2966.683,2936.635,2954.349,26498092400,-0.004356264897892537,-0.004346790139142298
2024-01-05,2949.822,2967.968,2916.721,2929.183,30104023900,-0.008554777463372076,-0.0085182894776481
2024-01-08,2923.457,2924.456,2887.538,2887.538,27027505500,-0.014319308621067783,-0.014217274919320455
2024-01-09,2887.11,2900.727,2878.412,2893.251,26295597500,0.0019765474435873287,0.0019785021010980675
2024-01-10,2886.981,2903.162,2870.416,2877.702,24404652600,-0.005388724401819367,-0.005374231271327634
2024-01-11,2873.798,2896.179,2867.722,2886.65,26705076400,0.0031046012412652146,0.0031094255068802035
2024-01-12,2880.04,2904.174,2878.875,2881.977,26160293100,-0.0016201432410749561,-0.0016188315175030832
2024-01-15,2872.556,2904.464,2869.224,2886.291,24461123600,0.001495769892910559,0.0014968891146598384
2024-01-16,2881.56,2896.683,2861.13,2893.989,28628671400,0.0026635403652024436,0.0026670907403307798
2024-01-17,2887.292,2887.489,2833.615,2833.615,26125130800,-0.02108254558270417,-0.02086186229456999
2024-01-18,2822.667,2849.256,2760.978,2845.784,39039685500,0.004285319141191124,0.004294514251230508
2024-01-19,2836.975,2849.876,2822.843,2832.279,26666438800,-0.004756912864886331,-0.004745616673647812
2024-01-22,2826.503,2828.32,2735.372,2756.34,35016575800,-0.02717797518700582,-0.026811977209872273
2024-01-23,2746.892,2784.841,2724.157,2770.976,30874941700,0.005295891969024247,0.00530993999288909
2024-01-24,2782.142,2823.695,2743.397,2820.772,36907060000,0.017811001639981505,0.017970563440462772
2024-01-25,2823.826,2906.794,2821.709,2906.109,44200904500,0.029804466697402,0.030253065472856333
2024-01-26,2897.915,2924.307,2890.482,2910.223,42110908400,0.0014146375021502067,0.0014156385737769117
2024-01-29,2910.607,2923.899,2883.333,2883.356,41058131100,-0.00927481703324684,-0.009231938583400545
2024-01-30,2866.28,2881.347,2829.25,2830.527,33566122600,-0.01849198011665809,-0.01832205249715957
2024-01-31,2815.504,2834.011,2782.587,2788.548,37710396500,-0.014941883144802048,-0.01483080712531637
2024-02-01,2773.424,2805.015,2752.782,2770.74,35288918500,-0.0064065977189846635,-0.006386119227641096
2024-02-02,2773.295,2791.676,2666.334,2730.152,42623019900,-0.014757147233407153,-0.014648794184946912
2024-02-05,2716.081,2739.738,2635.09,2702.185,47899029200,-0.010296580306780712,-0.010243751996225847
2024-02-06,2680.485,2802.931,2669.673,2789.486,50284931300,0.03179664447445152,0.03230755851283318
2024-02-07,2791.515,2829.696,2770.529,2829.696,54711743900,0.014311935920177987,0.014414842017489882
2024-02-08,2832.486,2867.474,2827.902,2865.903,53110889300,0.012714198362519191,0.012795367417560044
2024-02-19,2886.587,2910.544,2867.71,2910.544,45896770400,0.015456521539785939,0.015576591391962769
2024-02-20,2902.877,2927.308,2887.474,2922.73,35013873500,0.00417810571803745,0.004186846170338043
2024-02-21,2906.024,2994.615,2898.05,2950.956,44424546300,0.00961107463891775,0.009657409339898004
2024-02-22,2945.447,2988.358,2944.499,2988.358,35413253600,0.012594887027571389,0.012674536658628499
2024-02-23,2992.912,3009.136,2979.973,3004.881,38008327000,0.005513893860202401,0.005529123351352139
2024-02-26,3002.118,3009.479,2967.057,2977.022,40902655800,-0.009314494541230012,-0.00927124901119214
2024-02-27,2966.417,3015.481,2961.148,3015.481,37298468700,0.012835881113491432,0.012918614642417836
2024-02-28,3016.256,3031.488,2957.852,2957.852,54410909300,-0.019296023879498136,-0.019111047292289518
2024-02-29,2943.624,3015.171,2943.624,3015.171,40969637400,0.019193215758495086,0.019378589598127327
2024-03-01,3013.823,3032.232,3003.763,3027.02,37913218400,0.0039220922308604855,0.003929793699926298
2024-03-04,3026.607,3040.345,3007.683,3039.306,38776000200,0.0040505626628331015,0.004058777279304371
2024-03-05,3027.103,3052.541,3022.178,3047.793,38350995500,0.0027885222499168805,0.002792413794465043
2024-03-06,3041.752,3060.563,3034.354,3039.931,34098273900,-0.002582904340235004,-0.002579571512894785
2024-03-07,3040.211,3063.692,3023.118,3027.401,37715439100,-0.004130322129404007,-0.0041218040804216205
2024-03-08,3026.165,3049.194,3016.903,3046.019,31920439200,0.006130996479571493,0.006149829507224203
2024-03-11,3042.619,3068.455,3035.445,3068.455,36160882100,0.007338685451356852,0.007365679596877062
2024-03-12,3068.182,3075.131,3044.857,3055.935,41574391400,-0.00408857614907987,-0.004080229301065219
2024-03-13,3053.341,3061.951,3031.899,3043.835,36504745300,-0.00396736790769836,-0.003959508301060066
2024-03-14,3042.413,3059.998,3020.637,3038.234,36407229000,-0.0018418079713775626,-0.0018401128839112824
2024-03-15,3031.523,3056.447,3023.215,3054.636,36026846300,0.00538401102310182,0.005398530857070316
2024-03-18,3057.209,3085.312,3055.922,3084.926,40665350800,0.00986723344703222,0.009916075106821243
2024-03-19,3077.981,3090.046,3062.628,3062.756,38412368000,-0.00721250582164501,-0.007186558121653475
2024-03-20,3058.648,3081.755,3056.645,3079.686,34918772900,0.0055124795225012235,0.005527701194610435
2024-03-21,3084.412,3090.051,3069.272,3077.113,36687796800,-0.0008358239889894037,-0.0008354747854165678
2024-03-22,3070.548,3073.206,3027.762,3048.034,39474048600,-0.009495027129661437,-0.00945009169309019
2024-03-25,3040.501,3065.261,3026.306,3026.306,38748538900,-0.007154058768804816,-0.007128529406168038
2024-03-26,3026.922,3036.494,3006.26,3031.481,34592878700,0.0017085451366565252,0.0017100055314962503
2024-03-27,3026.814,3030.45,2993.139,2993.139,34319801000,-0.012728609496205578,-0.012647943364975767
2024-03-28,2988.59,3033.367,2984.12,3010.664,35320002600,0.00583798294979232,0.0058550571824429465
2024-03-29,3008.376,3041.298,3008.167,3041.167,33482278500,0.010080670894129895,0.010131652020949344
2024-04-01,3049.021,3078.488,3049.021,3077.379,37539364000,0.011836937342172504,0.011907271123223317
2024-04-02,3076.875,3085.537,3063.981,3074.959,36730426200,-0.0007866928393109873,-0.0007863834776282719
2024-04-03,3074.893,3079.02,3057.397,3069.296,36321138000,-0.001843348494990238,-0.0018416505716011278
2024-04-08,3057.326,3077.351,3045.469,3047.053,40293674000,-0.007273325330784175,-0.0072469387116784745
2024-04-09,3044.614,3051.585,3033.209,3048.537,33348996500,0.00048690939821049994,0.0004870279578332859
2024-04-10,3045.961,3049.607,3013.59,3027.335,34899172100,-0.006979108861667527,-0.006954811439060737
2024-04-11,3013.573,3050.337,3009.897,3034.246,34089439200,0.0022802641735015783,0.002282865953057822
2024-04-12,3035.577,3043.56,3014.83,3019.474,33422977100,-0.004880314688916698,-0.004868425302365087
2024-04-15,3013.672,3066.941,2995.542,3057.378,46123924400,0.01247504187085724,0.01255317979224202
2024-04-16,3043.551,3052.435,3005.34,3007.068,44807047300,-0.01659216825086851,-0.01645527638388189
2024-04-17,3008.061,3071.381,3002.056,3071.381,41335836800,0.021161779934665503,0.02138727823913511
2024-04-18,3060.031,3102.553,3057.761,3074.225,41632134900,0.0009255393863565331,0.0009259678301063445
2024-04-19,3060.299,3080.323,3055.058,3065.261,37554385500,-0.0029201162343959197,-0.0029158568419682673
2024-04-22,3059.065,3078.423,3042.542,3044.595,35721639900,-0.006764833348412935,-0.0067420033726329764
2024-04-23,3038.612,3044.944,3016.517,3021.978,32559512800,-0.007456303512819673,-0.007428574243864894
2024-04-24,3029.403,3045.64,3019.124,3044.822,30526409300,0.0075308590901776995,0.007559287327703945
2024-04-25,3037.927,3060.264,3034.65,3052.9,29228014800,0.0026495155815844385,0.0026530286499506506
2024-04-26,3054.979,3092.43,3054.979,3088.636,43938256300,0.011637610956446665,0.011705591404893578
2024-04-29,3086.682,3119.686,3080.586,3113.043,50692544500,0.007871134900950594,0.007902193719169226
2024-04-30,3110.159,3123.288,3104.294,3104.825,44021321300,-0.0026433513175696532,-0.0026398607407608354
2024-05-06,3132.512,3142.382,3126.769,3140.72,45065689900,0.011494719909554973,0.011561038061726592
2024-05-07,3139.664,3151.219,3133.69,3147.738,37910256400,0.002232026647424945,0.002234519473241825
2024-05-08,3141.487,3144.986,3126.173,3128.48,33400032000,-0.006136836049735805,-0.006118044132008338
2024-05-09,3128.164,3158.465,3128.164,3154.32,36088146200,0.008225678263897862,0.008259602107093533
2024-05-10,3158.589,3163.144,3137.152,3154.547,38428749500,7.196220814265075e-05,7.196479748405871e-05
2024-05-13,3139.475,3157.366,3126.17,3148.021,39703056500,-0.002070902632802074,-0.00206875979340293
2024-05-14,3148.849,3155.807,3137.609,3145.774,34352619400,-0.0007140366330542491,-0.0007137817695626048
2024-05-15,3141.252,3142.973,3117.929,3119.902,32102796200,-0.008258373730344104,-0.008224367039717406
2024-05-16,3127.184,3137.878,3116.163,3122.401,36741736100,0.0008006660790105258,0.0008009866976590452
2024-05-17,3121.713,3154.026,3116.784,3154.026,38391524400,0.010077474856508672,0.010128423607345782
2024-05-20,3156.148,3174.266,3155.99,3171.145,42686728000,0.005412989403613011,0.0054276661004062365
2024-05-21,3164.683,3165.224,3148.342,3157.966,33578357200,-0.004164571943096718,-0.004155912138990803
2024-05-22,3157.189,3166.919,3152.457,3158.54,35409808200,0.00018174604807796868,0.00018176256489144116
2024-05-23,3149.875,3150.628,3110.277,3116.387,35394372700,-0.013435577529827825,-0.013345723023928668
2024-05-24,3110.753,3130.425,3087.794,3088.871,30653227900,-0.008868666009258064,-0.0088294553917726
2024-05-27,3094.14,3125.506,3091.989,3124.043,31939676500,0.011322344310626065,0.011386684649504542
2024-05-28,3122.388,3130.31,3106.365,3109.572,31006697400,-0.004642900145537254,-0.004632138546108333
2024-05-29,3108.027,3128.137,3100.98,3111.018,28997034600,0.0004649076779035255,0.00046501576422741664
2024-05-30,3103.708,3121.218,3085.384,3091.678,30238076200,-0.006236018232822715,-0.006216614625823458
2024-05-31,3094.759,3107.604,3086.813,3086.813,27607281600,-0.0015748185132764547,-0.0015735791372839536
2024-06-03,3085.981,3097.204,3061.277,3078.489,35756336200,-0.0027002748795954545,-0.002696632416670508
2024-06-04,3071.32,3095.322,3063.588,3091.199,30928759800,0.004120149343052049,0.004128648827395498
2024-06-05,3086.051,3092.346,3064.736,3065.403,29054234400,-0.008379996289752611,-0.008344981995659362
2024-06-06,3069.439,3077.673,3040.83,3048.794,36986710400,-0.005432942659119533,-0.005418210917129018
2024-06-07,3053.915,3065.025,3031.044,3051.279,31634248400,0.000814744393210276,0.0008150763875813816
2024-06-11,3042.134,3043.2,3013.861,3028.045,31048194200,-0.0076436502220254,-0.0076145118161924374
2024-06-12,3025.296,3042.042,3021.309,3037.468,27945210600,0.0031070768723928666,0.003111908838871136
2024-06-13,3038.086,3040.402,3022.822,3028.919,29786246300,-0.002818483443055797,-0.002814515247568039
2024-06-14,3020.959,3037.905,3011.577,3032.633,34874675300,0.0012254288884339104,0.0012261800332065143
2024-06-17,3017.717,3026.624,3012.045,3015.891,29576344800,-0.005535910168060099,-0.005520615254137162
2024-06-18,3015.071,3031.976,3012.523,3030.246,27362599900,0.004748495435444866,0.004759787406109828
2024-06-19,3029.099,3030.226,3015.326,3018.049,26129624800,-0.004033208212831596,-0.0040250857521139105
2024-06-20,3015.722,3028.514,3001.768,3005.437,29551590700,-0.004187614424752795,-0.004178858593747226
2024-06-21,2998.241,3011.914,2985.929,2998.138,25500125100,-0.002431552398777015,-0.0024285985698585533
2024-06-24,2982.826,2990.643,2960.127,2963.099,29865388400,-0.011755749192546183,-0.01168692034856289
2024-06-25,2962.765,2971.653,2935.538,2949.996,27320993800,-0.004431865696999715,-0.004422059472194539
2024-06-26,2943.447,2976.669,2933.33,2972.525,28238840900,0.007607945557758455,0.007636959507741681
2024-06-27,2962.696,2963.064,2944.898,2945.852,27054851900,-0.009013680808195978,-0.00897317936770936
2024-06-28,2940.303,2985.468,2939.984,2967.403,31520143200,0.0072890803519252145,0.00731571036155243
2024-07-01,2965.245,2996.409,2961.856,2994.73,29778223500,0.009166917733123725,0.00920906260457377
2024-07-02,2992.856,3004.987,2989.47,2997.011,28136468300,0.0007613814115767781,0.0007616713359801519
2024-07-03,2995.664,2998.537,2978.069,2982.376,24628464200,-0.004895160398337595,-0.004883198626898566
2024-07-04,2984.83,2995.57,2955.29,2957.567,27426878900,-0.008353327383847642,-0.008318535288642459
2024-07-05,2954.372,2957.107,2920.205,2949.933,27232455600,-0.002584512653205806,-0.002581175675817282
2024-07-08,2939.837,2947.61,2917.232,2922.45,27753342400,-0.009360152651534115,-0.009316482781134394
2024-07-09,2919.573,2963.782,2904.039,2959.372,31506203100,0.012554778086362184,0.012633920169720536
2024-07-10,2949.026,2958.859,2935.33,2939.364,30154945600,-0.006783852246211808,-0.006760893865319972
2024-07-11,2957.25,2971.361,2947.403,2970.387,32837242400,0.010499015938189693,0.010554323996619708
2024-07-12,2965.612,2977.142,2963.303,2971.295,30371301400,0.0003056373623051556,0.00030568407416264876
2024-07-15,2963.847,2977.313,2959.129,2974.011,26899259700,0.0009136620348684232,0.0009140795511721755
2024-07-16,2963.9,2977.361,2959.666,2976.304,26078363000,0.0007707155380867192,0.0007710126156224018
2024-07-17,2970.808,2972.795,2957.948,2962.855,28230799100,-0.004528931785778845,-0.004518691639026184
2024-07-18,2951.143,2978.092,2937.905,2977.133,27802266500,0.0048074263781821,0.004819000592334088
2024-07-19,2963.514,2986.243,2955.12,2982.309,28093241300,0.0017370758206949333,0.00173858541086358
2024-07-22,2978.193,2978.601,2946.561,2964.216,27874955900,-0.006085253432017268,-0.0060667757767556285
2024-07-23,2960.5,2960.5,2915.368,2915.369,29629599400,-0.016616180860578922,-0.016478893575906706
2024-07-24,2909.152,2922.03,2894.289,2901.952,30611885300,-0.0046127844037906485,-0.004602161853267894
2024-07-25,2891.892,2897.767,2872.85,2886.742,27463950000,-0.005255083444776432,-0.005241299649339504
2024-07-26,2885.995,2899.116,2875.396,2890.897,27838753600,0.0014383040256733537,0.0014393388809945673
2024-07-29,2889.473,2898.951,2878.583,2891.845,25689972700,0.00032787214386953423,0.00032792589981589515
2024-07-30,2885.215,2885.215,2865.149,2879.3,26247883700,-0.004347497683436785,-0.004338060995661808
2024-07-31,2877.541,2940.593,2876.301,2938.749,41272341700,0.02043677154184209,0.02064703226478648
2024-08-01,2940.12,2947.877,2928.826,2932.387,34662113700,-0.0021672134626395945,-0.0021648667511242614
2024-08-02,2913.02,2931.259,2902.72,2905.338,31220503900,-0.009267032474343573,-0.009224225861047652
2024-08-05,2889.363,2919.025,2860.698,2860.698,35554057200,-0.015484083655359804,-0.015364821580139854
2024-08-06,2878.651,2888.201,2845.335,2867.284,29730080300,0.002299589245319922,0.0023022353285806485
2024-08-07,2864.01,2886.942,2857.725,2869.834,26309715000,0.0008889481331646465,0.000889343364661288
2024-08-08,2864.758,2886.399,2850.875,2869.901,28912863200,2.3346025558090844e-05,2.3346298078541494e-05
2024-08-09,2879.873,2887.849,2862.194,2862.194,28425391600,-0.002689070800178328,-0.002685458487940884
2024-08-12,2858.895,2869.269,2851.295,2858.205,24424137100,-0.0013946581861068452,-0.0013936861023396974
2024-08-13,2860.41,2867.946,2845.31,2867.946,23167460100,0.0034022886914666373,0.003408083045127963
2024-08-14,2866.243,2866.243,2850.401,2850.654,21788517000,-0.0060476524685224575,-0.006029402227238578
2024-08-15,2844.201,2889.087,2839.388,2877.358,27190000000,0.009324070363815551,0.009367674926525682
2024-08-16,2877.94,2888.675,2873.06,2879.43,26365344100,0.0007198458895727455,0.0007201050408047749
2024-08-19,2877.954,2905.155,2877.771,2893.674,26168773000,0.004934617115496032,0.004946812389952315
2024-08-20,2895.551,2896.519,2855.329,2866.661,26365800200,-0.00937903716338262,-0.009335191179103086
2024-08-21,2858.939,2863.891,2848.151,2856.584,22920002700,-0.0035214324787098406,-0.003515239506868828
2024-08-22,2856.2,2861.607,2845.502,2848.772,24539941500,-0.0027384811331776504,-0.002734734914149217
2024-08-23,2844.77,2860.733,2839.337,2854.368,22669256500,0.0019624283450552227,0.001964355167770604
2024-08-26,2855.474,2860.655,2844.383,2855.52,22735152300,0.00040351054718801294,0.00040359196851991186
2024-08-27,2850.877,2853.78,2843.158,2848.731,23069300600,-0.0023803311619801093,-0.002377500420238654
2024-08-28,2844.327,2852.562,2830.962,2837.429,22873062300,-0.0039752714955554325,-0.003967380563486
2024-08-29,2829.451,2831.431,2815.383,2823.106,27751053400,-0.005060663194566217,-0.005047879612141815
2024-08-30,2819.65,2867.965,2817.014,2842.214,39751697500,0.006745628651759539,0.00676843164939589
2024-09-02,2832.35,2839.278,2810.374,2811.035,34071419300,-0.011030582993322824,-0.0109699691859938
2024-09-03,2809.173,2814.903,2794.911,2802.979,27573613900,-0.0028699627502035696,-0.002865848344115296
2024-09-04,2786.505,2800.607,2781.935,2784.278,25745350000,-0.006694186372998345,-0.006671830220633113
2024-09-05,2785.264,2796.019,2777.471,2788.314,24204094800,0.0014485182858159362,0.00144956789515982
2024-09-06,2791.765,2804.093,2765.639,2765.807,25364537500,-0.008104657136001059,-0.00807190294923743
2024-09-09,2754.724,2756.556,2726.967,2736.488,26146884700,-0.010657108529826154,-0.010600522740740748
2024-09-10,2737.881,2750.118,2718.627,2744.192,26215901500,0.0028113318325839742,0.002815287331791705
2024-09-11,2732.731,2732.731,2710.621,2721.795,24226490000,-0.008195089138500755,-0.0081616009375437
2024-09-12,2722.138,2734.683,2716.555,2717.123,24008431500,-0.0017179891842875605,-0.0017165142856093718
2024-09-13,2718.986,2728.78,2703.369,2704.09,25127003800,-0.004808158288000186,-0.004796617598835207
2024-09-18,2705.345,2724.114,2689.695,2717.281,24781713200,0.004866306338842996,0.0048781660373729
2024-09-19,2723.205,2747.74,2697.776,2736.022,31520838900,0.006873292674319131,0.006896967961723455
2024-09-20,2734.228,2741.155,2717.945,2736.814,28564462700,0.00028942946784038526,0.00028947135658996537
2024-09-23,2735.39,2760.48,2731.357,2748.918,25764215400,0.004412909577988344,0.004422660801939982
2024-09-24,2770.754,2863.152,2761.372,2863.126,47761954500,0.040706655218050614,0.04154652848866358
2024-09-25,2901.419,2952.451,2889.048,2896.306,56825981600,0.011522096997428122,0.011588732036242888
2024-09-26,2893.745,3000.953,2889.014,3000.953,57631926100,0.03549377296444867,0.03613119608218196
2024-09-27,3049.103,3087.529,3017.445,3087.529,49228716300,0.028441189733131367,0.028849502141486294
2024-09-30,3194.722,3358.588,3153.697,3336.497,110233791700,0.07755035959277379,0.08063665150999388
2024-10-08,3674.405,3674.405,3372.187,3489.775,131346019500,0.044915810006711965,0.04593979853720831
2024-10-09,3427.22,3437.157,3249.159,3258.858,99275725600,-0.0684604369636137,-0.06616959546102541
2024-10-10,3277.692,3379.805,3228.125,3301.926,83450025700,0.013129107328200718,0.013215672484041985
2024-10-11,3287.873,3297.752,3187.988,3217.738,60602743300,-0.025827306360174163,-0.025496634388535666
2024-10-14,3241.428,3294.62,3203.901,3284.323,63146685900,0.02048191419097023,0.020693108015630957
2024-10-15,3265.746,3285.215,3201.292,3201.292,56605455800,-0.025606064096821868,-0.02528100920646359
2024-10-16,3169.169,3236.848,3167.736,3202.948,51581399700,0.0005171573947588826,0.0005172911437008043
2024-10-17,3220.733,3241.568,3169.384,3169.384,52861177200,-0.010534388475633705,-0.010479096132687715
2024-10-18,3165.975,3313.978,3152.821,3261.563,69301462300,0.028669281093272048,0.029084200589136522
2024-10-21,3276.06,3300.664,3239.097,3268.11,66815029900,0.002005307829023195,0.002007319803419394
2024-10-22,3263.822,3294.961,3255.138,3285.867,57491378100,0.005418707892621555,0.005433415643904205
2024-10-23,3285.247,3331.082,3277.066,3302.803,65044412800,0.005140957826313297,0.005154195224578384
2024-10-24,3287.824,3292.945,3266.882,3280.263,51982707400,-0.006847899772534305,-0.006824506335981861
2024-10-25,3280.762,3319.357,3276.13,3299.7,59565170700,0.005907953140640743,0.005925439515063191
2024-10-28,3300.463,3322.198,3279.715,3322.198,67237313100,0.006795056814898004,0.006818195593538912
2024-10-29,3328.089,3340.458,3284.211,3286.407,72532615400,-0.010831741323846344,-0.010773289250068707
2024-10-30,3273.642,3291.68,3244.806,3266.238,66901809000,-0.00615600683216222,-0.006137097444108508
2024-10-31,3267.975,3295.742,3252.39,3279.824,78464909400,0.0041508985118632324,0.004159525423438337
2024-11-01,3275.577,3305.318,3258.735,3272.014,85205532000,-0.002384064959843002,-0.0023812253340422807
2024-11-04,3275.679,3310.207,3263.842,3310.207,66507745400,0.011605027737964235,0.011672627317609097
2024-11-05,3306.81,3386.987,3302.047,3386.987,82112490200,0.02293001042544951,0.023194924063661304
2024-11-06,3395.222,3420.999,3367.081,3383.806,89585593000,-0.0009396241279393536,-0.0009391828194202922
2024-11-07,3359.985,3470.661,3356.258,3470.661,95955668000,0.0253439542359839,0.025667842660010765
2024-11-08,3502.133,3509.818,3443.193,3452.297,96403456200,-0.0053052591312550135,-0.005291211097828374
2024-11-11,3432.367,3471.122,3416.727,3470.066,81802543600,0.005133807350640396,0.0051470079196545004
2024-11-12,3469.891,3489.424,3402.042,3421.97,81792652400,-0.013957205322263633,-0.013860255107539743
2024-11-13,3406.916,3442.298,3404.525,3439.278,67366234800,0.005045157007172563,0.005057905241717453
2024-11-14,3429.505,3441.775,3376.153,3379.839,63155669000,-0.017433490411367103,-0.01728240636552203
2024-11-15,3369.809,3391.32,3330.726,3330.726,63028558300,-0.014637776976442751,-0.014531165537766677
2024-11-18,3344.69,3386.903,3309.008,3323.849,74395069200,-0.0020668494826896477,-0.0020647150200886477
2024-11-19,3324.883,3346.758,3284.133,3346.01,62502415100,0.006645142438115315,0.006667270384424828
2024-11-20,3337.678,3375.248,3333.002,3367.989,56615428900,0.0065472391381700135,0.006568719161030634
2024-11-21,3362.944,3378.518,3348.855,3370.404,53033183000,0.0007167881432259549,0.0007170450972375786
2024-11-22,3368.043,3372.003,3267.192,3267.192,63068779000,-0.03110171807933071,-0.030623035102023355
2024-11-25,3274.884,3285.456,3232.918,3263.76,53889739000,-0.0010509954187121195,-0.0010504433164625349
2024-11-26,3256.858,3285.328,3252.866,3259.757,47221930400,-0.0012272522635949912,-0.001226499497512079
2024-11-27,3250.591,3309.881,3227.355,3309.779,51120230300,0.015228767065249116,0.01534531561708441
2024-11-28,3308.28,3319.256,3290.364,3295.698,51195304700,-0.00426343815263408,-0.004254362602457817
2024-11-29,3295.21,3357.501,3293.69,3326.456,58022710200,0.00928949136104329,0.009332772602343997
2024-12-02,3328.482,3369.303,3323.009,3363.982,66847776200,0.011217918326758891,0.01128107511417542
2024-12-03,3366.285,3386.618,3348.374,3378.806,66303013900,0.004397001324512928,0.004406682318752075
2024-12-04,3376.572,3388.024,3352.943,3364.65,62102886200,-0.004198446848002746,-0.004189645691406896
2024-12-05,3353.057,3377.055,3353.057,3368.855,54388574600,0.001248978220592889,0.0012497585187165594
2024-12-06,3370.941,3418.261,3364.206,3404.076,69818657200,0.010400613115791657,0.010454887491447407
2024-12-09,3402.629,3426.645,3385.959,3402.534,69490520500,-0.00045308899037266315,-0.0004529863610565066
2024-12-10,3490.289,3494.867,3417.765,3422.661,79466803400,0.005897870564254504,0.005915297246111173
2024-12-11,3416.087,3437.81,3416.087,3432.49,68154461000,0.0028676266169931353,0.002871742191236537
2024-12-12,3432.279,3464.116,3425.976,3461.5,70009668900,0.008416075808675316,0.008451590536316278
2024-12-13,3442.926,3442.926,3390.754,3391.878,77746414400,-0.02031827083424531,-0.020113245702729987
2024-12-16,3390.083,3401.926,3376.536,3386.331,62557899600,-0.0016367159048336077,-0.001635377215807865
2024-12-17,3381.814,3396.207,3357.769,3361.485,56894150500,-0.007364193773485184,-0.007337144537849394
2024-12-18,3371.296,3396.46,3371.296,3382.208,51252497900,0.006145910031616353,0.006164834886962067
2024-12-19,3355.904,3377.532,3346.469,3370.033,51390906300,-0.003606214053801793,-0.003599719473196261
2024-12-20,3364.481,3390.618,3362.819,3368.069,49096462100,-0.0005829534950994031,-0.0005827836107242801
2024-12-23,3367.904,3384.992,3348.277,3351.257,55674724800,-0.0050040837673979155,-0.004991584198542176
2024-12-24,3353.535,3394.904,3352.947,3393.528,47199267300,0.012534588857159079,0.012613476077782071
2024-12-25,3395.107,3406.213,3374.011,3393.35,47131559200,-5.245416229371358e-05,-5.2452786598489176e-05
2024-12-26,3389.338,3401.095,3380.255,3398.077,42217727100,0.0013920493479009366,0.0013930186983366344
2024-12-27,3397.294,3418.952,3388.322,3400.142,50048813000,0.0006075120744153395,0.0006076966472505774
2024-12-30,3395.396,3412.841,3394.965,3407.326,45526238300,0.002110623999083572,0.0021128529337892665
2024-12-31,3406.965,3413.455,3351.763,3351.763,50273106200,-0.016441343392052943,-0.016306922202336982
2025-01-02,3347.939,3351.722,3242.087,3262.561,56137519900,-0.026974006270881645,-0.026613456858375684
2025-01-03,3267.077,3273.566,3205.776,3211.43,51759201400,-0.015796148982090585,-0.015672044139557917
2025-01-06,3209.783,3219.488,3185.463,3206.923,43097840300,-0.0014044103653354512,-0.0014034246426046781
2025-01-07,3203.307,3230.853,3190.461,3229.644,40966052900,0.007060003997390041,0.007084984578675568
2025-01-08,3218.858,3246.291,3175.725,3230.168,47286439000,0.00016223382387892116,0.00016224698449751607
2025-01-09,3220.721,3228.973,3205.91,3211.393,38294355700,-0.0058293488694936,-0.005812391182130505
2025-01-10,3211.707,3220.107,3168.524,3168.524,40366334800,-0.013438935081532932,-0.01334903576111679
2025-01-13,3148.826,3172.7,3140.978,3160.755,37274202300,-0.0024549412031937834,-0.00245193029940749
2025-01-14,3165.161,3245.22,3159.432,3240.94,46921270400,0.025052488071708012,0.025368938750393477
2025-01-15,3234.715,3245.904,3222.236,3227.117,40472319900,-0.004274242185722699,-0.0042651206131554265
2025-01-16,3239.026,3265.282,3217.097,3236.032,43065553900,0.002758718901262114,0.002762527667884429
2025-01-17,3226.762,3256.507,3219.773,3241.821,38359926000,0.0017873210587175947,0.0017889192690305755
2025-01-20,3256.149,3268.263,3238.121,3244.378,40333794800,0.0007884433186404749,0.0007887542217785981
2025-01-21,3256.833,3258.61,3229.069,3242.623,38458371800,-0.0005410820941182948,-0.0005409357356017663
2025-01-22,3235.493,3235.501,3203.38,3213.624,36481751800,-0.008983297887192876,-0.008943068620681505
2025-01-23,3237.599,3273.52,3229.572,3230.164,45824680300,0.005133637644474831,0.005146837340024968
2025-01-24,3222.877,3260.011,3221.712,3252.626,39865303300,0.006929760145959918,0.006953826493020232
2025-01-27,3256.614,3274.392,3250.601,3250.601,38746764200,-0.0006227677629730977,-0.0006225738833791628
2025-02-05,3270.16,3271.022,3220.279,3229.488,40638818100,-0.006516291584389933,-0.006495106597210865
2025-02-06,3226.575,3271.427,3225.846,3270.659,46084273000,0.012667882918883322,0.01274846043707245
2025-02-07,3269.227,3324.428,3262.509,3303.667,60055845100,0.010041569997550681,0.010092155739867659
2025-02-10,3308.04,3325.356,3299.243,3322.17,54658974900,0.005585120218881912,0.0056007460800377995
2025-02-11,3323.669,3324.173,3304.444,3318.057,51194354100,-0.0012388132291274445,-0.001238046216780031
2025-02-12,3312.257,3346.385,3310.39,3346.385,51343782800,0.008501288062722878,0.008537526630796322
2025-02-13,3343.235,3359.181,3332.483,3332.483,56863116100,-0.004162986924530543,-0.004154333706372748
2025-02-14,3328.483,3349.084,3322.529,3346.724,53233296500,0.0042642851404384174,0.004273390141825262
2025-02-17,3355.417,3357.121,3333.195,3355.83,58954656900,0.0027171748567784704,0.0027208697221521305
2025-02-18,3348.983,3366.012,3314.301,3324.491,56267924000,-0.009382552096916186,-0.009338673293939226
2025-02-19,3320.78,3352.087,3320.581,3351.539,50291296500,0.008103063646109021,0.008135982320301105
2025-02-20,3347.589,3355.557,3338.034,3350.783,50435711400,-0.00022559345946149278,-0.00022556801517159553
2025-02-21,3356.695,3381.058,3339.026,3379.113,60819020600,0.008419199150342394,0.00845474028010762
2025-02-24,3374.081,3384.811,3355.869,3373.028,59818820300,-0.0018023917590923588,-0.0018007684265072266
2025-02-25,3345.653,3369.558,3337.845,3346.04,52757856200,-0.008033300194792758,-0.008001119468916351
2025-02-26,3351.209,3380.214,3351.209,3380.214,55399203100,0.010161464034371903,0.010213267026096595
2025-02-27,3378.449,3388.781,3353.571,3388.062,57581502000,0.0023190554041292444,0.0023217464929734533
2025-02-28,3374.664,3383.191,3318.716,3320.897,56831950400,-0.020023149345252733,-0.01982401738811157
2025-03-03,3328.396,3349.017,3304.593,3316.925,50241786200,-0.0011967782426474116,-0.0011960623891676958
2025-03-04,3300.498,3327.824,3297.53,3324.21,42999611100,0.0021939029765309925,0.002196311342583801
2025-03-05,3324.696,3342.714,3314.148,3341.965,46095269600,0.005326905454632325,0.0053411186417224865
2025-03-06,3353.57,3387.054,3348.684,3381.098,53999270900,0.011641551465357836,0.011709578047645497
2025-03-07,3373.181,3390.944,3363.929,3372.546,51766355100,-0.0025325600730337072,-0.0025293558483072687
2025-03-10,3373.259,3375.798,3347.186,3366.163,45038083200,-0.0018944287129709636,-0.001892635415499111
2025-03-11,3335.439,3379.829,3334.831,3379.828,44846832300,0.004051300599227758,0.00405951821109074
2025-03-12,3385.685,3392.409,3370.22,3371.924,50219510000,-0.0023413192933219307,-0.002338580543151947
2025-03-13,3371.095,3377.118,3341.118,3358.729,51901347900,-0.00392087273081998,-0.003913196145583386
2025-03-14,3361.686,3421.233,3360.606,3419.562,58266338800,0.01794984409538536,0.018111910785300056
2025-03-17,3430.809,3436.352,3422.462,3426.129,51568513800,0.0019185797356033873,0.0019204213873005305
2025-03-18,3434.565,3437.065,3423.301,3429.759,45491606300,0.001058943885666963,0.0010595047647068423
2025-03-19,3424.173,3439.046,3414.593,3426.429,44031629900,-0.0009713853417796514,-0.0009709136997672063
2025-03-20,3425.216,3427.045,3404.662,3408.948,45163068200,-0.005114871677553978,-0.005101812995395583
2025-03-21,3401.759,3414.709,3355.84,3364.831,52086263000,-0.013026000346462396,-0.012941529175569677
2025-03-24,3364.834,3373.694,3340.238,3370.028,51331026000,0.0015433139822302877,0.0015445055041396483
2025-03-25,3370.001,3379.988,3361.046,3369.976,45635739300,-1.5430257905180156e-05,-1.5430138859295894e-05
2025-03-26,3365.666,3382.342,3365.666,3368.697,42853377000,-0.0003795999643720904,-0.0003795279254213968
2025-03-27,3362.712,3394.035,3351.174,3373.749,41477631400,0.001498566231139975,0.0014996896426124895
2025-03-28,3372.039,3375.053,3346.081,3351.307,41228428900,-0.006674169941680574,-0.006651947136553482
2025-03-31,3343.344,3361.742,3317.738,3335.746,47257197800,-0.004654076493233461,-0.004643263061247405
2025-04-01,3340.712,3357.622,3338.779,3348.435,42258867000,0.0037967299936454424,0.0038039467033761376
2025-04-02,3344.171,3361.134,3343.116,3350.127,35012736400,0.0005051830634652532,0.0005053106899193249
2025-04-03,3319.606,3358.426,3319.606,3342.008,40051782700,-0.0024264316196358493,-0.002423490213953161
2025-04-07,3193.102,3217.782,3040.693,3096.576,66219958400,-0.07627483901191567,-0.07343848369004502
2025-04-08,3094.262,3145.549,3085.123,3145.549,66224238700,0.01569145278158146,0.01581521009011233
2025-04-09,3110.01,3186.81,3070.078,3186.81,68479717400,0.013031978746985473,0.013117265062474015
2025-04-10,3227.836,3239.941,3201.571,3223.638,59120827300,0.011490118998606746,0.011556383970177109
2025-04-11,3219.505,3249.854,3211.35,3238.227,47553180400,0.004515422339514075,0.0045256322204911825
2025-04-14,3251.978,3272.72,3244.733,3262.808,47137322000,0.007562216521812104,0.007590882294539636
2025-04-15,3260.685,3268.985,3246.337,3267.662,39666289500,0.0014865701531121545,0.0014876756462531837
2025-04-16,3267.665,3276.005,3233.791,3276.004,42953485400,0.0025496425150848268,0.0025528956177229833
2025-04-17,3261.718,3285.915,3258.145,3280.341,38201269800,0.0013229934155667422,0.0013238689574248674
2025-04-18,3270.353,3283.09,3262.392,3276.73,35883619300,-0.0011014065167334053,-0.0011008001911996246
2025-04-21,3273.138,3298.64,3270.013,3291.434,37930758800,0.004477362186440459,0.004487400548717879
2025-04-22,3289.166,3311.153,3288.332,3299.757,40316761500,0.0025254933209346575,0.0025286850655368287
2025-04-23,3308.151,3312.192,3293.063,3296.355,41163321200,-0.0010315168395109708,-0.0010309850088960903
2025-04-24,3295.149,3313.509,3286.236,3297.288,39284474900,0.0002829998549280788,0.00028303990316569383
2025-04-25,3300.392,3305.262,3288.755,3295.06,41104319200,-0.0006759352160496945,-0.0006757068233045338
2025-04-28,3292.056,3296.932,3279.877,3288.415,41066586300,-0.0020186914225668318,-0.0020166552354130562
2025-04-29,3281.445,3294.982,3277.627,3286.655,38896167200,-0.0005353555299141277,-0.000535212252711359
2025-04-30,3284.081,3292.2,3277.55,3279.031,43579433500,-0.00232237832471327,-0.002319683690560792
2025-05-06,3295.25,3316.448,3286.989,3316.114,47436961700,0.01124566353203349,0.011309133704438867
2025-05-07,3354.974,3356.688,3324.809,3342.665,51115960600,0.007974777572188785,0.008006660808403954
2025-05-08,3331.205,3359.731,3327.902,3351.996,42837776600,0.002787596277798343,0.002791485237078728
2025-05-09,3350.405,3351.22,3335.127,3341.999,39890919100,-0.002986858350567445,-0.0029824021269716505
2025-05-12,3352.97,3372.472,3344.269,3369.245,41823991000,0.008119552705101896,0.008152605671037039
2025-05-13,3386.234,3386.234,3370.252,3374.871,42624070000,0.0016684177155479318,0.0016698102987464658
2025-05-14,3374.235,3417.314,3368.078,3403.948,46493444100,0.008578833076951398,0.008615736720010814
2025-05-15,3398.427,3402.866,3378.021,3380.821,42410091600,-0.006817355040809048,-0.006794169593660082
2025-05-16,3374.706,3380.29,3356.661,3367.462,39540103000,-0.003959234504772979,-0.003951407069466284
2025-05-19,3365.882,3373.599,3356.648,3367.583,40307480500,3.593146000113734e-05,3.593210554431181e-05
2025-05-20,3371.689,3387.804,3369.963,3380.478,40554453400,0.003821843251234469,0.0038291558069987186
2025-05-21,3380.209,3394.754,3380.209,3387.574,41249616500,0.0020969113712823173,0.002099111427437128
2025-05-22,3381.865,3390.593,3376.233,3380.189,39421720600,-0.002182405894286532,-0.00218002617802604
2025-05-23,3376.869,3389.469,3348.372,3348.372,40022700400,-0.009457367525426363,-0.009412787273137657
2025-05-26,3346.561,3362.307,3336.355,3346.839,34756210100,-0.00045793927235315834,-0.0004578344341668039
2025-05-27,3346.503,3351.572,3332.49,3340.687,34407115700,-0.0018398438332454248,-0.0018381523580907055
2025-05-28,3341.852,3348.234,3336.727,3339.932,34155544300,-0.00022602696044060622,-0.00022600141827122666
2025-05-29,3340.401,3368.633,3337.415,3363.446,39323380600,0.007015596149805958,0.007040263095176913
2025-05-30,3358.809,3361.275,3341.648,3347.487,38560217000,-0.004756128569221474,-0.004744836099643046
2025-06-03,3340.067,3366.997,3340.067,3361.976,39806077200,0.004318981272469102,0.0043283215140192954
2025-06-04,3363.391,3379.64,3363.391,3376.203,38649464300,0.0042228089047355866,0.004231737525788315
2025-06-05,3378.217,3387.765,3371.146,3384.099,40625209300,0.0023359913774889662,0.002338721931116172
2025-06-06,3384.295,3391.451,3379.764,3385.358,38012288600,0.0003719648457813918,0.0003720340332833416
2025-06-09,3388.778,3402.05,3383.074,3399.772,42734794700,0.004248709069063494,0.004257747629645037
2025-06-10,3402.013,3406.452,3365.667,3384.816,48161856800,-0.004408823122604488,-0.00439911852912489
2025-06-11,3385.457,3413.513,3385.457,3402.316,42409031300,0.005156828769875332,0.005170148096676375
2025-06-12,3397.972,3408.205,3388.866,3402.658,40949061000,0.00010051471182492833,0.00010051976359637393
2025-06-13,3397.484,3401.553,3370.592,3376.996,51006522100,-0.007570333989677991,-0.007541751183927303
2025-06-16,3369.366,3389.756,3368.876,3388.729,40538327800,0.0034683679167901715,0.0034743896646605155
2025-06-17,3388.18,3393.313,3376.42,3387.405,39001244700,-0.0003907833041214559,-0.0003907069582724798
2025-06-18,3386.136,3391.709,3369.986,3388.809,37868489100,0.0004143906966600497,0.00041447656834647795
2025-06-19,3384.293,3386.919,3353.936,3362.108,41532765500,-0.007910374022449318,-0.007879169348287252
2025-06-20,3358.913,3370.798,3357.706,3359.895,35022366200,-0.0006584347195186524,-0.0006582179989459425
2025-06-23,3349.46,3389.452,3347.651,3381.582,38456139700,0.0064339238453960945,0.006454665994026554
2025-06-24,3380.08,3423.784,3380.08,3420.566,46096380000,0.011462387125190432,0.011528332005552366
2025-06-25,3419.091,3459.009,3417.411,3455.974,50938406400,0.01029829330795451,0.010351503230751957
2025-06-26,3451.719,3462.752,3446.186,3448.453,49654107700,-0.0021786030831378866,-0.002176231649890892
2025-06-27,3450.686,3462.627,3421.04,3424.227,52312943200,-0.007049971871287752,-0.007025179116548763
2025-06-30,3423.474,3447.46,3420.112,3444.426,45734804900,0.00588151948494442,0.005898849579773824
2025-07-01,3445.846,3459.587,3441.038,3457.747,44435673900,0.0038599486101986713,0.003867407806119161
2025-07-02,3458.171,3461.328,3447.956,3454.792,49811677600,-0.0008549681036154055,-0.0008546027225242447
2025-07-03,3456.152,3463.62,3446.974,3461.151,43854346500,0.0018389399079818958,0.0018406317949097861
2025-07-04,3459.592,3497.225,3455.494,3472.319,50019521000,0.003221477747327839,0.0032266722832954287
2025-07-07,3467.985,3474.801,3462.792,3473.127,43663134000,0.00023267044438846085,0.00023269751425480933
2025-07-08,3474.632,3499.886,3474.632,3497.475,49348477300,0.0069859386669595125,0.007010397258723877
2025-07-09,3498.724,3512.669,3491.201,3493.05,52392008800,-0.0012659995039037142,-0.0012651984646064873
2025-07-10,3491.497,3526.59,3491.497,3509.682,56415980500,0.004750155017685387,0.004761454888993821
2025-07-11,3511.366,3555.218,3506.799,3510.177,66418524900,0.00014102847388208772,0.00014103841886536905
2025-07-14,3513.252,3532.118,3513.252,3519.65,57208470500,0.002695089291368191,0.002698724309343925
2025-07-15,3519.805,3527.038,3483.38,3504.999,57207472600,-0.004171317668346219,-0.004162629806941154
2025-07-16,3502.899,3511.806,3489.137,3503.777,47087857800,-0.00034870568338263297,-0.00034864489262331766
2025-07-17,3500.372,3517.285,3499.186,3516.826,47221105600,0.003717348788034869,0.0037242666984800277
2025-07-18,3519.475,3536.014,3518.231,3534.483,49348408800,0.005008158600210422,0.005020720388213773
2025-07-21,3542.816,3560.629,3542.568,3559.791,63364973600,0.0071347983907266155,0.007160311706124967
2025-07-22,3561.632,3584.719,3547.252,3581.861,71615523000,0.006180662473388665,0.006199802179397418
2025-07-23,3588.878,3613.022,3577.594,3582.298,76767238800,0.0001219961758369692,0.0001220036176725614
2025-07-24,3578.912,3608.728,3577.113,3605.727,77326583500,0.0065189208358304995,0.006540215247307746
2025-07-25,3604.451,3610.029,3586.22,3593.655,69718954900,-0.003353624328942928,-0.0033480072118603488
2025-07-28,3594.231,3606.274,3582.149,3597.937,59418787700,0.001190835215908237,0.0011915445416990078
2025-07-29,3595.81,3611.353,3585.944,3609.711,61064205800,0.003267088091105208,0.0032724308402287683
2025-07-30,3608.354,3636.166,3593.734,3615.717,63722191600,0.001662462454341096,0.001663845111146145
2025-07-31,3604.696,3606.374,3562.607,3573.208,65450934900,-0.011826384460313477,-0.011756727642124654
2025-08-01,3568.261,3581.746,3550.043,3559.952,50956308000,-0.0037167301055767155,-0.0037098316134968057
2025-08-04,3547.163,3583.309,3547.163,3583.309,45857361800,0.006539613557857038,0.0065610435196878925
2025-08-05,3588.808,3617.598,3586.969,3617.598,49979778000,0.00952359450386453,0.009569088236599077
2025-08-06,3615.808,3634.314,3613.989,3633.995,51246727300,0.004522324390006105,0.0045325655310513024
2025-08-07,3637.781,3645.117,3622.522,3639.667,53550120200,0.0015595998685924428,0.0015608166769629506
2025-08-08,3634.855,3645.367,3625.451,3635.128,52640757200,-0.0012478703768294963,-0.001247092110349568
2025-08-11,3637.053,3656.852,3629.627,3647.547,55139334800,0.003410563299361513,0.003416385887924589
2025-08-12,3647.963,3669.038,3647.963,3665.918,53662373900,0.005023894594307521,0.005036535512770612
2025-08-13,3668.658,3688.628,3666.547,3683.465,61352888400,0.004775103798959179,0.004786522775468427
2025-08-14,3685.522,3704.772,3662.57,3666.443,64782958700,-0.004631902993407877,-0.004621192274122277
2025-08-15,3659.815,3702.255,3658.376,3696.771,67852170300,0.008237753651089363,0.0082717773056884
2025-08-18,3712.495,3745.939,3702.38,3728.027,77601666900,0.008419403365614642,0.008454946221986726
2025-08-19,3728.485,3746.669,3718.147,3727.288,69609975000,-0.00019824782787125628,-0.00019822817806847137
2025-08-20,3716.685,3767.43,3704.991,3766.21,67983642600,0.010388299303579984,0.010442445016322965
2025-08-21,3770.676,3787.981,3757.992,3771.099,69155295900,0.0012972801528121636,0.0012981219847008063
2025-08-22,3772.277,3825.759,3772.277,3825.759,69813627700,0.014390408051237813,0.014494448435323548
2025-08-25,3848.163,3883.562,3839.972,3883.562,88547480200,0.014995894764021855,0.015108897345598615
2025-08-26,3871.471,3888.599,3859.758,3868.382,73456530500,-0.003916441966872242,-0.003908782710305592
2025-08-27,3869.612,3887.198,3800.35,3800.35,85863349900,-0.017743164009228707,-0.017586680943092015
2025-08-28,3796.711,3845.087,3761.422,3843.597,78835194700,0.011315479148338525,0.011379741339613503
2025-08-29,3842.823,3867.606,3839.206,3857.927,73946236600,0.003721345681013233,0.003728278484971259
2025-09-01,3869.746,3879.045,3853.658,3875.53,74770953600,0.004552435062700866,0.004562813137729105
2025-09-02,3877.086,3885.315,3828.678,3858.133,76261883300,-0.004499039936160187,-0.004488934416712165
2025-09-03,3865.286,3868.388,3794.884,3813.557,64566851000,-0.011621038300335229,-0.011553774843946596
2025-09-04,3807.757,3808.396,3732.84,3765.876,71022793300,-0.012581845898369082,-0.012503025390730893
2025-09-05,3761.88,3817.159,3745.309,3812.514,62622338000,0.012308310546679024,0.01238436953314448
2025-09-08,3811.669,3833.143,3803.603,3826.841,66006689800,0.003750844618952698,0.003757887839887175
2025-09-09,3816.657,3834.671,3791.724,3807.292,60023938000,-0.005121483403595306,-0.005108390967902721
2025-09-10,3806.584,3826.996,3794.057,3812.221,53453982500,0.0012937836545567905,0.00129462095368571
2025-09-11,3806.056,3875.309,3796.435,3875.309,61701293000,0.01641344263372524,0.016548883183844953
2025-09-12,3875.507,3892.738,3866.539,3870.598,70064178400,-0.0012163844933503754,-0.0012156449975989636
2025-09-15,3876.097,3879.737,3855.973,3860.504,64479394400,-0.0026112721668134498,-0.0026078657613113343
2025-09-16,3865.98,3876.69,3838.648,3861.865,67343972300,0.00035248251258046537,0.00035254464183953615
2025-09-17,3854.073,3882.669,3848.946,3876.341,66343471300,0.0037414400409332416,0.0037484479649081415
2025-09-18,3876.059,3899.959,3800.995,3831.656,87602738900,-0.011594581730816955,-0.011527623601741976
2025-09-19,3830.444,3843.17,3811.903,3820.089,68229261300,-0.00302336494771005,-0.0030187991823901195
2025-09-22,3822.01,3831.74,3806.202,3828.576,56832568600,0.0022192117142374457,0.0022216759871300784
2025-09-23,3830.138,3838.606,3774.528,3821.833,70190286800,-0.001762782028020382,-0.001761229240323292
2025-09-24,3804.483,3854.923,3804.328,3853.642,60205667000,0.008288524711597134,0.008322969632634347
2025-09-25,3852.431,3866.106,3840.459,3853.302,58995053100,-8.823211904029904e-05,-8.822822670073727e-05
2025-09-26,3839.855,3856.606,3828.106,3828.106,55127533500,-0.006560279147739934,-0.006538807495493404
2025-09-29,3828.166,3881.002,3809.535,3862.532,60846639900,0.00895276307175763,0.00899295892015517
2025-09-30,3869.705,3887.57,3866.281,3882.777,56973463100,0.005227692298882758,0.005241380524484862
2025-10-09,3898.307,3936.576,3885.744,3933.972,72521850100,0.013098983225743766,0.0131851507310361
2025-10-10,3915.475,3933.005,3886.305,3897.028,71891767300,-0.009435391158943318,-0.009391017526306888
2025-10-13,3800.106,3895.83,3800.106,3889.502,70950610100,-0.0019330824754035802,-0.0019312152748196532
2025-10-14,3910.783,3918.436,3851.121,3865.229,80083963100,-0.00626019890869145,-0.006240644689217367
2025-10-15,3867.536,3912.291,3857.667,3912.21,64501295500,0.012081501752616575,0.012154777892849467
2025-10-16,3900.683,3931.05,3899.167,3916.228,59545149100,0.0010265139361962383,0.0010270409819512771
2025-10-17,3912.04,3921.065,3835.365,3839.755,61756301800,-0.01972038316872826,-0.019527208323927958
2025-10-20,3865.552,3877.722,3850.367,3863.893,54926171200,0.0062666619746050145,0.006286338581497963
2025-10-21,3870.749,3919.318,3868.145,3916.332,59941571300,0.01348027700729304,0.013571545588865863
2025-10-22,3896.074,3918.592,3893.325,3913.758,54311734400,-0.0006574637309952891,-0.0006572476490757095
2025-10-23,3904.159,3926.217,3877.529,3922.41,56518926400,0.0022082230793856183,0.0022106629996030414
2025-10-24,3929.115,3950.312,3928.96,3950.312,56785844300,0.007088302324316231,0.007113483802050347
2025-10-27,3969.22,3999.067,3963.102,3996.945,63758954500,0.011735756178804735,0.011804890347901775
2025-10-28,3986.891,4010.728,3976.833,3988.224,57735768400,-0.0021843002865544747,-0.0021819164386800427
2025-10-29,3990.266,4016.331,3986.941,4016.331,61291746600,0.0070227802840676645,0.0070474978336221294
2025-10-30,4007.821,4025.705,3984.828,3986.901,66848560900,-0.007354561920628555,-0.007327583309244212
2025-10-31,3985.064,3986.743,3951.731,3954.79,67561540600,-0.00808673492638512,-0.008054125246651389
2025-11-03,3954.078,3977.305,3937.022,3976.521,64124594500,0.005479813962365299,0.005494855605481019
2025-11-04,3973.458,3985.882,3938.52,3960.186,61549379200,-0.004116322566819264,-0.004107862123700623
2025-11-05,3922.584,3979.754,3922.584,3969.248,61499161800,0.002285662241511943,0.0022882763587366295
2025-11-06,3973.349,4008.799,3973.349,4007.76,62736754700,0.009655825648319905,0.009702593539128834
2025-11-07,3994.317,4012.005,3993.691,3997.556,59650703400,-0.002549307366827236,-0.0025460606423538534
2025-11-10,4001.794,4018.696,3990.836,4018.597,63404999300,0.005249662356073159,0.005263465977712434
2025-11-11,4023.877,4024.939,3991.516,4002.758,58199492100,-0.003949213215420855,-0.003941425328292558
2025-11-12,3996.565,4020.378,3980.676,4000.14,58619322800,-0.0006542630165693453,-0.0006540490331915505
2025-11-13,3996.514,4030.398,3994.771,4029.501,61303106100,0.007313186444742215,0.007339993100241582
2025-11-14,4007.126,4034.079,3990.307,3990.492,62201711800,-0.009728015381538668,-0.00968085130143903
2025-11-17,3988.556,3992.404,3958.948,3972.035,59201795000,-0.004635973744733235,-0.0046252442054764975
2025-11-18,3962.444,3966.885,3926.589,3939.813,59441104600,-0.008145297571319432,-0.008112214519761185
2025-11-19,3937.92,3960.052,3930.075,3946.742,53114960100,0.0017571681888615132,0.0017587129135316903
2025-11-20,3960.699,3967.971,3927.512,3931.051,53474954000,-0.003983608289837903,-0.0039756842479189425
2025-11-21,3896.665,3912.006,3834.749,3834.891,63164625100,-0.02476580816331797,-0.024461651604112955
2025-11-24,3848.657,3854.331,3816.576,3836.766,50460171600,0.000488812270239336,0.0004889317584255704
2025-11-25,3850.571,3882.03,3845.138,3870.023,47872761100,0.00863062591598407,0.008667977145335515
2025-11-26,3867.429,3879.923,3861.177,3864.184,45758975500,-0.0015099159123455053,-0.0015087765628266636
2025-11-27,3867.197,3895.589,3864.131,3875.259,44402194700,0.002861965017240564,0.002866064348902686
2025-11-28,3870.944,3888.889,3856.25,3888.596,44993197300,0.003435667749837279,0.003441576421085557
2025-12-01,3894.213,3914.464,3890.949,3914.006,53755413300,0.0065132349001029155,0.006534492140608084
2025-12-02,3908.456,3908.769,3888.328,3897.712,45558449400,-0.00417168761861042,-0.004162998217171809
2025-12-03,3894.156,3901.696,3869.953,3878.0,48561727000,-0.00507015749225026,-0.00505732593890984
2025-12-04,3879.742,3888.86,3859.049,3875.793,44504029000,-0.0005692697908230571,-0.0005691077875192851
2025-12-05,3873.121,3907.782,3863.314,3902.808,50036876800,0.006946007030313339,0.006970186488287622
2025-12-08,3909.226,3936.311,3904.738,3924.078,54734978900,0.005435125121449502,0.005449922209854963
2025-12-09,3916.509,3923.899,3902.128,3909.522,52453825600,-0.0037163032967288956,-0.003709406387946479
2025-12-10,3901.128,3906.116,3876.475,3900.496,49733150400,-0.0023113913485151016,-0.0023087221404559655
2025-12-11,3903.895,3904.963,3862.821,3873.318,52565860000,-0.0069922204802459476,-0.0069678317834449555
2025-12-12,3869.413,3891.807,3850.597,3889.346,57394713000,0.00412951604680778,0.00413805424703062
2025-12-15,3865.402,3896.977,3863.63,3867.921,50092279000,-0.0055238667119681395,-0.005508638213211237
2025-12-16,3861.515,3862.427,3815.844,3824.812,51249482700,-0.01120783764696398,-0.011145263825191876
2025-12-17,3822.509,3881.752,3817.996,3870.278,51231369200,0.011817023343244415,0.01188712020355509
2025-12-18,3857.257,3888.285,3856.423,3876.371,46117262500,0.0015730675951513007,0.0015743055150043705
2025-12-19,3878.227,3902.671,3871.777,3890.448,51351189300,0.0036249114120696646,0.0036314893491875555
2025-12-22,3900.535,3920.012,3900.515,3917.364,52293899200,0.006894660533305341,0.006918483424017019
2025-12-23,3919.106,3937.127,3910.745,3919.979,52115695200,0.0006673180176086646,0.0006675407238132536
2025-12-24,3920.347,3947.041,3912.311,3940.947,47489644700,0.005334753113912072,0.005349008247238052
2025-12-25,3937.72,3964.073,3936.078,3959.621,46931309300,0.004727263856391772,0.004738454995715458
2025-12-26,3957.833,3977.706,3945.524,3963.679,55548959200,0.0010243207640296959,0.0010248455597139383
2025-12-29,3964.651,3983.979,3956.946,3965.28,56368719700,0.00040383612066996477,0.00040391767345449026
2025-12-30,3947.871,3979.99,3947.419,3965.116,52593258800,-4.1359851392641644e-05,-4.1358996086038324e-05
2025-12-31,3968.726,3977.536,3955.487,3968.84,49075149000,0.0009387499183208803,0.000939190681937152
2026-01-05,3986.972,4025.263,3983.576,4023.417,59695045500,0.013657681018411694,0.013751373197206096
2026-01-06,4026.016,4083.667,4025.088,4083.667,70247227000,0.014863817684402036,0.014974833580511326
2026-01-07,4083.843,4098.777,4069.436,4085.772,68338435200,0.0005153352749402984,0.0005154680829755343
2026-01-08,4077.715,4093.872,4067.122,4082.979,66613133700,-0.0006838254976404556,-0.0006835917422705062
2026-01-09,4086.762,4121.723,4083.616,4120.426,72983798500,0.009129687027266797,0.009171489738252436
2026-01-12,4134.893,4168.357,4119.879,4165.287,83945608900,0.010828624733337122,0.010887466490115294
2026-01-13,4169.704,4179.702,4126.234,4138.759,86838271700,-0.006389196361242355,-0.006368828846607721
2026-01-14,4138.645,4190.866,4103.621,4126.093,95255128900,-0.0030650300612276027,-0.0030603376519386938
2026-01-15,4106.224,4133.073,4096.85,4112.601,68025079100,-0.0032752793249102297,-0.0032699214486925365
2026-01-16,4127.063,4140.225,4091.811,4101.913,76358846500,-0.0026022248014232474,-0.0025988419494135107
2026-01-19,4090.719,4126.518,4090.057,4114.0,68890587000,0.002942340971754831,0.0029466739055656888
2026-01-20,4116.366,4128.93,4080.294,4113.649,73436249600,-8.532206471478787e-05,-8.531842489056807e-05
2026-01-21,4103.529,4135.959,4103.529,4116.94,66698950700,0.0007996997967918418,0.00080001964192844
2026-01-22,4126.072,4140.838,4109.923,4122.576,70969540900,0.0013680417342474271,0.0013689779302104021
2026-01-23,4130.108,4143.75,4120.204,4136.164,78211545400,0.0032905775604490373,0.003295997454018984
2026-01-26,4144.778,4160.985,4124.7,4132.605,88743973100,-0.0008608295188263781,-0.0008604591113892113
2026-01-27,4125.216,4158.802,4101.83,4139.904,75499086900,0.001764640423859376,0.0017661983180103924
2026-01-28,4150.215,4170.147,4138.019,4151.238,82302674800,0.002734003846496691,0.0027377446433540786
2026-01-29,4155.919,4170.214,4138.299,4157.985,90590837100,0.0016239789166387908,0.0016252982845115227
2026-01-30,4131.993,4152.85,4064.777,4117.948,80434274600,-0.009675600888908065,-0.009628942865354095
2026-02-02,4079.708,4103.407,4013.656,4015.746,73295369800,-0.02513184765949994,-0.02481867182392794
2026-02-03,4043.906,4069.418,4002.782,4067.738,63768424900,0.012863937621839128,0.012947034000656332
2026-02-04,4064.677,4104.621,4062.683,4102.202,67425424400,0.008436831709678572,0.008472522074922217
2026-02-05,4075.025,4088.904,4048.939,4075.917,59672223600,-0.006428150656748954,-0.0064075342949957426
2026-02-06,4040.299,4095.03,4029.973,4065.583,55670980100,-0.0025385999016833694,-0.0025353803818870535
2026-02-09,4103.54,4123.159,4093.056,4123.09,57263258200,0.014045730101596376,0.0141448348244273
2026-02-10,4127.766,4134.338,4117.564,4128.373,52462096900,0.0012805003723261876,0.0012813205629755853
2026-02-11,4124.428,4142.561,4122.428,4131.985,50068527800,0.0008745384232042852,0.0008749209434322225
2026-02-12,4136.99,4140.593,4124.131,4134.018,52937011600,0.0004918943390155306,0.0004920153388747739
2026-02-13,4115.924,4123.844,4079.77,4082.073,50079947200,-0.01264486776828555,-0.012565257335599433
2026-02-24,4129.134,4131.55,4105.937,4117.409,56632224900,0.008619134417877206,0.008656386105784897
2026-02-25,4123.781,4167.844,4122.699,4147.231,72478721400,0.007216800594548545,0.007242904457633426
2026-02-26,4151.068,4152.193,4127.153,4146.631,65170282600,-0.00014468531090727765,-0.00014467484449254275
2026-02-27,4128.897,4166.234,4128.36,4162.882,68204764600,0.00391142554780366,0.003919085156118163
2026-03-02,4151.801,4188.77,4131.368,4182.591,86157921800,0.00472328809676803,0.0047344604050754135
2026-03-03,4189.408,4197.228,4116.011,4122.676,92113917000,-0.014428443883080178,-0.014324852704938107
2026-03-04,4087.632,4106.04,4055.413,4082.474,76516953100,-0.009799289885711104,-0.009751433292356726
2026-03-05,4109.777,4125.617,4090.621,4108.567,68974653500,0.006371128715459307,0.006391467526798644
2026-03-06,4085.895,4129.465,4085.895,4124.194,64676576000,0.0037963008443675506,0.0038035159217313375
2026-03-09,4098.699,4106.534,4052.545,4096.602,79780355600,-0.006712757161333016,-0.006690276936536121
2026-03-10,4098.587,4123.958,4098.587,4123.138,67492219400,0.006456674344303082,0.00647756360027163
2026-03-11,4123.666,4135.839,4112.8,4133.433,70772716900,0.00249377261705952,0.0024968846543580447
2026-03-12,4133.2,4141.649,4103.164,4129.103,78615118200,-0.001048104455190213,-0.001047555385559673
2026-03-13,4117.574,4134.079,4086.847,4095.449,79205476400,-0.008183834896200892,-0.008150438485065692
2026-03-16,4092.249,4096.133,4048.087,4084.786,73222709800,-0.0026070170451806263,-0.0026036217274345574
2026-03-17,4086.295,4108.4,4049.58,4049.907,67877122400,-0.008575422266993371,-0.008538758211568465
2026-03-18,4053.305,4065.373,4023.03,4062.984,62387310200,0.0032237611291403567,0.0032289630354473964
2026-03-19,4028.542,4042.022,3994.165,4006.552,66725542200,-0.013986657959936366,-0.013889299096427554
2026-03-20,4004.573,4022.703,3955.711,3957.053,66679838700,-0.012431464762103772,-0.01235451330720283
2026-03-23,3904.951,3906.622,3794.684,3813.283,80473885000,-0.0370090584031999,-0.03633259397839761
2026-03-24,3849.631,3881.424,3807.994,3881.28,68062203900,0.017674498242646663,0.01783161648374909
2026-03-25,3892.269,3933.061,3891.816,3931.838,68834362600,0.012942004890863501,0.013026115096050894
2026-03-26,3924.962,3937.104,3880.573,3889.084,61597398100,-0.010933346706019975,-0.010873794902028111
2026-03-27,3852.094,3924.108,3852.094,3913.724,56134296300,0.006315696068220689,0.006335682129776643
2026-03-30,3884.277,3924.289,3872.776,3923.287,59558947900,0.0024404724572573144,0.0024434528341803485
2026-03-31,3924.067,3948.811,3891.861,3891.861,60670498300,-0.008042373448425622,-0.008010120085530259
2026-04-01,3939.566,3955.943,3929.921,3948.552,56461159800,0.014461480026566775,0.01456655312201538
2026-04-02,3940.799,3952.576,3900.116,3919.285,54421283500,-0.007439690220184758,-0.007412084227331972
2026-04-03,3927.592,3929.529,3871.3,3880.097,49269908200,-0.0100490858839688,-0.009998762529389804
2026-04-07,3884.151,3902.607,3875.684,3890.165,47361507600,0.0025914198605576644,0.002594780491312454
2026-04-08,3930.251,3994.998,3926.249,3994.998,64413535200,0.02659150540908506,0.026948214278828875
2026-04-09,3967.63,3979.127,3955.246,3966.171,54156980100,-0.007241932934048734,-0.007215773324542374
2026-04-10,3985.464,4011.024,3979.814,3986.225,54641554100,0.005043522105699694,0.005056262072411943
2026-04-13,3971.199,3991.262,3966.198,3988.558,54578176800,0.0005850943070324632,0.0005852655080935687
2026-04-14,4006.727,4026.626,3992.407,4026.626,57025900300,0.00949904237879906,0.009544301474367467
2026-04-15,4039.471,4050.621,4020.904,4027.21,56945858900,0.0001450240608384945,0.00014503457733594516
2026-04-16,4030.138,4057.831,4028.909,4055.547,54587696700,0.007011745150309778,0.007036384991098155
2026-04-17,4043.381,4058.604,4038.429,4051.425,54879140600,-0.0010169025760085049,-0.0010163857057999826
2026-04-20,4053.375,4083.19,4051.685,4082.127,58984137900,0.007549505018628722,0.007578074381236144
2026-04-21,4075.845,4086.637,4062.133,4085.077,57668945000,0.0007224014799405154,0.0007226624747345145
2026-04-22,4074.813,4106.844,4074.68,4106.258,58246634600,0.005171573914983796,0.00518496958564052
2026-04-23,4110.788,4114.844,4070.46,4093.25,67116609200,-0.0031728759610416546,-0.0031678477095203883
2026-04-24,4081.033,4092.613,4061.145,4079.9,60503179800,-0.00326679722568457,-0.003261467049410549
2026-04-27,4074.811,4092.831,4071.08,4086.344,58995086700,0.0015782044566687858,0.001579450476727251
2026-04-28,4076.143,4090.201,4062.872,4078.637,60050749800,-0.0018878187931825607,-0.0018860379840757169
2026-04-29,4061.822,4112.152,4061.822,4107.514,61422145100,0.007055115347482044,0.007080061304793661
2026-04-30,4107.297,4118.755,4100.966,4112.159,65691272800,0.001130215397729728,0.0011308543318415687
2026-05-06,4135.451,4166.147,4129.911,4160.174,70117748000,0.011608705601050318,0.011676348117862334
2026-05-07,4168.447,4180.21,4163.137,4180.092,68557424900,0.004776355542308153,0.004787780511103623
2026-05-08,4163.854,4183.063,4154.246,4179.952,69701909400,-3.3492646691613004e-05,-3.349208581993057e-05
2026-05-11,4201.347,4229.58,4186.082,4225.021,76273628700,0.010724467993842524,0.010782181230789112
2026-05-12,4229.283,4230.184,4199.344,4214.489,71898400200,-0.0024958807957702334,-0.0024927686749959266
2026-05-13,4192.315,4245.068,4192.315,4242.572,70501873900,0.00664133869253547,0.006663441285527316
